datetime_et,date,time,open,high,low,close,volume
2026-08-13 09:30:00,2026-08-13,09:30:00,327.3299865722656,327.8299865722656,325.239990234375,325.6300048828125,966388
2026-08-13 09:31:00,2026-08-13,09:31:00,325.5299987792969,327.95001220703125,325.4110107421875,327.4100036621094,156425
2026-08-13 09:32:00,2026-08-13,09:32:00,327.4349975585937,328.04998779296875,326.79010009765625,327.38018798828125,123883
2026-08-13 09:33:00,2026-08-13,09:33:00,327.3999938964844,328.5899963378906,327.3999938964844,328.17999267578125,141929
2026-08-13 09:34:00,2026-08-13,09:34:00,328.1220092773437,328.75,328.1099853515625,328.5799865722656,151117
2026-08-13 09:35:00,2026-08-13,09:35:00,328.6300048828125,329.5,328.6000061035156,329.32000732421875,236538
2026-08-13 09:36:00,2026-08-13,09:36:00,329.32501220703125,329.510009765625,328.57000732421875,329.08599853515625,142206
2026-08-13 09:37:00,2026-08-13,09:37:00,329.0400085449219,329.7489929199219,328.5899963378906,329.4100036621094,161707
2026-08-13 09:38:00,2026-08-13,09:38:00,329.4200134277344,330.0,329.4150085449219,329.8099975585937,174061
2026-08-13 09:39:00,2026-08-13,09:39:00,329.8099975585937,330.4200134277344,329.2900085449219,330.3500061035156,168748
2026-08-13 09:40:00,2026-08-13,09:40:00,330.376708984375,331.4800109863281,330.3219909667969,331.17999267578125,325626
2026-08-13 09:41:00,2026-08-13,09:41:00,331.1499938964844,331.4849853515625,330.8800048828125,331.0799865722656,175335
2026-08-13 09:42:00,2026-08-13,09:42:00,331.0700988769531,331.69000244140625,330.42999267578125,330.58819580078125,290181
2026-08-13 09:43:00,2026-08-13,09:43:00,330.5799865722656,330.6686096191406,329.3349914550781,329.5,158171
2026-08-13 09:44:00,2026-08-13,09:44:00,329.4849853515625,329.7200012207031,329.1099853515625,329.3900146484375,99803
2026-08-13 09:45:00,2026-08-13,09:45:00,329.3800048828125,329.7300109863281,329.1300048828125,329.2558898925781,111672
2026-08-13 09:46:00,2026-08-13,09:46:00,329.239990234375,330.45001220703125,329.0604858398437,330.3299865722656,152542
2026-08-13 09:47:00,2026-08-13,09:47:00,330.3584899902344,330.3584899902344,329.6549987792969,330.0044860839844,104182
2026-08-13 09:48:00,2026-08-13,09:48:00,330.07000732421875,330.3900146484375,329.8999938964844,330.2049865722656,74849
2026-08-13 09:49:00,2026-08-13,09:49:00,330.1860046386719,330.8399963378906,330.17999267578125,330.7550048828125,95449
2026-08-13 09:50:00,2026-08-13,09:50:00,330.8399963378906,331.8099975585937,330.5899963378906,331.5150146484375,186868
2026-08-13 09:51:00,2026-08-13,09:51:00,331.50201416015625,331.54998779296875,330.75,331.17999267578125,79261
2026-08-13 09:52:00,2026-08-13,09:52:00,331.17999267578125,331.6000061035156,330.7900085449219,331.4849853515625,92316
2026-08-13 09:53:00,2026-08-13,09:53:00,331.4750061035156,331.8800048828125,331.3099975585937,331.8699951171875,124023
2026-08-13 09:54:00,2026-08-13,09:54:00,331.8800048828125,332.5,331.8305053710937,332.4599914550781,250665
2026-08-13 09:55:00,2026-08-13,09:55:00,332.5,332.67999267578125,331.7900085449219,331.8799133300781,182768
2026-08-13 09:56:00,2026-08-13,09:56:00,331.8399963378906,332.9197082519531,331.6199951171875,332.9197082519531,196770
2026-08-13 09:57:00,2026-08-13,09:57:00,332.8949890136719,332.9200134277344,331.92999267578125,332.4533996582031,112795
2026-08-13 09:58:00,2026-08-13,09:58:00,332.4700012207031,333.42999267578125,332.42010498046875,333.07000732421875,250743
2026-08-13 09:59:00,2026-08-13,09:59:00,333.0950012207031,333.3599853515625,332.82000732421875,332.9150085449219,101923
2026-08-13 10:00:00,2026-08-13,10:00:00,332.9200134277344,333.4100036621094,332.5201110839844,333.1700134277344,161166
2026-08-13 10:01:00,2026-08-13,10:01:00,333.1700134277344,333.5599060058594,332.8399963378906,333.17999267578125,129572
2026-08-13 10:02:00,2026-08-13,10:02:00,333.2149963378906,333.25,332.7001953125,333.0199890136719,111184
2026-08-13 10:03:00,2026-08-13,10:03:00,333.031005859375,333.0400085449219,331.9800109863281,332.0299987792969,140915
2026-08-13 10:04:00,2026-08-13,10:04:00,332.1199035644531,332.67999267578125,332.0299987792969,332.5950012207031,108790
2026-08-13 10:05:00,2026-08-13,10:05:00,332.6499938964844,333.0400085449219,332.5,332.79998779296875,111279
2026-08-13 10:06:00,2026-08-13,10:06:00,332.8223876953125,332.9898986816406,332.6400146484375,332.9176025390625,68957
2026-08-13 10:07:00,2026-08-13,10:07:00,332.92498779296875,332.9620056152344,332.6300048828125,332.8099975585937,63261
2026-08-13 10:08:00,2026-08-13,10:08:00,332.82000732421875,333.0599975585937,332.6499938964844,332.9200134277344,60442
2026-08-13 10:09:00,2026-08-13,10:09:00,332.92999267578125,333.1400146484375,332.7701110839844,333.0199890136719,53314
2026-08-13 10:10:00,2026-08-13,10:10:00,333.04998779296875,333.67999267578125,333.0199890136719,333.643310546875,124341
2026-08-13 10:11:00,2026-08-13,10:11:00,333.6607971191406,333.7099914550781,333.2200012207031,333.2200012207031,103238
2026-08-13 10:12:00,2026-08-13,10:12:00,333.20001220703125,333.2699890136719,332.489990234375,332.760009765625,108531
2026-08-13 10:13:00,2026-08-13,10:13:00,332.78009033203125,332.8500061035156,332.4901123046875,332.50299072265625,86441
2026-08-13 10:14:00,2026-08-13,10:14:00,332.54998779296875,332.7300109863281,332.4700012207031,332.635009765625,72040
2026-08-13 10:15:00,2026-08-13,10:15:00,332.6400146484375,333.0799865722656,332.6300964355469,333.0299072265625,90389
2026-08-13 10:16:00,2026-08-13,10:16:00,333.0150146484375,333.1000061035156,332.7799987792969,332.95001220703125,89543
2026-08-13 10:17:00,2026-08-13,10:17:00,332.92498779296875,333.1199951171875,332.6099853515625,332.9349975585937,72080
2026-08-13 10:18:00,2026-08-13,10:18:00,332.92498779296875,333.0199890136719,332.8210144042969,332.8599853515625,43447
2026-08-13 10:19:00,2026-08-13,10:19:00,332.8599853515625,333.0,332.29998779296875,332.55499267578125,101210
2026-08-13 10:20:00,2026-08-13,10:20:00,332.5400085449219,332.6700134277344,332.40008544921875,332.57000732421875,62996
2026-08-13 10:21:00,2026-08-13,10:21:00,332.5350036621094,333.14990234375,332.4529113769531,333.07000732421875,95120
2026-08-13 10:22:00,2026-08-13,10:22:00,333.0849914550781,333.5414123535156,332.9100036621094,333.5249938964844,83196
2026-08-13 10:23:00,2026-08-13,10:23:00,333.5199890136719,333.5365905761719,332.9200134277344,332.93231201171875,66831
2026-08-13 10:24:00,2026-08-13,10:24:00,332.9916076660156,333.2685852050781,332.8999938964844,333.1499938964844,61657
2026-08-13 10:25:00,2026-08-13,10:25:00,333.135009765625,333.20001220703125,332.70001220703125,332.7799987792969,49250
2026-08-13 10:26:00,2026-08-13,10:26:00,332.81988525390625,332.82000732421875,332.3999938964844,332.4682006835937,83660
2026-08-13 10:27:00,2026-08-13,10:27:00,332.4764099121094,332.6199951171875,332.4100036621094,332.45001220703125,54003
2026-08-13 10:28:00,2026-08-13,10:28:00,332.4200134277344,332.6600036621094,332.3219909667969,332.5332946777344,59790
2026-08-13 10:29:00,2026-08-13,10:29:00,332.5199890136719,332.9590148925781,332.4800109863281,332.8949890136719,58974
2026-08-13 10:30:00,2026-08-13,10:30:00,332.9100036621094,332.9599914550781,332.4801025390625,332.8721008300781,64443
2026-08-13 10:31:00,2026-08-13,10:31:00,332.8500061035156,333.4858093261719,332.8301086425781,333.260009765625,101148
2026-08-13 10:32:00,2026-08-13,10:32:00,333.2900085449219,333.42999267578125,333.0201110839844,333.30499267578125,55028
2026-08-13 10:33:00,2026-08-13,10:33:00,333.32000732421875,333.3500061035156,332.94000244140625,333.2417907714844,59805
2026-08-13 10:34:00,2026-08-13,10:34:00,333.19158935546875,333.2049865722656,332.9400939941406,333.1000061035156,51697
2026-08-13 10:35:00,2026-08-13,10:35:00,333.06500244140625,333.239990234375,332.8999938964844,333.10040283203125,32804
2026-08-13 10:36:00,2026-08-13,10:36:00,333.1004943847656,333.75,332.97930908203125,333.6650085449219,132424
2026-08-13 10:37:00,2026-08-13,10:37:00,333.68389892578125,333.840087890625,333.54998779296875,333.70001220703125,91479
2026-08-13 10:38:00,2026-08-13,10:38:00,333.69500732421875,333.75,333.1099853515625,333.2200012207031,58329
2026-08-13 10:39:00,2026-08-13,10:39:00,333.2204895019531,333.69000244140625,333.1705017089844,333.6899108886719,60685
2026-08-13 10:40:00,2026-08-13,10:40:00,333.6180114746094,333.9800109863281,333.5899963378906,333.8399963378906,83501
2026-08-13 10:41:00,2026-08-13,10:41:00,333.8299865722656,333.8699035644531,333.67010498046875,333.82989501953125,36073
2026-08-13 10:42:00,2026-08-13,10:42:00,333.7799987792969,334.19000244140625,333.6199951171875,334.0899963378906,122468
2026-08-13 10:43:00,2026-08-13,10:43:00,334.0899963378906,334.1700134277344,333.7101135253906,333.7950134277344,64453
2026-08-13 10:44:00,2026-08-13,10:44:00,333.760009765625,333.8399963378906,333.53009033203125,333.7300109863281,50650
2026-08-13 10:45:00,2026-08-13,10:45:00,333.7049865722656,334.1300048828125,333.6199951171875,333.875,97597
2026-08-13 10:46:00,2026-08-13,10:46:00,333.875,334.14990234375,333.45001220703125,333.4800109863281,98767
2026-08-13 10:47:00,2026-08-13,10:47:00,333.5199890136719,333.7699890136719,333.3999938964844,333.5535888671875,52217
2026-08-13 10:48:00,2026-08-13,10:48:00,333.5899963378906,333.8900146484375,333.3699951171875,333.5,76972
2026-08-13 10:49:00,2026-08-13,10:49:00,333.4700927734375,333.5199890136719,333.1499938964844,333.2900085449219,57791
2026-08-13 10:50:00,2026-08-13,10:50:00,333.3500061035156,333.69500732421875,333.3399963378906,333.44000244140625,45777
2026-08-13 10:51:00,2026-08-13,10:51:00,333.4794006347656,334.0,333.4100036621094,333.8999938964844,70057
2026-08-13 10:52:00,2026-08-13,10:52:00,333.8599853515625,333.9700012207031,333.75,333.7950134277344,39479
2026-08-13 10:53:00,2026-08-13,10:53:00,333.82000732421875,333.8799133300781,333.6099853515625,333.7701110839844,26628
2026-08-13 10:54:00,2026-08-13,10:54:00,333.760986328125,334.3299865722656,333.7349853515625,334.2981872558594,93650
2026-08-13 10:55:00,2026-08-13,10:55:00,334.3099060058594,334.3799133300781,333.95001220703125,334.3450012207031,54303
2026-08-13 10:56:00,2026-08-13,10:56:00,334.3450012207031,334.7699890136719,334.0400085449219,334.7200012207031,112154
2026-08-13 10:57:00,2026-08-13,10:57:00,334.7298889160156,335.3800048828125,334.510009765625,335.2349853515625,263887
2026-08-13 10:58:00,2026-08-13,10:58:00,335.2200012207031,335.2499084472656,334.7200012207031,334.8699951171875,74310
2026-08-13 10:59:00,2026-08-13,10:59:00,334.89190673828125,334.89190673828125,334.5480041503906,334.6000061035156,47698
2026-08-13 11:00:00,2026-08-13,11:00:00,334.5885925292969,335.3399963378906,334.364990234375,335.2900085449219,108188
2026-08-13 11:01:00,2026-08-13,11:01:00,335.2349853515625,335.2894897460937,334.5,334.6300048828125,68682
2026-08-13 11:02:00,2026-08-13,11:02:00,334.5599975585937,334.5599975585937,333.6700134277344,333.739990234375,110784
2026-08-13 11:03:00,2026-08-13,11:03:00,333.79998779296875,333.909912109375,333.4801025390625,333.56500244140625,62345
2026-08-13 11:04:00,2026-08-13,11:04:00,333.5559997558594,333.8099975585937,333.4700012207031,333.69000244140625,69111
2026-08-13 11:05:00,2026-08-13,11:05:00,333.69500732421875,334.20001220703125,333.6700134277344,334.1700134277344,80202
2026-08-13 11:06:00,2026-08-13,11:06:00,334.1300048828125,334.2200012207031,333.8099975585937,334.0599975585937,46040
2026-08-13 11:07:00,2026-08-13,11:07:00,334.0400085449219,334.0400085449219,333.5408020019531,333.5408020019531,42716
2026-08-13 11:08:00,2026-08-13,11:08:00,333.5299987792969,333.6899108886719,333.45001220703125,333.5260009765625,60142
2026-08-13 11:09:00,2026-08-13,11:09:00,333.510009765625,333.6199951171875,333.3500061035156,333.5249938964844,48086
2026-08-13 11:10:00,2026-08-13,11:10:00,333.5299987792969,333.6099853515625,333.360107421875,333.54998779296875,78453
2026-08-13 11:11:00,2026-08-13,11:11:00,333.53009033203125,333.69000244140625,333.45001220703125,333.54998779296875,36378
2026-08-13 11:12:00,2026-08-13,11:12:00,333.56500244140625,333.5849914550781,333.3900146484375,333.4750061035156,23493
2026-08-13 11:13:00,2026-08-13,11:13:00,333.4599914550781,333.7300109863281,333.3299865722656,333.6300048828125,35078
2026-08-13 11:14:00,2026-08-13,11:14:00,333.6199951171875,333.8395080566406,333.57000732421875,333.8099975585937,48658
2026-08-13 11:15:00,2026-08-13,11:15:00,333.8099975585937,334.1650085449219,333.7763977050781,334.1650085449219,56303
2026-08-13 11:16:00,2026-08-13,11:16:00,334.1401062011719,334.739990234375,334.1300048828125,334.4599914550781,93704
2026-08-13 11:17:00,2026-08-13,11:17:00,334.4599914550781,334.8800048828125,334.44000244140625,334.82000732421875,47466
2026-08-13 11:18:00,2026-08-13,11:18:00,334.8500061035156,335.0,334.5400085449219,334.6000061035156,71192
2026-08-13 11:19:00,2026-08-13,11:19:00,334.6600036621094,335.0,334.6300048828125,334.9349975585937,52979
2026-08-13 11:20:00,2026-08-13,11:20:00,334.94000244140625,335.4100036621094,334.9100036621094,335.3999938964844,121842
2026-08-13 11:21:00,2026-08-13,11:21:00,335.2799987792969,335.3800048828125,335.1099853515625,335.2052001953125,83710
2026-08-13 11:22:00,2026-08-13,11:22:00,335.20001220703125,335.20001220703125,334.7300109863281,334.82000732421875,69700
2026-08-13 11:23:00,2026-08-13,11:23:00,334.82000732421875,334.83990478515625,334.2300109863281,334.4100036621094,54358
2026-08-13 11:24:00,2026-08-13,11:24:00,334.4494934082031,334.4601135253906,333.77490234375,333.8999938964844,89289
2026-08-13 11:25:00,2026-08-13,11:25:00,333.8900146484375,334.1000061035156,333.5791015625,333.5791015625,63299
2026-08-13 11:26:00,2026-08-13,11:26:00,333.6050109863281,333.6300048828125,333.1600036621094,333.19000244140625,71097
2026-08-13 11:27:00,2026-08-13,11:27:00,333.2049865722656,333.7300109863281,333.0188903808594,333.3099975585937,117054
2026-08-13 11:28:00,2026-08-13,11:28:00,333.364990234375,333.364990234375,332.44000244140625,332.44000244140625,125175
2026-08-13 11:29:00,2026-08-13,11:29:00,332.4700012207031,333.2699890136719,332.44000244140625,332.9549865722656,98517
2026-08-13 11:30:00,2026-08-13,11:30:00,332.95001220703125,333.4729919433594,332.8500061035156,333.3900146484375,53564
2026-08-13 11:31:00,2026-08-13,11:31:00,333.3949890136719,333.7398986816406,333.3500061035156,333.6099853515625,55186
2026-08-13 11:32:00,2026-08-13,11:32:00,333.5899963378906,333.6600036621094,333.2099914550781,333.2650146484375,48155
2026-08-13 11:33:00,2026-08-13,11:33:00,333.3099975585937,333.6199951171875,333.2699890136719,333.489990234375,37372
2026-08-13 11:34:00,2026-08-13,11:34:00,333.5400085449219,333.5400085449219,333.2099914550781,333.239990234375,32379
2026-08-13 11:35:00,2026-08-13,11:35:00,333.239990234375,333.7090148925781,333.239990234375,333.4305114746094,64868
2026-08-13 11:36:00,2026-08-13,11:36:00,333.5199890136719,333.5400085449219,333.00048828125,333.04998779296875,44980
2026-08-13 11:37:00,2026-08-13,11:37:00,333.0,333.19000244140625,332.9100036621094,333.0199890136719,44426
2026-08-13 11:38:00,2026-08-13,11:38:00,333.04998779296875,333.06500244140625,332.7699890136719,333.0,47719
2026-08-13 11:39:00,2026-08-13,11:39:00,332.9800109863281,333.3500061035156,332.9599914550781,333.3500061035156,43247
2026-08-13 11:40:00,2026-08-13,11:40:00,333.3099975585937,333.3900146484375,333.19500732421875,333.3523864746094,29794
2026-08-13 11:41:00,2026-08-13,11:41:00,333.3999938964844,333.7699890136719,333.2598876953125,333.75,47692
2026-08-13 11:42:00,2026-08-13,11:42:00,333.6700134277344,334.0599975585937,333.6600036621094,333.8900146484375,60083
2026-08-13 11:43:00,2026-08-13,11:43:00,333.8999938964844,333.94000244140625,333.6499938964844,333.67999267578125,29779
2026-08-13 11:44:00,2026-08-13,11:44:00,333.6650085449219,333.70001220703125,333.4110107421875,333.4549865722656,22037
2026-08-13 11:45:00,2026-08-13,11:45:00,333.4104919433594,333.489990234375,333.29998779296875,333.4549865722656,26662
2026-08-13 11:46:00,2026-08-13,11:46:00,333.4599914550781,333.5899963378906,333.239990234375,333.58990478515625,48261
2026-08-13 11:47:00,2026-08-13,11:47:00,333.5899963378906,333.739990234375,333.2799987792969,333.29998779296875,47107
2026-08-13 11:48:00,2026-08-13,11:48:00,333.32501220703125,333.7799987792969,333.1600036621094,333.4549865722656,63432
2026-08-13 11:49:00,2026-08-13,11:49:00,333.4599914550781,333.5199890136719,333.2300109863281,333.4800109863281,36599
2026-08-13 11:50:00,2026-08-13,11:50:00,333.45001220703125,333.5,333.2699890136719,333.3900146484375,30296
2026-08-13 11:51:00,2026-08-13,11:51:00,333.4100036621094,333.4100036621094,333.17999267578125,333.29998779296875,22260
2026-08-13 11:52:00,2026-08-13,11:52:00,333.2799987792969,333.4399108886719,333.1700134277344,333.385009765625,44411
2026-08-13 11:53:00,2026-08-13,11:53:00,333.3949890136719,333.4299011230469,333.0899963378906,333.1199951171875,25079
2026-08-13 11:54:00,2026-08-13,11:54:00,333.0950012207031,333.19000244140625,333.0799865722656,333.135009765625,21198
2026-08-13 11:55:00,2026-08-13,11:55:00,333.1300048828125,333.3299865722656,333.1300048828125,333.2723083496094,34956
2026-08-13 11:56:00,2026-08-13,11:56:00,333.2699890136719,333.3450012207031,333.2001037597656,333.2900085449219,22805
2026-08-13 11:57:00,2026-08-13,11:57:00,333.2550048828125,333.5,333.2550048828125,333.3299865722656,28048
2026-08-13 11:58:00,2026-08-13,11:58:00,333.3299865722656,333.6700134277344,333.3117980957031,333.5,47069
2026-08-13 11:59:00,2026-08-13,11:59:00,333.5249938964844,333.5799865722656,333.0105895996094,333.1199951171875,43521
2026-08-13 12:00:00,2026-08-13,12:00:00,333.17999267578125,333.6000061035156,333.1401062011719,333.5950012207031,24226
2026-08-13 12:01:00,2026-08-13,12:01:00,333.5216064453125,333.6499938964844,333.4200134277344,333.5,27064
2026-08-13 12:02:00,2026-08-13,12:02:00,333.5249938964844,333.8500061035156,333.5,333.7099914550781,22196
2026-08-13 12:03:00,2026-08-13,12:03:00,333.75,334.0050048828125,333.75,333.92999267578125,31313
2026-08-13 12:04:00,2026-08-13,12:04:00,333.9540100097656,334.0599975585937,333.78009033203125,333.78009033203125,27413
2026-08-13 12:05:00,2026-08-13,12:05:00,333.82501220703125,334.3500061035156,333.75,334.3500061035156,65151
2026-08-13 12:06:00,2026-08-13,12:06:00,334.3900146484375,334.4100036621094,334.1400146484375,334.32000732421875,46979
2026-08-13 12:07:00,2026-08-13,12:07:00,334.29998779296875,334.4999084472656,334.2377014160156,334.239990234375,35882
2026-08-13 12:08:00,2026-08-13,12:08:00,334.2699890136719,334.389892578125,334.1718139648437,334.3599853515625,25933
2026-08-13 12:09:00,2026-08-13,12:09:00,334.3200988769531,334.364990234375,333.8299865722656,333.8599853515625,38640
2026-08-13 12:10:00,2026-08-13,12:10:00,333.8599853515625,334.29998779296875,333.8599853515625,334.2900085449219,37181
2026-08-13 12:11:00,2026-08-13,12:11:00,334.32989501953125,334.3299865722656,334.0600891113281,334.14581298828125,20711
2026-08-13 12:12:00,2026-08-13,12:12:00,334.1600036621094,334.25,334.0700988769531,334.0950012207031,14780
2026-08-13 12:13:00,2026-08-13,12:13:00,334.0599975585937,334.0599975585937,333.70001220703125,333.7699890136719,33693
2026-08-13 12:14:00,2026-08-13,12:14:00,333.7900085449219,333.7900085449219,333.57000732421875,333.5799865722656,30169
2026-08-13 12:15:00,2026-08-13,12:15:00,333.5950012207031,333.7900085449219,333.56280517578125,333.6199951171875,27263
2026-08-13 12:16:00,2026-08-13,12:16:00,333.6199951171875,333.7900085449219,333.5,333.5000915527344,34848
2026-08-13 12:17:00,2026-08-13,12:17:00,333.5400085449219,333.6300048828125,333.3599853515625,333.5660095214844,25622
2026-08-13 12:18:00,2026-08-13,12:18:00,333.5299987792969,333.69000244140625,333.5199890136719,333.57000732421875,51717
2026-08-13 12:19:00,2026-08-13,12:19:00,333.5599975585937,333.8399963378906,333.5299987792969,333.7799987792969,20140
2026-08-13 12:20:00,2026-08-13,12:20:00,333.7900085449219,333.9888916015625,333.5299987792969,333.9598999023437,56391
2026-08-13 12:21:00,2026-08-13,12:21:00,333.92498779296875,334.2698974609375,333.90789794921875,334.19500732421875,38966
2026-08-13 12:22:00,2026-08-13,12:22:00,334.1600036621094,334.46990966796875,334.1401062011719,334.42999267578125,35087
2026-08-13 12:23:00,2026-08-13,12:23:00,334.42999267578125,334.5896911621094,334.3599853515625,334.5599975585937,29948
2026-08-13 12:24:00,2026-08-13,12:24:00,334.5299987792969,334.6000061035156,334.3399963378906,334.468994140625,37566
2026-08-13 12:25:00,2026-08-13,12:25:00,334.45001220703125,334.6099853515625,334.3699951171875,334.5899963378906,37561
2026-08-13 12:26:00,2026-08-13,12:26:00,334.57000732421875,334.6184997558594,334.3999938964844,334.42999267578125,35356
2026-08-13 12:27:00,2026-08-13,12:27:00,334.4599914550781,334.69000244140625,334.3700866699219,334.6050109863281,32544
2026-08-13 12:28:00,2026-08-13,12:28:00,334.5609130859375,334.70001220703125,334.4649963378906,334.6549987792969,25716
2026-08-13 12:29:00,2026-08-13,12:29:00,334.6200866699219,334.6600036621094,334.489990234375,334.5436096191406,17350
2026-08-13 12:30:00,2026-08-13,12:30:00,334.5899963378906,335.1628112792969,334.5705871582031,335.1408996582031,76711
2026-08-13 12:31:00,2026-08-13,12:31:00,335.1600036621094,335.25,334.7699890136719,334.92999267578125,48005
2026-08-13 12:32:00,2026-08-13,12:32:00,334.914794921875,335.239990234375,334.7699890136719,335.114990234375,105349
2026-08-13 12:33:00,2026-08-13,12:33:00,335.1817932128906,335.1817932128906,334.7699890136719,334.94000244140625,43879
2026-08-13 12:34:00,2026-08-13,12:34:00,334.9649963378906,334.9700012207031,334.6000061035156,334.70001220703125,118453
2026-08-13 12:35:00,2026-08-13,12:35:00,334.67498779296875,335.2300109863281,334.6000061035156,335.1650085449219,75628
2026-08-13 12:36:00,2026-08-13,12:36:00,335.1404113769531,335.25,335.0,335.17999267578125,57591
2026-08-13 12:37:00,2026-08-13,12:37:00,335.1499938964844,335.2099914550781,334.90008544921875,334.9242858886719,45060
2026-08-13 12:38:00,2026-08-13,12:38:00,334.94500732421875,335.0845031738281,334.8699951171875,334.9884948730469,25959
2026-08-13 12:39:00,2026-08-13,12:39:00,334.9750061035156,335.0199890136719,334.7590026855469,335.0050048828125,33506
2026-08-13 12:40:00,2026-08-13,12:40:00,334.989990234375,335.0899963378906,334.8599853515625,334.9200134277344,20367
2026-08-13 12:41:00,2026-08-13,12:41:00,334.9200134277344,335.0,334.8699951171875,334.9700012207031,21180
2026-08-13 12:42:00,2026-08-13,12:42:00,334.95001220703125,335.0400085449219,334.8500061035156,334.95001220703125,39609
2026-08-13 12:43:00,2026-08-13,12:43:00,334.92999267578125,334.9800109863281,334.8510131835937,334.9649963378906,21520
2026-08-13 12:44:00,2026-08-13,12:44:00,334.9800109863281,335.159912109375,334.9554138183594,335.0599975585937,36996
2026-08-13 12:45:00,2026-08-13,12:45:00,335.0849914550781,335.6400146484375,335.0849914550781,335.5972900390625,115044
2026-08-13 12:46:00,2026-08-13,12:46:00,335.5950012207031,335.6499938964844,335.2550048828125,335.4150085449219,60866
2026-08-13 12:47:00,2026-08-13,12:47:00,335.4100036621094,335.7099914550781,335.3599853515625,335.6099853515625,64715
2026-08-13 12:48:00,2026-08-13,12:48:00,335.6000061035156,335.7900085449219,335.556884765625,335.760009765625,68147
2026-08-13 12:49:00,2026-08-13,12:49:00,335.7699890136719,335.94000244140625,335.760009765625,335.8399963378906,61607
2026-08-13 12:50:00,2026-08-13,12:50:00,335.79998779296875,336.0599975585937,335.6600952148437,336.00048828125,177396
2026-08-13 12:51:00,2026-08-13,12:51:00,336.0,336.20001220703125,335.90008544921875,336.1099853515625,65032
2026-08-13 12:52:00,2026-08-13,12:52:00,336.1300048828125,336.3699951171875,335.9100952148437,336.0299987792969,117791
2026-08-13 12:53:00,2026-08-13,12:53:00,336.05499267578125,336.0790100097656,335.6700134277344,335.7200012207031,60142
2026-08-13 12:54:00,2026-08-13,12:54:00,335.6700134277344,335.8900146484375,335.5801086425781,335.8599853515625,39908
2026-08-13 12:55:00,2026-08-13,12:55:00,335.84619140625,336.1700134277344,335.760009765625,336.1700134277344,57526
2026-08-13 12:56:00,2026-08-13,12:56:00,336.1700134277344,336.5400085449219,336.0000915527344,336.3357849121094,113893
2026-08-13 12:57:00,2026-08-13,12:57:00,336.3550109863281,336.8299865722656,336.3099975585937,336.7900085449219,112647
2026-08-13 12:58:00,2026-08-13,12:58:00,336.7789001464844,337.07000732421875,336.6600036621094,336.75,185711
2026-08-13 12:59:00,2026-08-13,12:59:00,336.6600036621094,336.7392883300781,336.42999267578125,336.5249938964844,55946
2026-08-13 13:00:00,2026-08-13,13:00:00,336.4700012207031,337.0,336.42999267578125,336.94000244140625,85879
2026-08-13 13:01:00,2026-08-13,13:01:00,336.94000244140625,336.94000244140625,336.45001220703125,336.5299987792969,55604
2026-08-13 13:02:00,2026-08-13,13:02:00,336.5299987792969,336.6000061035156,336.1099853515625,336.375,75394
2026-08-13 13:03:00,2026-08-13,13:03:00,336.375,336.4198913574219,335.8299865722656,336.0599975585937,71910
2026-08-13 13:04:00,2026-08-13,13:04:00,336.0599975585937,336.0899963378906,335.8299865722656,335.8299865722656,41255
2026-08-13 13:05:00,2026-08-13,13:05:00,335.8699951171875,335.8900146484375,335.6099853515625,335.7900085449219,68506
2026-08-13 13:06:00,2026-08-13,13:06:00,335.69000244140625,335.7900085449219,335.3900146484375,335.3999938964844,49840
2026-08-13 13:07:00,2026-08-13,13:07:00,335.4363098144531,335.54949951171875,335.19000244140625,335.5299072265625,84315
2026-08-13 13:08:00,2026-08-13,13:08:00,335.5150146484375,335.6400146484375,335.4700012207031,335.56988525390625,36599
2026-08-13 13:09:00,2026-08-13,13:09:00,335.55499267578125,335.6700134277344,335.3900146484375,335.6700134277344,38147
2026-08-13 13:10:00,2026-08-13,13:10:00,335.6600036621094,335.8800048828125,335.60009765625,335.82501220703125,33922
2026-08-13 13:11:00,2026-08-13,13:11:00,335.8299865722656,336.1813049316406,335.72100830078125,336.0450134277344,83369
2026-08-13 13:12:00,2026-08-13,13:12:00,336.04998779296875,336.1499938964844,335.94000244140625,336.07379150390625,34633
2026-08-13 13:13:00,2026-08-13,13:13:00,336.1000061035156,336.1700134277344,335.8901062011719,335.9649963378906,25658
2026-08-13 13:14:00,2026-08-13,13:14:00,335.9906921386719,336.14990234375,335.9200134277344,335.92498779296875,30447
2026-08-13 13:15:00,2026-08-13,13:15:00,335.92498779296875,336.3599853515625,335.92498779296875,336.3599853515625,39923
2026-08-13 13:16:00,2026-08-13,13:16:00,336.375,336.6000061035156,336.3623962402344,336.5350036621094,52172
2026-08-13 13:17:00,2026-08-13,13:17:00,336.5613098144531,336.59991455078125,336.32000732421875,336.3699951171875,35168
2026-08-13 13:18:00,2026-08-13,13:18:00,336.3279113769531,336.3999938964844,336.25,336.3900146484375,23387
2026-08-13 13:19:00,2026-08-13,13:19:00,336.3800048828125,336.489990234375,336.29010009765625,336.4750061035156,23408
2026-08-13 13:20:00,2026-08-13,13:20:00,336.4800109863281,336.5899963378906,336.4150085449219,336.5599975585937,36788
2026-08-13 13:21:00,2026-08-13,13:21:00,336.54998779296875,336.8800048828125,336.53790283203125,336.8299865722656,42525
2026-08-13 13:22:00,2026-08-13,13:22:00,336.8323059082031,336.8699951171875,336.760009765625,336.8500061035156,25802
2026-08-13 13:23:00,2026-08-13,13:23:00,336.8200988769531,336.8320007324219,336.3500061035156,336.4800109863281,49179
2026-08-13 13:24:00,2026-08-13,13:24:00,336.4800109863281,336.5,336.3500061035156,336.45001220703125,37794
2026-08-13 13:25:00,2026-08-13,13:25:00,336.4200134277344,336.5799865722656,336.25,336.3599853515625,25704
2026-08-13 13:26:00,2026-08-13,13:26:00,336.3500061035156,336.4700012207031,336.29998779296875,336.3999938964844,16520
2026-08-13 13:27:00,2026-08-13,13:27:00,336.44000244140625,336.44000244140625,336.2799987792969,336.2799987792969,24647
2026-08-13 13:28:00,2026-08-13,13:28:00,336.2799987792969,336.4125061035156,336.20001220703125,336.34979248046875,29626
2026-08-13 13:29:00,2026-08-13,13:29:00,336.3399963378906,336.4595031738281,336.3299865722656,336.35009765625,19846
2026-08-13 13:30:00,2026-08-13,13:30:00,336.3500061035156,336.67999267578125,336.20001220703125,336.57000732421875,39392
2026-08-13 13:31:00,2026-08-13,13:31:00,336.55499267578125,336.6400146484375,336.42999267578125,336.44500732421875,27568
2026-08-13 13:32:00,2026-08-13,13:32:00,336.4700012207031,336.57000732421875,336.3800048828125,336.4800109863281,29925
2026-08-13 13:33:00,2026-08-13,13:33:00,336.4599914550781,336.4750061035156,336.19000244140625,336.19500732421875,24124
2026-08-13 13:34:00,2026-08-13,13:34:00,336.2250061035156,336.260009765625,336.0899963378906,336.20001220703125,30863
2026-08-13 13:35:00,2026-08-13,13:35:00,336.2099914550781,336.2398986816406,336.1741943359375,336.20001220703125,15029
2026-08-13 13:36:00,2026-08-13,13:36:00,336.20001220703125,336.2192077636719,336.0599975585937,336.0899963378906,33602
2026-08-13 13:37:00,2026-08-13,13:37:00,336.0899963378906,336.1799011230469,335.76031494140625,335.95001220703125,85331
2026-08-13 13:38:00,2026-08-13,13:38:00,335.94500732421875,336.09991455078125,335.8800048828125,335.9949951171875,37510
2026-08-13 13:39:00,2026-08-13,13:39:00,335.989990234375,336.239990234375,335.9800109863281,336.0299987792969,31213
2026-08-13 13:40:00,2026-08-13,13:40:00,336.0599975585937,336.42999267578125,335.989990234375,336.3800048828125,49970
2026-08-13 13:41:00,2026-08-13,13:41:00,336.4399108886719,336.4399108886719,336.1300048828125,336.2900085449219,55754
2026-08-13 13:42:00,2026-08-13,13:42:00,336.31500244140625,336.4100036621094,336.1700134277344,336.2200012207031,20746
2026-08-13 13:43:00,2026-08-13,13:43:00,336.1849975585937,336.2900085449219,336.1099853515625,336.2300109863281,23465
2026-08-13 13:44:00,2026-08-13,13:44:00,336.25,336.44000244140625,336.07000732421875,336.2699890136719,37219
2026-08-13 13:45:00,2026-08-13,13:45:00,336.23638916015625,336.79998779296875,336.23638916015625,336.7550048828125,51731
2026-08-13 13:46:00,2026-08-13,13:46:00,336.7428894042969,337.0599975585937,336.7300109863281,337.0,100587
2026-08-13 13:47:00,2026-08-13,13:47:00,336.9849853515625,336.989990234375,336.760009765625,336.8399963378906,50671
2026-08-13 13:48:00,2026-08-13,13:48:00,336.8349914550781,336.9200134277344,336.5599975585937,336.6619873046875,57831
2026-08-13 13:49:00,2026-08-13,13:49:00,336.69000244140625,336.69879150390625,336.1650085449219,336.21990966796875,36630
2026-08-13 13:50:00,2026-08-13,13:50:00,336.20001220703125,336.4598999023437,336.1099853515625,336.4100036621094,39048
2026-08-13 13:51:00,2026-08-13,13:51:00,336.4100036621094,336.5,336.3299865722656,336.4599914550781,21322
2026-08-13 13:52:00,2026-08-13,13:52:00,336.4849853515625,336.69000244140625,336.4849853515625,336.5599975585937,23000
2026-08-13 13:53:00,2026-08-13,13:53:00,336.6000061035156,336.6199951171875,336.42010498046875,336.54998779296875,27231
2026-08-13 13:54:00,2026-08-13,13:54:00,336.5599975585937,336.58740234375,336.3099975585937,336.4294128417969,20921
2026-08-13 13:55:00,2026-08-13,13:55:00,336.3999938964844,336.4717102050781,336.20001220703125,336.2850036621094,23817
2026-08-13 13:56:00,2026-08-13,13:56:00,336.2850036621094,336.3349914550781,336.1199951171875,336.1449890136719,51378
2026-08-13 13:57:00,2026-08-13,13:57:00,336.1449890136719,336.4551086425781,336.0899963378906,336.3901062011719,53324
2026-08-13 13:58:00,2026-08-13,13:58:00,336.4295959472656,336.6303100585937,336.3699951171875,336.57000732421875,38673
2026-08-13 13:59:00,2026-08-13,13:59:00,336.5599975585937,336.57000732421875,336.25,336.2699890136719,18794
2026-08-13 14:00:00,2026-08-13,14:00:00,336.2650146484375,336.45001220703125,336.15008544921875,336.2099914550781,32952
2026-08-13 14:01:00,2026-08-13,14:01:00,336.1700134277344,336.3299865722656,336.1499938964844,336.2349853515625,38811
2026-08-13 14:02:00,2026-08-13,14:02:00,336.2544860839844,336.3399963378906,335.92999267578125,336.17999267578125,82317
2026-08-13 14:03:00,2026-08-13,14:03:00,336.1449890136719,336.3695068359375,336.1000061035156,336.3550109863281,35219
2026-08-13 14:04:00,2026-08-13,14:04:00,336.3599853515625,336.5199890136719,336.3599853515625,336.4700012207031,30209
2026-08-13 14:05:00,2026-08-13,14:05:00,336.489990234375,336.70001220703125,336.489990234375,336.6099853515625,80445
2026-08-13 14:06:00,2026-08-13,14:06:00,336.6300048828125,336.7200012207031,336.5101013183594,336.67999267578125,29120
2026-08-13 14:07:00,2026-08-13,14:07:00,336.6600036621094,336.8599853515625,336.6600036621094,336.7900085449219,26853
2026-08-13 14:08:00,2026-08-13,14:08:00,336.7980041503906,336.9700012207031,336.7900085449219,336.94000244140625,31932
2026-08-13 14:09:00,2026-08-13,14:09:00,336.95001220703125,337.0899963378906,336.8705139160156,336.8999938964844,61080
2026-08-13 14:10:00,2026-08-13,14:10:00,336.92999267578125,337.1700134277344,336.8500061035156,337.1050109863281,72406
2026-08-13 14:11:00,2026-08-13,14:11:00,337.1050109863281,337.3500061035156,337.0089111328125,337.31689453125,57093
2026-08-13 14:12:00,2026-08-13,14:12:00,337.3349914550781,337.5199890136719,337.17999267578125,337.2099914550781,94954
2026-08-13 14:13:00,2026-08-13,14:13:00,337.2099914550781,337.8500061035156,337.2099914550781,337.7900085449219,109449
2026-08-13 14:14:00,2026-08-13,14:14:00,337.8299865722656,337.8999938964844,337.6650085449219,337.8900146484375,67181
2026-08-13 14:15:00,2026-08-13,14:15:00,337.8915100097656,337.989990234375,337.5199890136719,337.67498779296875,80840
2026-08-13 14:16:00,2026-08-13,14:16:00,337.67498779296875,337.909912109375,337.6099853515625,337.6400146484375,53478
2026-08-13 14:17:00,2026-08-13,14:17:00,337.635009765625,337.8500061035156,337.5,337.82501220703125,44223
2026-08-13 14:18:00,2026-08-13,14:18:00,337.8349914550781,337.9700012207031,337.8100891113281,337.89990234375,81859
2026-08-13 14:19:00,2026-08-13,14:19:00,337.8599853515625,337.96990966796875,337.7699890136719,337.8599853515625,40884
2026-08-13 14:20:00,2026-08-13,14:20:00,337.8999938964844,338.2200012207031,337.81500244140625,338.17999267578125,104909
2026-08-13 14:21:00,2026-08-13,14:21:00,338.168701171875,338.54998779296875,338.1300048828125,338.3999938964844,355207
2026-08-13 14:22:00,2026-08-13,14:22:00,338.3999938964844,338.6199951171875,338.2799987792969,338.5168151855469,73483
2026-08-13 14:23:00,2026-08-13,14:23:00,338.5,338.57000732421875,338.32000732421875,338.3999938964844,67237
2026-08-13 14:24:00,2026-08-13,14:24:00,338.3999938964844,338.3999938964844,338.0783996582031,338.239990234375,53009
2026-08-13 14:25:00,2026-08-13,14:25:00,338.239990234375,338.6099853515625,338.22149658203125,338.58990478515625,69622
2026-08-13 14:26:00,2026-08-13,14:26:00,338.56500244140625,338.6199951171875,338.3900146484375,338.44500732421875,33137
2026-08-13 14:27:00,2026-08-13,14:27:00,338.4800109863281,338.5199890136719,338.3500061035156,338.4549865722656,33904
2026-08-13 14:28:00,2026-08-13,14:28:00,338.489990234375,338.489990234375,338.3299865722656,338.3999938964844,30484
2026-08-13 14:29:00,2026-08-13,14:29:00,338.3900146484375,338.5199890136719,338.3399963378906,338.4356994628906,25771
2026-08-13 14:30:00,2026-08-13,14:30:00,338.3949890136719,338.5799865722656,338.32000732421875,338.54998779296875,60797
2026-08-13 14:31:00,2026-08-13,14:31:00,338.55499267578125,338.82000732421875,338.55499267578125,338.7301025390625,71911
2026-08-13 14:32:00,2026-08-13,14:32:00,338.7900085449219,338.7998962402344,338.3299865722656,338.364990234375,67642
2026-08-13 14:33:00,2026-08-13,14:33:00,338.364990234375,338.3999938964844,338.2200927734375,338.2860107421875,53278
2026-08-13 14:34:00,2026-08-13,14:34:00,338.3099975585937,338.3399963378906,338.0400085449219,338.2099914550781,36736
2026-08-13 14:35:00,2026-08-13,14:35:00,338.2049865722656,338.3900146484375,338.1300048828125,338.2749938964844,37567
2026-08-13 14:36:00,2026-08-13,14:36:00,338.2749938964844,338.3099975585937,338.17999267578125,338.239990234375,86921
2026-08-13 14:37:00,2026-08-13,14:37:00,338.25,338.67999267578125,338.25,338.6199951171875,74502
2026-08-13 14:38:00,2026-08-13,14:38:00,338.6158142089844,338.639892578125,338.1600036621094,338.2300109863281,39971
2026-08-13 14:39:00,2026-08-13,14:39:00,338.20001220703125,338.3598937988281,338.1600036621094,338.32000732421875,446243
2026-08-13 14:40:00,2026-08-13,14:40:00,338.3349914550781,338.44000244140625,338.2099914550781,338.2650146484375,38877
2026-08-13 14:41:00,2026-08-13,14:41:00,338.2900085449219,338.5899963378906,338.2300109863281,338.4541015625,34147
2026-08-13 14:42:00,2026-08-13,14:42:00,338.5400085449219,338.6199951171875,338.3999938964844,338.3999938964844,670964
2026-08-13 14:43:00,2026-08-13,14:43:00,338.42999267578125,338.5486145019531,338.4100036621094,338.4551086425781,39085
2026-08-13 14:44:00,2026-08-13,14:44:00,338.447998046875,338.5299072265625,338.2900085449219,338.3599853515625,31559
2026-08-13 14:45:00,2026-08-13,14:45:00,338.3599853515625,339.0799865722656,338.3500061035156,338.9200134277344,150467
2026-08-13 14:46:00,2026-08-13,14:46:00,338.92999267578125,338.99468994140625,338.7699890136719,338.94500732421875,45849
2026-08-13 14:47:00,2026-08-13,14:47:00,338.94000244140625,339.4800109863281,338.92999267578125,339.44500732421875,167525
2026-08-13 14:48:00,2026-08-13,14:48:00,339.4599914550781,339.79998779296875,339.3080139160156,339.7300109863281,128635
2026-08-13 14:49:00,2026-08-13,14:49:00,339.7300109863281,339.75,339.3500061035156,339.5450134277344,89587
2026-08-13 14:50:00,2026-08-13,14:50:00,339.57000732421875,340.2799987792969,339.5,340.1918029785156,293433
2026-08-13 14:51:00,2026-08-13,14:51:00,340.1600952148437,340.32000732421875,339.989990234375,340.19500732421875,111775
2026-08-13 14:52:00,2026-08-13,14:52:00,340.20001220703125,340.2300109863281,339.20001220703125,339.2699890136719,199514
2026-08-13 14:53:00,2026-08-13,14:53:00,339.3599853515625,339.5899963378906,339.1300048828125,339.5098876953125,89780
2026-08-13 14:54:00,2026-08-13,14:54:00,339.5071105957031,339.75,339.45001220703125,339.5,60873
2026-08-13 14:55:00,2026-08-13,14:55:00,339.5050048828125,339.6099853515625,339.32000732421875,339.4200134277344,65024
2026-08-13 14:56:00,2026-08-13,14:56:00,339.4200134277344,339.5400085449219,339.3500061035156,339.4419860839844,41675
2026-08-13 14:57:00,2026-08-13,14:57:00,339.4599914550781,339.6318054199219,339.2900085449219,339.3099975585937,47796
2026-08-13 14:58:00,2026-08-13,14:58:00,339.31500244140625,339.5599975585937,339.260009765625,339.4599914550781,50610
2026-08-13 14:59:00,2026-08-13,14:59:00,339.45001220703125,339.6000061035156,339.3949890136719,339.5350036621094,26988
2026-08-13 15:00:00,2026-08-13,15:00:00,339.5,339.5,339.260986328125,339.45001220703125,37917
2026-08-13 15:01:00,2026-08-13,15:01:00,339.4200134277344,339.5299987792969,339.35400390625,339.44000244140625,44467
2026-08-13 15:02:00,2026-08-13,15:02:00,339.44000244140625,339.8500061035156,339.4200134277344,339.75,70146
2026-08-13 15:03:00,2026-08-13,15:03:00,339.718505859375,340.0198974609375,339.706787109375,339.9849853515625,60355
2026-08-13 15:04:00,2026-08-13,15:04:00,340.0,340.17999267578125,339.989990234375,340.1700134277344,61079
2026-08-13 15:05:00,2026-08-13,15:05:00,340.1310119628906,340.3171081542969,340.1000061035156,340.2149963378906,55326
2026-08-13 15:06:00,2026-08-13,15:06:00,340.2200012207031,340.5,340.0799865722656,340.45001220703125,125328
2026-08-13 15:07:00,2026-08-13,15:07:00,340.4599914550781,340.6000061035156,340.29998779296875,340.56500244140625,100166
2026-08-13 15:08:00,2026-08-13,15:08:00,340.56890869140625,341.3500061035156,340.54998779296875,341.32501220703125,289329
2026-08-13 15:09:00,2026-08-13,15:09:00,341.3099975585937,341.3500061035156,340.6300048828125,341.17999267578125,168691
2026-08-13 15:10:00,2026-08-13,15:10:00,341.2300109863281,341.6400146484375,341.17401123046875,341.3099975585937,199716
2026-08-13 15:11:00,2026-08-13,15:11:00,341.29998779296875,341.5799865722656,340.8800048828125,340.95050048828125,151718
2026-08-13 15:12:00,2026-08-13,15:12:00,341.0,341.010009765625,340.1300048828125,340.1813049316406,117385
2026-08-13 15:13:00,2026-08-13,15:13:00,340.1650085449219,340.239990234375,339.25,339.3299865722656,291640
2026-08-13 15:14:00,2026-08-13,15:14:00,339.2900085449219,339.9700012207031,339.2300109863281,339.6300048828125,178431
2026-08-13 15:15:00,2026-08-13,15:15:00,339.6000061035156,339.8099975585937,339.44000244140625,339.6050109863281,72370
2026-08-13 15:16:00,2026-08-13,15:16:00,339.6050109863281,339.69000244140625,339.2500915527344,339.281005859375,62905
2026-08-13 15:17:00,2026-08-13,15:17:00,339.3057861328125,339.3340148925781,339.0199890136719,339.30499267578125,64363
2026-08-13 15:18:00,2026-08-13,15:18:00,339.2799987792969,339.67999267578125,339.2449951171875,339.4700012207031,70588
2026-08-13 15:19:00,2026-08-13,15:19:00,339.4750061035156,339.5299987792969,339.1600036621094,339.30670166015625,45977
2026-08-13 15:20:00,2026-08-13,15:20:00,339.2699890136719,339.3095092773437,339.1199951171875,339.2204895019531,40098
2026-08-13 15:21:00,2026-08-13,15:21:00,339.2200012207031,339.2998962402344,338.67999267578125,338.8800048828125,97089
2026-08-13 15:22:00,2026-08-13,15:22:00,338.9150085449219,338.9794006347656,338.45001220703125,338.67999267578125,103336
2026-08-13 15:23:00,2026-08-13,15:23:00,338.70001220703125,339.07000732421875,338.70001220703125,339.0419006347656,84863
2026-08-13 15:24:00,2026-08-13,15:24:00,339.0299987792969,339.0849914550781,338.75,338.8500061035156,53233
2026-08-13 15:25:00,2026-08-13,15:25:00,338.8299865722656,338.8900146484375,338.54998779296875,338.6159973144531,42149
2026-08-13 15:26:00,2026-08-13,15:26:00,338.6199951171875,338.8500061035156,338.54998779296875,338.6000061035156,45244
2026-08-13 15:27:00,2026-08-13,15:27:00,338.5899963378906,338.8399963378906,338.57000732421875,338.8160095214844,33424
2026-08-13 15:28:00,2026-08-13,15:28:00,338.8299865722656,338.9100036621094,338.75,338.7900085449219,41434
2026-08-13 15:29:00,2026-08-13,15:29:00,338.7900085449219,338.82000732421875,338.5849914550781,338.75,58681
2026-08-13 15:30:00,2026-08-13,15:30:00,338.7449951171875,338.9200134277344,338.42999267578125,338.885009765625,96838
2026-08-13 15:31:00,2026-08-13,15:31:00,338.9100036621094,339.0400085449219,338.7900085449219,338.8861999511719,90397
2026-08-13 15:32:00,2026-08-13,15:32:00,338.8550109863281,339.010009765625,338.6400146484375,338.67498779296875,76510
2026-08-13 15:33:00,2026-08-13,15:33:00,338.6849975585937,339.010009765625,338.67999267578125,338.9349975585937,53613
2026-08-13 15:34:00,2026-08-13,15:34:00,338.9599914550781,339.0899963378906,338.8900146484375,339.04998779296875,47615
2026-08-13 15:35:00,2026-08-13,15:35:00,339.04998779296875,339.17138671875,338.8099975585937,338.864990234375,62375
2026-08-13 15:36:00,2026-08-13,15:36:00,338.8550109863281,339.1099853515625,338.8099975585937,339.0400085449219,36881
2026-08-13 15:37:00,2026-08-13,15:37:00,339.0400085449219,339.19000244140625,338.8900146484375,339.19000244140625,63322
2026-08-13 15:38:00,2026-08-13,15:38:00,339.1499938964844,339.3699951171875,339.0599975585937,339.2980041503906,81008
2026-08-13 15:39:00,2026-08-13,15:39:00,339.2900085449219,339.3593139648437,338.9599914550781,339.0599975585937,45137
2026-08-13 15:40:00,2026-08-13,15:40:00,339.04998779296875,339.7099914550781,339.04998779296875,339.67999267578125,87200
2026-08-13 15:41:00,2026-08-13,15:41:00,339.6600036621094,339.739990234375,339.5,339.6099853515625,92165
2026-08-13 15:42:00,2026-08-13,15:42:00,339.57000732421875,339.6700134277344,339.3200988769531,339.389892578125,52804
2026-08-13 15:43:00,2026-08-13,15:43:00,339.3599853515625,339.5599060058594,339.3450012207031,339.5002136230469,70863
2026-08-13 15:44:00,2026-08-13,15:44:00,339.4800109863281,339.5,339.2099914550781,339.4100036621094,48945
2026-08-13 15:45:00,2026-08-13,15:45:00,339.3599853515625,339.5350036621094,339.2699890136719,339.3699951171875,86091
2026-08-13 15:46:00,2026-08-13,15:46:00,339.3599853515625,339.6600036621094,339.2900085449219,339.5799865722656,48079
2026-08-13 15:47:00,2026-08-13,15:47:00,339.5950012207031,339.6400146484375,339.4549865722656,339.54998779296875,56599
2026-08-13 15:48:00,2026-08-13,15:48:00,339.5299987792969,339.6199951171875,339.4800109863281,339.5899963378906,38017
2026-08-13 15:49:00,2026-08-13,15:49:00,339.5599975585937,339.5899963378906,339.2099914550781,339.3500061035156,87808
2026-08-13 15:50:00,2026-08-13,15:50:00,339.32000732421875,339.8299865722656,339.2799987792969,339.3599853515625,94286
2026-08-13 15:51:00,2026-08-13,15:51:00,339.3500061035156,339.3500061035156,338.9100036621094,339.010009765625,109568
2026-08-13 15:52:00,2026-08-13,15:52:00,338.9700012207031,339.31988525390625,338.8800048828125,338.8800048828125,94904
2026-08-13 15:53:00,2026-08-13,15:53:00,338.9049987792969,339.20001220703125,338.8099975585937,339.125,111935
2026-08-13 15:54:00,2026-08-13,15:54:00,339.1549987792969,339.1600036621094,338.82000732421875,339.0199890136719,93889
2026-08-13 15:55:00,2026-08-13,15:55:00,339.0199890136719,339.2200012207031,338.8999938964844,339.1863098144531,124587
2026-08-13 15:56:00,2026-08-13,15:56:00,339.19000244140625,339.9590148925781,339.1199951171875,339.94000244140625,215804
2026-08-13 15:57:00,2026-08-13,15:57:00,339.94000244140625,340.32000732421875,339.9200134277344,340.17498779296875,206668
2026-08-13 15:58:00,2026-08-13,15:58:00,340.1600036621094,340.20001220703125,339.92999267578125,339.9649963378906,215775
2026-08-13 15:59:00,2026-08-13,15:59:00,339.95001220703125,340.1099853515625,339.8399963378906,340.07000732421875,533941
2026-08-14 09:30:00,2026-08-14,09:30:00,342.3299865722656,345.010009765625,342.010009765625,344.25,2005757
2026-08-14 09:31:00,2026-08-14,09:31:00,344.0599975585937,344.6099853515625,342.6700134277344,342.6700134277344,194342
2026-08-14 09:32:00,2026-08-14,09:32:00,342.7200012207031,344.1094970703125,342.4349975585937,343.8099975585937,249819
2026-08-14 09:33:00,2026-08-14,09:33:00,343.7699890136719,345.1499938964844,343.7200012207031,344.30499267578125,298613
2026-08-14 09:34:00,2026-08-14,09:34:00,344.3900146484375,345.6199951171875,343.9100036621094,345.2300109863281,254777
2026-08-14 09:35:00,2026-08-14,09:35:00,345.2300109863281,346.8599853515625,344.82000732421875,346.7300109863281,350894
2026-08-14 09:36:00,2026-08-14,09:36:00,346.7300109863281,347.1199951171875,345.7099914550781,345.9549865722656,333619
2026-08-14 09:37:00,2026-08-14,09:37:00,345.9549865722656,347.0,345.3999938964844,345.80499267578125,246723
2026-08-14 09:38:00,2026-08-14,09:38:00,345.8598937988281,347.09991455078125,345.7470092773437,346.1787109375,199294
2026-08-14 09:39:00,2026-08-14,09:39:00,346.2149963378906,347.1000061035156,346.05010986328125,346.9100036621094,181951
2026-08-14 09:40:00,2026-08-14,09:40:00,346.9200134277344,347.3598937988281,346.4100036621094,346.885009765625,297126
2026-08-14 09:41:00,2026-08-14,09:41:00,346.9700012207031,347.42999267578125,346.2300109863281,346.4100036621094,225006
2026-08-14 09:42:00,2026-08-14,09:42:00,346.5199890136719,346.5199890136719,345.3299865722656,345.44000244140625,298893
2026-08-14 09:43:00,2026-08-14,09:43:00,345.5199890136719,346.2799072265625,345.1075134277344,345.8900146484375,167273
2026-08-14 09:44:00,2026-08-14,09:44:00,345.8900146484375,347.79998779296875,345.5899963378906,347.5400085449219,310854
2026-08-14 09:45:00,2026-08-14,09:45:00,347.5400085449219,348.7699890136719,347.3399963378906,347.4295959472656,436023
2026-08-14 09:46:00,2026-08-14,09:46:00,347.3835144042969,347.8494873046875,346.3699951171875,346.6716003417969,357806
2026-08-14 09:47:00,2026-08-14,09:47:00,346.6499938964844,348.2099914550781,346.25,348.0687866210937,169155
2026-08-14 09:48:00,2026-08-14,09:48:00,348.1000061035156,348.739990234375,347.8999938964844,348.7161865234375,307144
2026-08-14 09:49:00,2026-08-14,09:49:00,348.67999267578125,348.989990234375,348.2900085449219,348.2908935546875,288240
2026-08-14 09:50:00,2026-08-14,09:50:00,348.3299865722656,349.42999267578125,348.25,349.31988525390625,261636
2026-08-14 09:51:00,2026-08-14,09:51:00,349.2699890136719,349.9200134277344,348.57000732421875,349.4898986816406,362286
2026-08-14 09:52:00,2026-08-14,09:52:00,349.4200134277344,349.9800109863281,349.4129943847656,349.57000732421875,373228
2026-08-14 09:53:00,2026-08-14,09:53:00,349.57000732421875,349.6300048828125,348.45001220703125,348.7049865722656,247984
2026-08-14 09:54:00,2026-08-14,09:54:00,348.7049865722656,349.5799865722656,348.3999938964844,349.364990234375,185432
2026-08-14 09:55:00,2026-08-14,09:55:00,349.364990234375,349.6000061035156,348.9700012207031,349.07000732421875,144075
2026-08-14 09:56:00,2026-08-14,09:56:00,349.06500244140625,349.95001220703125,348.9700012207031,349.8999938964844,224443
2026-08-14 09:57:00,2026-08-14,09:57:00,349.79998779296875,350.0400085449219,349.44000244140625,349.6099853515625,367923
2026-08-14 09:58:00,2026-08-14,09:58:00,349.5793151855469,349.8500061035156,348.4200134277344,349.3699951171875,275217
2026-08-14 09:59:00,2026-08-14,09:59:00,349.3381042480469,350.3500061035156,349.3099975585937,349.92498779296875,248862
2026-08-14 10:00:00,2026-08-14,10:00:00,350.0899963378906,350.3500061035156,349.44000244140625,349.80499267578125,165828
2026-08-14 10:01:00,2026-08-14,10:01:00,349.7799987792969,350.20001220703125,349.1400146484375,349.7950134277344,196082
2026-08-14 10:02:00,2026-08-14,10:02:00,349.69000244140625,349.7898864746094,349.2301025390625,349.7300109863281,129050
2026-08-14 10:03:00,2026-08-14,10:03:00,349.7699890136719,349.8800048828125,349.4800109863281,349.4800109863281,98037
2026-08-14 10:04:00,2026-08-14,10:04:00,349.4849853515625,350.25,349.42498779296875,349.9700012207031,171364
2026-08-14 10:05:00,2026-08-14,10:05:00,349.9800109863281,350.968994140625,349.94000244140625,350.9049987792969,241579
2026-08-14 10:06:00,2026-08-14,10:06:00,350.9049987792969,351.1000061035156,350.3399963378906,350.49200439453125,256188
2026-08-14 10:07:00,2026-08-14,10:07:00,350.5286865234375,351.0450134277344,350.4200134277344,350.6700134277344,149155
2026-08-14 10:08:00,2026-08-14,10:08:00,350.69500732421875,351.260009765625,350.510009765625,350.7900085449219,196135
2026-08-14 10:09:00,2026-08-14,10:09:00,350.7650146484375,351.0050048828125,349.9100036621094,349.92999267578125,221387
2026-08-14 10:10:00,2026-08-14,10:10:00,349.9549865722656,350.010009765625,348.9301147460937,349.20660400390625,262024
2026-08-14 10:11:00,2026-08-14,10:11:00,349.1303100585937,349.29998779296875,348.53009033203125,348.6875,213191
2026-08-14 10:12:00,2026-08-14,10:12:00,348.6849975585937,348.7799987792969,347.75,348.010009765625,265864
2026-08-14 10:13:00,2026-08-14,10:13:00,348.0400085449219,348.1300048828125,347.5,347.9020080566406,195667
2026-08-14 10:14:00,2026-08-14,10:14:00,347.8399963378906,347.8999938964844,346.9200134277344,347.0310974121094,140480
2026-08-14 10:15:00,2026-08-14,10:15:00,347.0599975585937,348.1099853515625,346.8599853515625,347.9949951171875,229451
2026-08-14 10:16:00,2026-08-14,10:16:00,347.989990234375,348.0899963378906,347.3299865722656,347.5,152577
2026-08-14 10:17:00,2026-08-14,10:17:00,347.4549865722656,348.4800109863281,347.4515075683594,348.2300109863281,191584
2026-08-14 10:18:00,2026-08-14,10:18:00,348.2650146484375,348.3349914550781,347.0,347.17498779296875,166702
2026-08-14 10:19:00,2026-08-14,10:19:00,347.17498779296875,347.2370910644531,346.2699890136719,346.2699890136719,206799
2026-08-14 10:20:00,2026-08-14,10:20:00,346.3999938964844,346.70001220703125,346.0400085449219,346.5049133300781,176571
2026-08-14 10:21:00,2026-08-14,10:21:00,346.4717102050781,347.0799865722656,346.3099975585937,346.614990234375,183838
2026-08-14 10:22:00,2026-08-14,10:22:00,346.614990234375,346.6400146484375,346.07000732421875,346.15399169921875,135739
2026-08-14 10:23:00,2026-08-14,10:23:00,346.3099060058594,346.58990478515625,345.92999267578125,346.0400085449219,127680
2026-08-14 10:24:00,2026-08-14,10:24:00,346.06500244140625,346.19000244140625,345.6199951171875,345.9696960449219,140493
2026-08-14 10:25:00,2026-08-14,10:25:00,345.8699951171875,346.67999267578125,345.6499938964844,346.6015014648437,149671
2026-08-14 10:26:00,2026-08-14,10:26:00,346.57000732421875,346.70001220703125,345.9670104980469,346.510009765625,96104
2026-08-14 10:27:00,2026-08-14,10:27:00,346.5940856933594,346.79998779296875,346.17999267578125,346.44219970703125,90794
2026-08-14 10:28:00,2026-08-14,10:28:00,346.510009765625,346.7308044433594,346.3500061035156,346.489990234375,73643
2026-08-14 10:29:00,2026-08-14,10:29:00,346.5083923339844,346.5083923339844,346.010009765625,346.2200012207031,76616
2026-08-14 10:30:00,2026-08-14,10:30:00,346.2699890136719,346.3900146484375,345.3500061035156,345.39410400390625,143906
2026-08-14 10:31:00,2026-08-14,10:31:00,345.3999938964844,345.8599853515625,345.3500061035156,345.6050109863281,92429
2026-08-14 10:32:00,2026-08-14,10:32:00,345.63140869140625,345.7669982910156,345.0799865722656,345.2749938964844,112234
2026-08-14 10:33:00,2026-08-14,10:33:00,345.2749938964844,345.2900085449219,344.5299987792969,344.61090087890625,191185
2026-08-14 10:34:00,2026-08-14,10:34:00,344.6000061035156,345.1400146484375,344.3500061035156,345.0199890136719,138685
2026-08-14 10:35:00,2026-08-14,10:35:00,345.07000732421875,345.239990234375,344.8016967773437,345.0299987792969,122232
2026-08-14 10:36:00,2026-08-14,10:36:00,344.9859924316406,345.5899963378906,344.8800048828125,345.4649963378906,185177
2026-08-14 10:37:00,2026-08-14,10:37:00,345.5,345.5,344.9599914550781,344.9750061035156,87135
2026-08-14 10:38:00,2026-08-14,10:38:00,344.964599609375,345.26129150390625,344.860107421875,345.1199951171875,53867
2026-08-14 10:39:00,2026-08-14,10:39:00,345.1199951171875,345.17999267578125,344.9200134277344,345.1300048828125,41717
2026-08-14 10:40:00,2026-08-14,10:40:00,345.0199890136719,345.1000061035156,343.6199951171875,343.7149963378906,261761
2026-08-14 10:41:00,2026-08-14,10:41:00,343.7149963378906,344.2550048828125,343.6000061035156,344.2049865722656,157763
2026-08-14 10:42:00,2026-08-14,10:42:00,344.19000244140625,344.3800048828125,343.5,343.7698974609375,112488
2026-08-14 10:43:00,2026-08-14,10:43:00,343.7349853515625,343.83990478515625,343.0199890136719,343.1785888671875,160546
2026-08-14 10:44:00,2026-08-14,10:44:00,343.20001220703125,343.29998779296875,342.79998779296875,342.8299865722656,152170
2026-08-14 10:45:00,2026-08-14,10:45:00,342.8478088378906,343.1000061035156,342.6499938964844,343.0885925292969,106661
2026-08-14 10:46:00,2026-08-14,10:46:00,343.1000061035156,343.5899963378906,342.8099975585937,342.8450012207031,171809
2026-08-14 10:47:00,2026-08-14,10:47:00,342.8500061035156,342.8500061035156,342.0199890136719,342.3399963378906,174391
2026-08-14 10:48:00,2026-08-14,10:48:00,342.31060791015625,342.82049560546875,342.2699890136719,342.67999267578125,141806
2026-08-14 10:49:00,2026-08-14,10:49:00,342.6600036621094,342.7300109863281,342.3385009765625,342.61700439453125,95613
2026-08-14 10:50:00,2026-08-14,10:50:00,342.6520080566406,342.8598937988281,342.44000244140625,342.6300048828125,92500
2026-08-14 10:51:00,2026-08-14,10:51:00,342.6300048828125,342.6400146484375,342.2799987792969,342.37811279296875,74430
2026-08-14 10:52:00,2026-08-14,10:52:00,342.3999938964844,342.45001220703125,341.9599914550781,342.1300048828125,126918
2026-08-14 10:53:00,2026-08-14,10:53:00,342.1300048828125,342.239990234375,341.6300048828125,341.7900085449219,127651
2026-08-14 10:54:00,2026-08-14,10:54:00,341.7699890136719,342.0,341.5799865722656,341.5799865722656,95435
2026-08-14 10:55:00,2026-08-14,10:55:00,341.5802001953125,341.6499938964844,341.1400146484375,341.1600036621094,136348
2026-08-14 10:56:00,2026-08-14,10:56:00,341.1400146484375,341.9599914550781,340.95001220703125,341.9100036621094,184687
2026-08-14 10:57:00,2026-08-14,10:57:00,341.8700866699219,342.1000061035156,341.5799865722656,341.9285888671875,116921
2026-08-14 10:58:00,2026-08-14,10:58:00,342.0,342.010009765625,341.3099975585937,341.4549865722656,78534
2026-08-14 10:59:00,2026-08-14,10:59:00,341.4549865722656,341.739990234375,341.1700134277344,341.20001220703125,81866
2026-08-14 11:00:00,2026-08-14,11:00:00,341.1600952148437,341.5199890136719,341.010009765625,341.4049987792969,102115
2026-08-14 11:01:00,2026-08-14,11:01:00,341.42498779296875,341.4800109863281,340.6600036621094,340.8550109863281,167039
2026-08-14 11:02:00,2026-08-14,11:02:00,340.864990234375,341.1000061035156,340.3999938964844,340.4010925292969,134377
2026-08-14 11:03:00,2026-08-14,11:03:00,340.42999267578125,340.6300048828125,339.75,339.9800109863281,237491
2026-08-14 11:04:00,2026-08-14,11:04:00,340.0799865722656,340.45001220703125,339.6199951171875,340.42498779296875,206862
2026-08-14 11:05:00,2026-08-14,11:05:00,340.42498779296875,340.5799865722656,340.239990234375,340.3500061035156,121493
2026-08-14 11:06:00,2026-08-14,11:06:00,340.3450012207031,340.3599853515625,339.7799987792969,339.9599914550781,107868
2026-08-14 11:07:00,2026-08-14,11:07:00,339.8999938964844,339.8999938964844,339.5899963378906,339.6200866699219,95447
2026-08-14 11:08:00,2026-08-14,11:08:00,339.6191101074219,340.1000061035156,339.6127014160156,339.7749938964844,84203
2026-08-14 11:09:00,2026-08-14,11:09:00,339.730712890625,339.82000732421875,339.260009765625,339.3599853515625,100741
2026-08-14 11:10:00,2026-08-14,11:10:00,339.3099975585937,339.510009765625,339.1700134277344,339.3900146484375,89984
2026-08-14 11:11:00,2026-08-14,11:11:00,339.42999267578125,339.7784118652344,339.3599853515625,339.3999938964844,98311
2026-08-14 11:12:00,2026-08-14,11:12:00,339.3703918457031,339.4700012207031,338.95001220703125,339.0899963378906,157047
2026-08-14 11:13:00,2026-08-14,11:13:00,339.0845947265625,339.40008544921875,338.8500061035156,339.1784973144531,218305
2026-08-14 11:14:00,2026-08-14,11:14:00,339.17999267578125,339.17999267578125,338.45001220703125,338.45001220703125,125466
2026-08-14 11:15:00,2026-08-14,11:15:00,338.4800109863281,338.7200012207031,338.0599975585937,338.3399963378906,175245
2026-08-14 11:16:00,2026-08-14,11:16:00,338.3699035644531,338.489990234375,337.8099975585937,337.92498779296875,147073
2026-08-14 11:17:00,2026-08-14,11:17:00,337.9700012207031,338.2898864746094,337.739990234375,338.0299987792969,116760
2026-08-14 11:18:00,2026-08-14,11:18:00,338.05029296875,338.3299865722656,337.9316101074219,338.0599975585937,92420
2026-08-14 11:19:00,2026-08-14,11:19:00,338.0599975585937,338.1000061035156,337.510009765625,337.7099914550781,139546
2026-08-14 11:20:00,2026-08-14,11:20:00,337.7200012207031,337.7814025878906,337.1400146484375,337.2699890136719,136571
2026-08-14 11:21:00,2026-08-14,11:21:00,337.3099060058594,337.3900146484375,336.8999938964844,336.94989013671875,144327
2026-08-14 11:22:00,2026-08-14,11:22:00,336.94000244140625,337.0,336.5,336.6767883300781,158300
2026-08-14 11:23:00,2026-08-14,11:23:00,336.6300048828125,337.3599853515625,336.6300048828125,336.9649963378906,171260
2026-08-14 11:24:00,2026-08-14,11:24:00,336.9649963378906,337.010009765625,336.2699890136719,336.3599853515625,134576
2026-08-14 11:25:00,2026-08-14,11:25:00,336.3599853515625,336.75,336.2200012207031,336.4100036621094,130199
2026-08-14 11:26:00,2026-08-14,11:26:00,336.4100036621094,336.489990234375,336.010009765625,336.25,82590
2026-08-14 11:27:00,2026-08-14,11:27:00,336.239990234375,336.29998779296875,335.5400085449219,335.6199951171875,188401
2026-08-14 11:28:00,2026-08-14,11:28:00,335.6000061035156,336.239990234375,335.3305969238281,336.17498779296875,229610
2026-08-14 11:29:00,2026-08-14,11:29:00,336.19500732421875,337.54998779296875,336.1600036621094,337.3546142578125,307932
2026-08-14 11:30:00,2026-08-14,11:30:00,337.3399963378906,337.45001220703125,336.3299865722656,336.4349975585937,150825
2026-08-14 11:31:00,2026-08-14,11:31:00,336.4142150878906,336.6700134277344,336.3099975585937,336.6050109863281,104502
2026-08-14 11:32:00,2026-08-14,11:32:00,336.6698913574219,336.8800048828125,336.5299987792969,336.7200012207031,89842
2026-08-14 11:33:00,2026-08-14,11:33:00,336.7200012207031,336.9700012207031,336.6300964355469,336.7300109863281,91918
2026-08-14 11:34:00,2026-08-14,11:34:00,336.70001220703125,336.9529113769531,336.3800048828125,336.6000061035156,101325
2026-08-14 11:35:00,2026-08-14,11:35:00,336.5400085449219,337.1499938964844,336.5400085449219,337.1050109863281,108958
2026-08-14 11:36:00,2026-08-14,11:36:00,337.1499938964844,337.510009765625,336.9800109863281,337.1000061035156,145796
2026-08-14 11:37:00,2026-08-14,11:37:00,337.1361999511719,337.4800109863281,336.79998779296875,337.1000061035156,102554
2026-08-14 11:38:00,2026-08-14,11:38:00,337.1700134277344,337.67608642578125,336.92999267578125,337.0400085449219,145351
2026-08-14 11:39:00,2026-08-14,11:39:00,337.081787109375,337.45001220703125,336.92999267578125,337.0038146972656,110909
2026-08-14 11:40:00,2026-08-14,11:40:00,337.0155029296875,337.2554016113281,336.8909912109375,336.9849853515625,68874
2026-08-14 11:41:00,2026-08-14,11:41:00,336.9849853515625,337.82000732421875,336.9849853515625,337.7699890136719,98428
2026-08-14 11:42:00,2026-08-14,11:42:00,337.760009765625,337.760009765625,337.5,337.6000061035156,92432
2026-08-14 11:43:00,2026-08-14,11:43:00,337.6099853515625,337.8299865722656,337.5101013183594,337.6700134277344,72941
2026-08-14 11:44:00,2026-08-14,11:44:00,337.6700134277344,338.0,337.5736083984375,337.6698913574219,103487
2026-08-14 11:45:00,2026-08-14,11:45:00,337.6095886230469,337.9399108886719,337.4700012207031,337.9399108886719,89999
2026-08-14 11:46:00,2026-08-14,11:46:00,337.9049987792969,338.0,337.6300048828125,337.6700134277344,75486
2026-08-14 11:47:00,2026-08-14,11:47:00,337.67999267578125,337.8500061035156,337.3905029296875,337.3999938964844,83939
2026-08-14 11:48:00,2026-08-14,11:48:00,337.4115905761719,337.8500061035156,337.3099975585937,337.8299865722656,74884
2026-08-14 11:49:00,2026-08-14,11:49:00,337.84991455078125,338.0,337.3962097167969,337.6650085449219,114309
2026-08-14 11:50:00,2026-08-14,11:50:00,337.6650085449219,337.83160400390625,337.2099914550781,337.3703918457031,75765
2026-08-14 11:51:00,2026-08-14,11:51:00,337.40350341796875,337.6199951171875,337.2300109863281,337.510009765625,43244
2026-08-14 11:52:00,2026-08-14,11:52:00,337.4700927734375,337.7300109863281,337.4100036621094,337.7200012207031,37831
2026-08-14 11:53:00,2026-08-14,11:53:00,337.70001220703125,338.3799133300781,337.5400085449219,338.3500061035156,116930
2026-08-14 11:54:00,2026-08-14,11:54:00,338.3599853515625,338.70001220703125,338.19000244140625,338.5,135595
2026-08-14 11:55:00,2026-08-14,11:55:00,338.4549865722656,338.7799987792969,338.4005126953125,338.6300048828125,105729
2026-08-14 11:56:00,2026-08-14,11:56:00,338.6400146484375,338.67999267578125,338.1499938964844,338.510009765625,131693
2026-08-14 11:57:00,2026-08-14,11:57:00,338.54998779296875,338.54998779296875,338.2699890136719,338.3599853515625,73452
2026-08-14 11:58:00,2026-08-14,11:58:00,338.3699951171875,339.0199890136719,338.3599853515625,338.8599853515625,131163
2026-08-14 11:59:00,2026-08-14,11:59:00,338.8599853515625,338.9755859375,338.6099853515625,338.70001220703125,71296
2026-08-14 12:00:00,2026-08-14,12:00:00,338.70001220703125,339.2298889160156,338.6683959960937,339.1700134277344,107182
2026-08-14 12:01:00,2026-08-14,12:01:00,339.1700134277344,339.32989501953125,339.0,339.0599975585937,82923
2026-08-14 12:02:00,2026-08-14,12:02:00,339.0799865722656,339.1499938964844,338.8599853515625,338.8599853515625,47546
2026-08-14 12:03:00,2026-08-14,12:03:00,338.86279296875,339.1000061035156,338.826904296875,338.9912109375,52390
2026-08-14 12:04:00,2026-08-14,12:04:00,338.989990234375,339.2894897460937,338.9309997558594,338.9999084472656,58382
2026-08-14 12:05:00,2026-08-14,12:05:00,338.94000244140625,339.2099914550781,338.94000244140625,339.1000061035156,71789
2026-08-14 12:06:00,2026-08-14,12:06:00,339.0599975585937,339.1199951171875,338.739990234375,338.8888854980469,77591
2026-08-14 12:07:00,2026-08-14,12:07:00,338.9295959472656,339.3500061035156,338.8500061035156,339.2380065917969,66985
2026-08-14 12:08:00,2026-08-14,12:08:00,339.2799987792969,339.29998779296875,338.9700012207031,339.1600036621094,60250
2026-08-14 12:09:00,2026-08-14,12:09:00,339.1449890136719,339.4599914550781,339.0600891113281,339.2701110839844,76448
2026-08-14 12:10:00,2026-08-14,12:10:00,339.3399963378906,339.59039306640625,339.2265930175781,339.5450134277344,55034
2026-08-14 12:11:00,2026-08-14,12:11:00,339.5,339.69000244140625,339.3999938964844,339.5604858398437,93119
2026-08-14 12:12:00,2026-08-14,12:12:00,339.5599975585937,339.9081115722656,339.45001220703125,339.8599853515625,125283
2026-08-14 12:13:00,2026-08-14,12:13:00,339.875,340.4200134277344,339.760009765625,340.1000061035156,168787
2026-08-14 12:14:00,2026-08-14,12:14:00,340.047607421875,340.6199951171875,339.94000244140625,340.6199951171875,119718
2026-08-14 12:15:00,2026-08-14,12:15:00,340.614990234375,340.630615234375,340.0675048828125,340.1549987792969,88235
2026-08-14 12:16:00,2026-08-14,12:16:00,340.1647033691406,340.6499938964844,340.1549987792969,340.5299987792969,203489
2026-08-14 12:17:00,2026-08-14,12:17:00,340.5299987792969,340.5299987792969,339.4599914550781,339.5263061523437,184236
2026-08-14 12:18:00,2026-08-14,12:18:00,339.510009765625,340.1600036621094,339.4750061035156,339.9599914550781,105915
2026-08-14 12:19:00,2026-08-14,12:19:00,340.010009765625,340.1000061035156,339.54998779296875,339.79998779296875,58046
2026-08-14 12:20:00,2026-08-14,12:20:00,339.82000732421875,339.8999938964844,339.6400146484375,339.76708984375,41219
2026-08-14 12:21:00,2026-08-14,12:21:00,339.70001220703125,340.0599975585937,339.54010009765625,339.9349975585937,89503
2026-08-14 12:22:00,2026-08-14,12:22:00,339.9301147460937,340.3299865722656,339.843994140625,340.2650146484375,62253
2026-08-14 12:23:00,2026-08-14,12:23:00,340.2799987792969,340.4100036621094,340.1199951171875,340.260009765625,100930
2026-08-14 12:24:00,2026-08-14,12:24:00,340.239990234375,340.2699890136719,339.9100036621094,340.0199890136719,59566
2026-08-14 12:25:00,2026-08-14,12:25:00,339.9949951171875,340.1400146484375,339.9100036621094,340.0150146484375,64925
2026-08-14 12:26:00,2026-08-14,12:26:00,340.0350036621094,340.047607421875,339.6700134277344,339.8550109863281,52832
2026-08-14 12:27:00,2026-08-14,12:27:00,339.8367004394531,340.3500061035156,339.8301086425781,340.2250061035156,70220
2026-08-14 12:28:00,2026-08-14,12:28:00,340.25,340.6499938964844,340.2200012207031,340.625,64471
2026-08-14 12:29:00,2026-08-14,12:29:00,340.6400146484375,340.6897888183594,340.4100036621094,340.67498779296875,59264
2026-08-14 12:30:00,2026-08-14,12:30:00,340.70001220703125,340.8399963378906,340.5400085449219,340.5899963378906,75130
2026-08-14 12:31:00,2026-08-14,12:31:00,340.5400085449219,340.6199951171875,340.07049560546875,340.07049560546875,82271
2026-08-14 12:32:00,2026-08-14,12:32:00,340.0769958496094,340.1300048828125,339.8800048828125,340.0199890136719,96475
2026-08-14 12:33:00,2026-08-14,12:33:00,339.989990234375,340.1561889648437,339.7099914550781,339.8351135253906,90503
2026-08-14 12:34:00,2026-08-14,12:34:00,339.8299865722656,339.9598999023437,339.5400085449219,339.8900146484375,65102
2026-08-14 12:35:00,2026-08-14,12:35:00,339.885009765625,340.07000732421875,339.8500061035156,339.95001220703125,49649
2026-08-14 12:36:00,2026-08-14,12:36:00,339.9349975585937,340.2799987792969,339.9349975585937,340.19500732421875,51974
2026-08-14 12:37:00,2026-08-14,12:37:00,340.239990234375,340.3299865722656,340.0599975585937,340.0799865722656,39522
2026-08-14 12:38:00,2026-08-14,12:38:00,340.0599975585937,340.1000061035156,339.8099975585937,339.8599853515625,45752
2026-08-14 12:39:00,2026-08-14,12:39:00,339.8500061035156,339.8900146484375,339.4800109863281,339.7611083984375,93911
2026-08-14 12:40:00,2026-08-14,12:40:00,339.7900085449219,339.8550109863281,339.5400085449219,339.5599975585937,41642
2026-08-14 12:41:00,2026-08-14,12:41:00,339.54998779296875,339.7799987792969,339.2699890136719,339.772705078125,87745
2026-08-14 12:42:00,2026-08-14,12:42:00,339.7550048828125,339.9800109863281,339.6700134277344,339.8599853515625,60677
2026-08-14 12:43:00,2026-08-14,12:43:00,339.8900146484375,339.8999938964844,339.5899963378906,339.625,30182
2026-08-14 12:44:00,2026-08-14,12:44:00,339.625,339.7900085449219,339.5199890136719,339.6849975585937,48985
2026-08-14 12:45:00,2026-08-14,12:45:00,339.6849975585937,339.6849975585937,339.3512878417969,339.5,68398
2026-08-14 12:46:00,2026-08-14,12:46:00,339.4800109863281,339.5498962402344,339.2200012207031,339.489990234375,42806
2026-08-14 12:47:00,2026-08-14,12:47:00,339.54998779296875,339.989990234375,339.54998779296875,339.9301147460937,64650
2026-08-14 12:48:00,2026-08-14,12:48:00,339.92999267578125,340.1034851074219,339.79998779296875,339.909912109375,47591
2026-08-14 12:49:00,2026-08-14,12:49:00,339.8362121582031,340.1199951171875,339.8362121582031,339.9100036621094,25990
2026-08-14 12:50:00,2026-08-14,12:50:00,339.9100036621094,339.989990234375,339.8099975585937,339.8800048828125,24540
2026-08-14 12:51:00,2026-08-14,12:51:00,339.8999938964844,339.9599914550781,339.6700134277344,339.7300109863281,50187
2026-08-14 12:52:00,2026-08-14,12:52:00,339.75030517578125,339.7900085449219,339.4620056152344,339.4700012207031,40764
2026-08-14 12:53:00,2026-08-14,12:53:00,339.5,339.6199035644531,339.2500915527344,339.2799987792969,73126
2026-08-14 12:54:00,2026-08-14,12:54:00,339.2119140625,339.3598937988281,339.0199890136719,339.21148681640625,75973
2026-08-14 12:55:00,2026-08-14,12:55:00,339.10009765625,339.27801513671875,338.92999267578125,339.20001220703125,58663
2026-08-14 12:56:00,2026-08-14,12:56:00,339.239990234375,339.239990234375,338.9119873046875,339.0599060058594,72782
2026-08-14 12:57:00,2026-08-14,12:57:00,339.0400085449219,339.1000061035156,338.8399963378906,339.0155944824219,89296
2026-08-14 12:58:00,2026-08-14,12:58:00,339.0,339.0198974609375,338.239990234375,338.3836975097656,124327
2026-08-14 12:59:00,2026-08-14,12:59:00,338.3301086425781,338.6000061035156,338.3219909667969,338.3219909667969,50978
2026-08-14 13:00:00,2026-08-14,13:00:00,338.3353881835937,338.5400085449219,337.9100036621094,338.0450134277344,90684
2026-08-14 13:01:00,2026-08-14,13:01:00,338.07000732421875,338.1600036621094,337.8299865722656,337.8399963378906,83595
2026-08-14 13:02:00,2026-08-14,13:02:00,337.8349914550781,338.3374938964844,337.8099975585937,338.2499084472656,101153
2026-08-14 13:03:00,2026-08-14,13:03:00,338.2300109863281,338.75,338.20001220703125,338.7099914550781,73914
2026-08-14 13:04:00,2026-08-14,13:04:00,338.7099914550781,339.1700134277344,338.5599975585937,338.92999267578125,109037
2026-08-14 13:05:00,2026-08-14,13:05:00,338.9200134277344,339.07000732421875,338.75,338.7749938964844,41333
2026-08-14 13:06:00,2026-08-14,13:06:00,338.739990234375,339.0599975585937,338.70001220703125,338.7099914550781,49944
2026-08-14 13:07:00,2026-08-14,13:07:00,338.7099914550781,339.0884094238281,338.7099914550781,339.0450134277344,35846
2026-08-14 13:08:00,2026-08-14,13:08:00,339.07000732421875,339.07000732421875,338.57000732421875,338.7349853515625,68233
2026-08-14 13:09:00,2026-08-14,13:09:00,338.7349853515625,338.7349853515625,338.3999938964844,338.625,64922
2026-08-14 13:10:00,2026-08-14,13:10:00,338.625,338.7894897460937,338.5400085449219,338.625,37400
2026-08-14 13:11:00,2026-08-14,13:11:00,338.5799865722656,338.75,338.5199890136719,338.7049865722656,26318
2026-08-14 13:12:00,2026-08-14,13:12:00,338.75,338.9700012207031,338.6182861328125,338.9090881347656,50594
2026-08-14 13:13:00,2026-08-14,13:13:00,338.9100036621094,339.0299987792969,338.8080139160156,338.864990234375,24423
2026-08-14 13:14:00,2026-08-14,13:14:00,338.8819885253906,338.94000244140625,338.739990234375,338.9200134277344,17834
2026-08-14 13:15:00,2026-08-14,13:15:00,338.9216003417969,338.989990234375,338.8500061035156,338.8599853515625,35432
2026-08-14 13:16:00,2026-08-14,13:16:00,338.94000244140625,338.94000244140625,338.5899963378906,338.8500061035156,33062
2026-08-14 13:17:00,2026-08-14,13:17:00,338.8500061035156,339.0899963378906,338.82000732421875,339.0299987792969,34691
2026-08-14 13:18:00,2026-08-14,13:18:00,339.0899963378906,339.4599914550781,339.07000732421875,339.4512939453125,85653
2026-08-14 13:19:00,2026-08-14,13:19:00,339.42999267578125,339.71160888671875,339.360107421875,339.6099853515625,72210
2026-08-14 13:20:00,2026-08-14,13:20:00,339.5799865722656,339.760009765625,339.5,339.67608642578125,81879
2026-08-14 13:21:00,2026-08-14,13:21:00,339.7298889160156,339.82000732421875,339.57000732421875,339.6836853027344,50381
2026-08-14 13:22:00,2026-08-14,13:22:00,339.6199951171875,339.82958984375,339.6199951171875,339.7138977050781,29492
2026-08-14 13:23:00,2026-08-14,13:23:00,339.7099914550781,339.9598999023437,339.6499938964844,339.8301086425781,43899
2026-08-14 13:24:00,2026-08-14,13:24:00,339.82000732421875,339.8599853515625,339.3800964355469,339.44000244140625,50444
2026-08-14 13:25:00,2026-08-14,13:25:00,339.4161071777344,339.4700012207031,339.090087890625,339.1105041503906,61472
2026-08-14 13:26:00,2026-08-14,13:26:00,339.110107421875,339.2456970214844,338.8999938964844,339.06988525390625,36346
2026-08-14 13:27:00,2026-08-14,13:27:00,339.1099853515625,339.2799987792969,339.0199890136719,339.17999267578125,30523
2026-08-14 13:28:00,2026-08-14,13:28:00,339.19500732421875,339.19500732421875,338.9901123046875,338.9901123046875,33529
2026-08-14 13:29:00,2026-08-14,13:29:00,339.0043029785156,339.3799133300781,338.92999267578125,339.31500244140625,61753
2026-08-14 13:30:00,2026-08-14,13:30:00,339.3299865722656,339.6499938964844,339.3099975585937,339.5350036621094,61438
2026-08-14 13:31:00,2026-08-14,13:31:00,339.57989501953125,340.0799865722656,339.57989501953125,340.0350036621094,97308
2026-08-14 13:32:00,2026-08-14,13:32:00,340.0299987792969,340.2499084472656,339.827392578125,340.2099914550781,54682
2026-08-14 13:33:00,2026-08-14,13:33:00,340.2099914550781,340.389892578125,340.1600036621094,340.2838134765625,56494
2026-08-14 13:34:00,2026-08-14,13:34:00,340.2749938964844,340.3099975585937,340.1199951171875,340.2701110839844,31151
2026-08-14 13:35:00,2026-08-14,13:35:00,340.2699890136719,340.6700134277344,340.2674865722656,340.6138916015625,72330
2026-08-14 13:36:00,2026-08-14,13:36:00,340.6300048828125,340.8299865722656,340.57000732421875,340.6400146484375,76042
2026-08-14 13:37:00,2026-08-14,13:37:00,340.6400146484375,340.6400146484375,340.3099975585937,340.489990234375,46689
2026-08-14 13:38:00,2026-08-14,13:38:00,340.4809875488281,340.70001220703125,340.3399963378906,340.6000061035156,49120
2026-08-14 13:39:00,2026-08-14,13:39:00,340.54998779296875,341.1400146484375,340.54998779296875,340.9349975585937,130150
2026-08-14 13:40:00,2026-08-14,13:40:00,340.92999267578125,341.19000244140625,340.87030029296875,341.0400085449219,65158
2026-08-14 13:41:00,2026-08-14,13:41:00,341.0400085449219,341.1000061035156,340.7799987792969,340.79998779296875,43016
2026-08-14 13:42:00,2026-08-14,13:42:00,340.7630920410156,341.1499938964844,340.7630920410156,341.1050109863281,54656
2026-08-14 13:43:00,2026-08-14,13:43:00,341.1050109863281,341.1099853515625,340.8399963378906,340.8399963378906,47420
2026-08-14 13:44:00,2026-08-14,13:44:00,340.8099975585937,341.1871032714844,340.79998779296875,341.1590881347656,58484
2026-08-14 13:45:00,2026-08-14,13:45:00,341.15399169921875,341.260009765625,340.8299865722656,340.9150085449219,75251
2026-08-14 13:46:00,2026-08-14,13:46:00,340.94000244140625,341.20001220703125,340.82000732421875,341.1499938964844,46109
2026-08-14 13:47:00,2026-08-14,13:47:00,341.1300048828125,341.1300048828125,340.7229919433594,340.9150085449219,52908
2026-08-14 13:48:00,2026-08-14,13:48:00,340.8900146484375,341.0299987792969,340.70001220703125,340.7680053710937,43834
2026-08-14 13:49:00,2026-08-14,13:49:00,340.7799987792969,340.94989013671875,340.69158935546875,340.7300109863281,24033
2026-08-14 13:50:00,2026-08-14,13:50:00,340.7430114746094,340.8900146484375,340.57000732421875,340.8900146484375,393126
2026-08-14 13:51:00,2026-08-14,13:51:00,340.8999938964844,341.1600036621094,340.88360595703125,341.0976867675781,50182
2026-08-14 13:52:00,2026-08-14,13:52:00,341.05499267578125,341.2300109863281,340.9100036621094,340.9700012207031,47834
2026-08-14 13:53:00,2026-08-14,13:53:00,341.0,341.2200012207031,340.92999267578125,341.0784912109375,53231
2026-08-14 13:54:00,2026-08-14,13:54:00,341.1099853515625,341.1698913574219,341.0299987792969,341.07000732421875,27547
2026-08-14 13:55:00,2026-08-14,13:55:00,341.07000732421875,341.1300048828125,340.9728088378906,341.0,31639
2026-08-14 13:56:00,2026-08-14,13:56:00,341.0400085449219,341.04998779296875,340.9201965332031,341.0199890136719,41413
2026-08-14 13:57:00,2026-08-14,13:57:00,341.0249938964844,341.25,341.0,341.19500732421875,29787
2026-08-14 13:58:00,2026-08-14,13:58:00,341.1604919433594,341.3299865722656,341.11968994140625,341.135009765625,65854
2026-08-14 13:59:00,2026-08-14,13:59:00,341.1499938964844,341.54998779296875,341.1499938964844,341.5199890136719,52312
2026-08-14 14:00:00,2026-08-14,14:00:00,341.5150146484375,341.76971435546875,341.42999267578125,341.5299987792969,92997
2026-08-14 14:01:00,2026-08-14,14:01:00,341.5599060058594,341.659912109375,341.3099975585937,341.3905944824219,53443
2026-08-14 14:02:00,2026-08-14,14:02:00,341.42999267578125,341.6499938964844,341.40008544921875,341.635009765625,45455
2026-08-14 14:03:00,2026-08-14,14:03:00,341.6514892578125,341.69000244140625,341.4375,341.45001220703125,75175
2026-08-14 14:04:00,2026-08-14,14:04:00,341.42999267578125,341.8599853515625,341.3699951171875,341.7695007324219,1085903
2026-08-14 14:05:00,2026-08-14,14:05:00,341.7300109863281,341.760009765625,341.32000732421875,341.635009765625,81823
2026-08-14 14:06:00,2026-08-14,14:06:00,341.6600036621094,341.7499084472656,341.3900146484375,341.4599914550781,218885
2026-08-14 14:07:00,2026-08-14,14:07:00,341.44000244140625,341.6000061035156,341.3301086425781,341.57501220703125,47222
2026-08-14 14:08:00,2026-08-14,14:08:00,341.55010986328125,341.8099975585937,341.5299987792969,341.7900085449219,60267
2026-08-14 14:09:00,2026-08-14,14:09:00,341.7550048828125,341.7799987792969,341.57000732421875,341.70001220703125,26283
2026-08-14 14:10:00,2026-08-14,14:10:00,341.7149963378906,341.79998779296875,341.6199951171875,341.6300964355469,42814
2026-08-14 14:11:00,2026-08-14,14:11:00,341.6650085449219,341.82000732421875,341.5101013183594,341.6400146484375,38889
2026-08-14 14:12:00,2026-08-14,14:12:00,341.610107421875,341.7799987792969,341.53009033203125,341.69000244140625,24726
2026-08-14 14:13:00,2026-08-14,14:13:00,341.67010498046875,341.7900085449219,341.61700439453125,341.7900085449219,25659
2026-08-14 14:14:00,2026-08-14,14:14:00,341.79998779296875,341.79998779296875,341.54998779296875,341.70001220703125,127763
2026-08-14 14:15:00,2026-08-14,14:15:00,341.7300109863281,341.8399963378906,341.65008544921875,341.7799987792969,38045
2026-08-14 14:16:00,2026-08-14,14:16:00,341.7799987792969,341.79998779296875,341.6300048828125,341.7349853515625,41336
2026-08-14 14:17:00,2026-08-14,14:17:00,341.7449951171875,341.7799987792969,341.6449890136719,341.760009765625,16902
2026-08-14 14:18:00,2026-08-14,14:18:00,341.7799987792969,342.25,341.7699890136719,342.1600036621094,130699
2026-08-14 14:19:00,2026-08-14,14:19:00,342.1600036621094,342.19000244140625,341.9200134277344,341.9649963378906,72009
2026-08-14 14:20:00,2026-08-14,14:20:00,341.989990234375,342.17999267578125,341.89599609375,342.1499938964844,86405
2026-08-14 14:21:00,2026-08-14,14:21:00,342.1600036621094,342.54998779296875,342.0899963378906,342.3399963378906,154631
2026-08-14 14:22:00,2026-08-14,14:22:00,342.3599853515625,342.54998779296875,342.3399963378906,342.4100036621094,100684
2026-08-14 14:23:00,2026-08-14,14:23:00,342.4049987792969,342.4700012207031,342.19000244140625,342.20831298828125,49960
2026-08-14 14:24:00,2026-08-14,14:24:00,342.239990234375,342.25,342.04998779296875,342.1199951171875,56656
2026-08-14 14:25:00,2026-08-14,14:25:00,342.1304931640625,342.2699890136719,342.110107421875,342.12139892578125,44206
2026-08-14 14:26:00,2026-08-14,14:26:00,342.1600036621094,342.260009765625,342.1000061035156,342.1099853515625,34757
2026-08-14 14:27:00,2026-08-14,14:27:00,342.1099853515625,342.6000061035156,342.0899963378906,342.2699890136719,77689
2026-08-14 14:28:00,2026-08-14,14:28:00,342.2933044433594,342.2933044433594,341.6400146484375,341.6600036621094,95088
2026-08-14 14:29:00,2026-08-14,14:29:00,341.6499938964844,341.9200134277344,341.5899963378906,341.82000732421875,55310
2026-08-14 14:30:00,2026-08-14,14:30:00,341.8598937988281,341.948486328125,341.67010498046875,341.92999267578125,52471
2026-08-14 14:31:00,2026-08-14,14:31:00,341.94989013671875,342.1199951171875,341.8999938964844,341.8999938964844,47730
2026-08-14 14:32:00,2026-08-14,14:32:00,341.9183044433594,341.9700012207031,341.4599914550781,341.92999267578125,75106
2026-08-14 14:33:00,2026-08-14,14:33:00,341.9599914550781,341.9700012207031,341.6300048828125,341.739990234375,26408
2026-08-14 14:34:00,2026-08-14,14:34:00,341.75,341.8399963378906,341.57000732421875,341.6669921875,39501
2026-08-14 14:35:00,2026-08-14,14:35:00,341.6838073730469,341.74859619140625,341.3399963378906,341.40008544921875,69334
2026-08-14 14:36:00,2026-08-14,14:36:00,341.4349975585937,341.6499938964844,341.4349975585937,341.5599060058594,38586
2026-08-14 14:37:00,2026-08-14,14:37:00,341.5320129394531,341.6400146484375,341.29998779296875,341.33990478515625,72512
2026-08-14 14:38:00,2026-08-14,14:38:00,341.29998779296875,341.4649963378906,341.0400085449219,341.3840026855469,111673
2026-08-14 14:39:00,2026-08-14,14:39:00,341.3999938964844,341.42950439453125,341.1199951171875,341.1700134277344,45637
2026-08-14 14:40:00,2026-08-14,14:40:00,341.1867980957031,341.489990234375,341.1099853515625,341.465087890625,47479
2026-08-14 14:41:00,2026-08-14,14:41:00,341.4649963378906,341.6499938964844,341.4400939941406,341.54010009765625,50508
2026-08-14 14:42:00,2026-08-14,14:42:00,341.5350036621094,341.6499938964844,341.3900146484375,341.4800109863281,40833
2026-08-14 14:43:00,2026-08-14,14:43:00,341.4800109863281,341.54998779296875,341.45001220703125,341.5400085449219,24379
2026-08-14 14:44:00,2026-08-14,14:44:00,341.54998779296875,341.7200012207031,341.5,341.6300964355469,27722
2026-08-14 14:45:00,2026-08-14,14:45:00,341.6600036621094,341.7799987792969,341.54998779296875,341.5885925292969,41378
2026-08-14 14:46:00,2026-08-14,14:46:00,341.57501220703125,341.57501220703125,341.3800048828125,341.4100036621094,38686
2026-08-14 14:47:00,2026-08-14,14:47:00,341.3984069824219,341.69989013671875,341.3599853515625,341.54998779296875,48530
2026-08-14 14:48:00,2026-08-14,14:48:00,341.5837097167969,341.6000061035156,341.42999267578125,341.5036926269531,22589
2026-08-14 14:49:00,2026-08-14,14:49:00,341.510009765625,341.64990234375,341.3800048828125,341.6050109863281,33391
2026-08-14 14:50:00,2026-08-14,14:50:00,341.6199951171875,341.7998962402344,341.54998779296875,341.7449951171875,47152
2026-08-14 14:51:00,2026-08-14,14:51:00,341.7200012207031,341.7300109863281,341.54998779296875,341.7099914550781,24964
2026-08-14 14:52:00,2026-08-14,14:52:00,341.7049865722656,341.7398986816406,341.4100036621094,341.4100036621094,27938
2026-08-14 14:53:00,2026-08-14,14:53:00,341.4100036621094,341.4100036621094,341.1400146484375,341.17999267578125,36746
2026-08-14 14:54:00,2026-08-14,14:54:00,341.2099914550781,341.5,341.17999267578125,341.3949890136719,37345
2026-08-14 14:55:00,2026-08-14,14:55:00,341.3949890136719,341.5,341.3226013183594,341.4599914550781,21219
2026-08-14 14:56:00,2026-08-14,14:56:00,341.4599914550781,341.5,341.340087890625,341.3951110839844,23954
2026-08-14 14:57:00,2026-08-14,14:57:00,341.375,341.489990234375,341.2799987792969,341.3500061035156,19733
2026-08-14 14:58:00,2026-08-14,14:58:00,341.3500061035156,341.3999938964844,341.2799987792969,341.3500061035156,69490
2026-08-14 14:59:00,2026-08-14,14:59:00,341.364990234375,341.3699951171875,341.04998779296875,341.04998779296875,50273
2026-08-14 15:00:00,2026-08-14,15:00:00,341.04998779296875,341.04998779296875,340.79998779296875,340.8450012207031,100802
2026-08-14 15:01:00,2026-08-14,15:01:00,340.8500061035156,341.0599975585937,340.7099914550781,340.7699890136719,55893
2026-08-14 15:02:00,2026-08-14,15:02:00,340.79998779296875,340.9999084472656,340.7101135253906,340.7101135253906,49736
2026-08-14 15:03:00,2026-08-14,15:03:00,340.75,340.9049987792969,340.6199951171875,340.739990234375,73275
2026-08-14 15:04:00,2026-08-14,15:04:00,340.75,340.760009765625,340.5899963378906,340.6600036621094,59228
2026-08-14 15:05:00,2026-08-14,15:05:00,340.70001220703125,341.260009765625,340.70001220703125,341.2403869628906,80736
2026-08-14 15:06:00,2026-08-14,15:06:00,341.2749938964844,341.6770935058594,341.1099853515625,341.1700134277344,139281
2026-08-14 15:07:00,2026-08-14,15:07:00,341.20001220703125,341.25,340.9385986328125,341.2300109863281,44895
2026-08-14 15:08:00,2026-08-14,15:08:00,341.2598876953125,341.6799011230469,341.2214050292969,341.6099853515625,71716
2026-08-14 15:09:00,2026-08-14,15:09:00,341.6099853515625,341.9200134277344,341.4888000488281,341.7900085449219,84699
2026-08-14 15:10:00,2026-08-14,15:10:00,341.7699890136719,341.839111328125,341.5,341.70001220703125,71971
2026-08-14 15:11:00,2026-08-14,15:11:00,341.70001220703125,341.79998779296875,341.5899963378906,341.7200012207031,35361
2026-08-14 15:12:00,2026-08-14,15:12:00,341.7449951171875,341.7449951171875,341.3999938964844,341.4599914550781,43786
2026-08-14 15:13:00,2026-08-14,15:13:00,341.4599914550781,341.5400085449219,341.2203063964844,341.30499267578125,57719
2026-08-14 15:14:00,2026-08-14,15:14:00,341.3099975585937,341.4800109863281,341.2538146972656,341.3599853515625,30415
2026-08-14 15:15:00,2026-08-14,15:15:00,341.3349914550781,341.49139404296875,341.29998779296875,341.3099975585937,23569
2026-08-14 15:16:00,2026-08-14,15:16:00,341.30499267578125,341.3699035644531,341.20001220703125,341.3500061035156,20200
2026-08-14 15:17:00,2026-08-14,15:17:00,341.3500061035156,341.5,341.2799987792969,341.4800109863281,30762
2026-08-14 15:18:00,2026-08-14,15:18:00,341.4884948730469,341.6400146484375,341.3970031738281,341.5,48221
2026-08-14 15:19:00,2026-08-14,15:19:00,341.4700012207031,341.5799865722656,341.1099853515625,341.17498779296875,44738
2026-08-14 15:20:00,2026-08-14,15:20:00,341.17498779296875,341.32000732421875,341.0400085449219,341.32000732421875,40845
2026-08-14 15:21:00,2026-08-14,15:21:00,341.2900085449219,341.4200134277344,341.2900085449219,341.3099975585937,28247
2026-08-14 15:22:00,2026-08-14,15:22:00,341.2900085449219,341.4700012207031,341.25,341.2565002441406,52459
2026-08-14 15:23:00,2026-08-14,15:23:00,341.2174072265625,341.45001220703125,341.2174072265625,341.3949890136719,17850
2026-08-14 15:24:00,2026-08-14,15:24:00,341.3949890136719,341.639892578125,341.3450012207031,341.5487060546875,67835
2026-08-14 15:25:00,2026-08-14,15:25:00,341.5899963378906,342.0398864746094,341.5899963378906,341.8999938964844,65718
2026-08-14 15:26:00,2026-08-14,15:26:00,341.8999938964844,341.9599914550781,341.6600036621094,341.8550109863281,65949
2026-08-14 15:27:00,2026-08-14,15:27:00,341.8599853515625,341.9800109863281,341.7699890136719,341.92999267578125,79989
2026-08-14 15:28:00,2026-08-14,15:28:00,341.92010498046875,342.5,341.92010498046875,342.3999938964844,152731
2026-08-14 15:29:00,2026-08-14,15:29:00,342.4049987792969,342.4049987792969,341.8599853515625,341.8800048828125,67767
2026-08-14 15:30:00,2026-08-14,15:30:00,341.8999938964844,342.125,341.7900085449219,342.0516967773437,66161
2026-08-14 15:31:00,2026-08-14,15:31:00,342.0849914550781,342.27789306640625,341.9200134277344,341.981689453125,47009
2026-08-14 15:32:00,2026-08-14,15:32:00,341.9599914550781,342.17999267578125,341.9414978027344,342.0849914550781,54365
2026-08-14 15:33:00,2026-08-14,15:33:00,342.0899963378906,342.2799987792969,342.04998779296875,342.0599975585937,46560
2026-08-14 15:34:00,2026-08-14,15:34:00,342.1000061035156,342.2098999023437,342.0199890136719,342.0799865722656,42835
2026-08-14 15:35:00,2026-08-14,15:35:00,342.0799865722656,342.1099853515625,341.9013061523437,342.0400085449219,45183
2026-08-14 15:36:00,2026-08-14,15:36:00,342.0000915527344,342.07000732421875,341.7099914550781,341.7898864746094,60724
2026-08-14 15:37:00,2026-08-14,15:37:00,341.7449951171875,341.7900085449219,341.5599975585937,341.6849975585937,53060
2026-08-14 15:38:00,2026-08-14,15:38:00,341.6849975585937,341.7300109863281,341.5801086425781,341.5899963378906,39652
2026-08-14 15:39:00,2026-08-14,15:39:00,341.6600036621094,341.69989013671875,341.30499267578125,341.3100891113281,45011
2026-08-14 15:40:00,2026-08-14,15:40:00,341.3299865722656,341.4100036621094,341.1400146484375,341.19000244140625,69754
2026-08-14 15:41:00,2026-08-14,15:41:00,341.19000244140625,341.2799987792969,341.1700134277344,341.19000244140625,26915
2026-08-14 15:42:00,2026-08-14,15:42:00,341.20001220703125,341.54998779296875,341.20001220703125,341.5050048828125,50351
2026-08-14 15:43:00,2026-08-14,15:43:00,341.489990234375,341.6000061035156,341.430908203125,341.44500732421875,28697
2026-08-14 15:44:00,2026-08-14,15:44:00,341.4599914550781,341.6199035644531,341.44500732421875,341.5899963378906,26541
2026-08-14 15:45:00,2026-08-14,15:45:00,341.57000732421875,341.7300109863281,341.44000244140625,341.6000061035156,79755
2026-08-14 15:46:00,2026-08-14,15:46:00,341.6300048828125,341.70001220703125,341.3999938964844,341.42999267578125,43717
2026-08-14 15:47:00,2026-08-14,15:47:00,341.42999267578125,341.4800109863281,341.25,341.2650146484375,60538
2026-08-14 15:48:00,2026-08-14,15:48:00,341.2699890136719,341.5599975585937,341.1700134277344,341.5599975585937,53427
2026-08-14 15:49:00,2026-08-14,15:49:00,341.5599975585937,341.5799865722656,341.38848876953125,341.5299987792969,57665
2026-08-14 15:50:00,2026-08-14,15:50:00,341.5299987792969,342.3500061035156,341.45001220703125,342.32000732421875,128856
2026-08-14 15:51:00,2026-08-14,15:51:00,342.32000732421875,342.44989013671875,341.94000244140625,342.0299987792969,120775
2026-08-14 15:52:00,2026-08-14,15:52:00,342.0350036621094,342.1300048828125,341.8577880859375,342.0799865722656,69285
2026-08-14 15:53:00,2026-08-14,15:53:00,342.0799865722656,342.1600036621094,341.8099975585937,341.95001220703125,71770
2026-08-14 15:54:00,2026-08-14,15:54:00,341.9700012207031,342.1300048828125,341.8999938964844,342.0989990234375,74808
2026-08-14 15:55:00,2026-08-14,15:55:00,342.1099853515625,343.5799865722656,342.07000732421875,342.489990234375,314907
2026-08-14 15:56:00,2026-08-14,15:56:00,342.4599914550781,342.6400146484375,342.385009765625,342.5150146484375,113493
2026-08-14 15:57:00,2026-08-14,15:57:00,342.5150146484375,342.5299987792969,342.1099853515625,342.1600036621094,176110
2026-08-14 15:58:00,2026-08-14,15:58:00,342.1600036621094,342.5148010253906,342.1099853515625,342.3450012207031,182178
2026-08-14 15:59:00,2026-08-14,15:59:00,342.3500061035156,342.3999938964844,342.1199951171875,342.32000732421875,364811
2026-08-17 09:30:00,2026-08-17,09:30:00,340.69000244140625,341.42999267578125,338.260009765625,338.6700134277344,1165470
2026-08-17 09:31:00,2026-08-17,09:31:00,338.6600952148437,339.3399963378906,337.8099975585937,337.9849853515625,167662
2026-08-17 09:32:00,2026-08-17,09:32:00,337.9100036621094,339.010009765625,337.81500244140625,339.010009765625,102606
2026-08-17 09:33:00,2026-08-17,09:33:00,339.04998779296875,339.29998779296875,338.15008544921875,338.25,109944
2026-08-17 09:34:00,2026-08-17,09:34:00,338.2998962402344,338.79998779296875,337.6499938964844,337.8599853515625,175630
2026-08-17 09:35:00,2026-08-17,09:35:00,337.7799987792969,338.6099853515625,337.489990234375,338.44000244140625,122826
2026-08-17 09:36:00,2026-08-17,09:36:00,338.4150085449219,339.7699890136719,338.29998779296875,339.6582946777344,135569
2026-08-17 09:37:00,2026-08-17,09:37:00,339.6600036621094,339.7900085449219,338.3999938964844,338.8999938964844,125180
2026-08-17 09:38:00,2026-08-17,09:38:00,338.8999938964844,338.9578857421875,337.92999267578125,338.1099853515625,102726
2026-08-17 09:39:00,2026-08-17,09:39:00,338.1700134277344,338.5400085449219,337.8999938964844,338.32000732421875,70139
2026-08-17 09:40:00,2026-08-17,09:40:00,338.3494873046875,339.3299865722656,338.17999267578125,339.0599975585937,93610
2026-08-17 09:41:00,2026-08-17,09:41:00,339.0599975585937,339.1329040527344,338.6601867675781,338.9200134277344,114361
2026-08-17 09:42:00,2026-08-17,09:42:00,338.8800048828125,340.5892028808594,338.5244140625,340.5450134277344,147775
2026-08-17 09:43:00,2026-08-17,09:43:00,340.5,340.6300048828125,340.0,340.07989501953125,87420
2026-08-17 09:44:00,2026-08-17,09:44:00,340.07000732421875,340.9800109863281,340.0,340.69000244140625,112727
2026-08-17 09:45:00,2026-08-17,09:45:00,340.6199951171875,341.1796875,340.42999267578125,340.906494140625,106722
2026-08-17 09:46:00,2026-08-17,09:46:00,340.989990234375,341.3399963378906,340.6200866699219,340.6849975585937,99523
2026-08-17 09:47:00,2026-08-17,09:47:00,340.7099914550781,341.34991455078125,340.3500061035156,340.9704895019531,101665
2026-08-17 09:48:00,2026-08-17,09:48:00,340.94500732421875,342.3500061035156,340.94500732421875,342.2101135253906,172978
2026-08-17 09:49:00,2026-08-17,09:49:00,342.2300109863281,342.9200134277344,342.10009765625,342.69000244140625,162117
2026-08-17 09:50:00,2026-08-17,09:50:00,342.69000244140625,343.1000061035156,342.0,342.3299865722656,199994
2026-08-17 09:51:00,2026-08-17,09:51:00,342.3699951171875,342.42999267578125,341.5400085449219,341.79998779296875,94404
2026-08-17 09:52:00,2026-08-17,09:52:00,341.7850036621094,341.8183898925781,340.610107421875,341.2601928710937,132390
2026-08-17 09:53:00,2026-08-17,09:53:00,341.2409973144531,341.4372863769531,340.4200134277344,340.4700012207031,94271
2026-08-17 09:54:00,2026-08-17,09:54:00,340.510009765625,340.59991455078125,339.94000244140625,340.5350036621094,111809
2026-08-17 09:55:00,2026-08-17,09:55:00,340.4800109863281,340.7099914550781,339.5,339.5599975585937,108276
2026-08-17 09:56:00,2026-08-17,09:56:00,339.5199890136719,339.8699951171875,339.19000244140625,339.31500244140625,96123
2026-08-17 09:57:00,2026-08-17,09:57:00,339.25,339.7200927734375,339.0799865722656,339.1000061035156,86748
2026-08-17 09:58:00,2026-08-17,09:58:00,339.1199951171875,339.44000244140625,338.92999267578125,339.29998779296875,98144
2026-08-17 09:59:00,2026-08-17,09:59:00,339.2699890136719,339.6000061035156,339.19000244140625,339.44000244140625,61724
2026-08-17 10:00:00,2026-08-17,10:00:00,339.4100036621094,339.4949951171875,338.95001220703125,338.9700927734375,70473
2026-08-17 10:01:00,2026-08-17,10:01:00,338.9649963378906,339.0599975585937,338.6401062011719,338.67999267578125,113640
2026-08-17 10:02:00,2026-08-17,10:02:00,338.7300109863281,339.5400085449219,338.6986083984375,339.0899963378906,84672
2026-08-17 10:03:00,2026-08-17,10:03:00,339.1700134277344,339.83990478515625,338.9700012207031,339.82000732421875,77818
2026-08-17 10:04:00,2026-08-17,10:04:00,339.8395080566406,340.4800109863281,339.8099975585937,340.1600036621094,133002
2026-08-17 10:05:00,2026-08-17,10:05:00,340.1600036621094,340.3500061035156,339.70001220703125,339.92999267578125,63779
2026-08-17 10:06:00,2026-08-17,10:06:00,339.95001220703125,339.9949951171875,339.2699890136719,339.2777099609375,87145
2026-08-17 10:07:00,2026-08-17,10:07:00,339.3599853515625,339.4399108886719,339.07000732421875,339.2099914550781,52455
2026-08-17 10:08:00,2026-08-17,10:08:00,339.1650085449219,339.5899963378906,339.0199890136719,339.465087890625,49269
2026-08-17 10:09:00,2026-08-17,10:09:00,339.5,339.8450012207031,339.3399963378906,339.7650146484375,41302
2026-08-17 10:10:00,2026-08-17,10:10:00,339.7550048828125,340.1600036621094,339.7200012207031,339.92999267578125,48151
2026-08-17 10:11:00,2026-08-17,10:11:00,339.8699951171875,339.8699951171875,339.1211853027344,339.2049865722656,68927
2026-08-17 10:12:00,2026-08-17,10:12:00,339.1600036621094,339.3599853515625,338.79998779296875,338.9002990722656,100400
2026-08-17 10:13:00,2026-08-17,10:13:00,338.8900146484375,339.0,338.69000244140625,338.7055969238281,69535
2026-08-17 10:14:00,2026-08-17,10:14:00,338.7445068359375,339.1000061035156,338.5199890136719,338.8005065917969,75151
2026-08-17 10:15:00,2026-08-17,10:15:00,338.79998779296875,339.489990234375,338.79998779296875,339.44000244140625,48763
2026-08-17 10:16:00,2026-08-17,10:16:00,339.4100036621094,339.5599060058594,338.70001220703125,338.7298889160156,69442
2026-08-17 10:17:00,2026-08-17,10:17:00,338.7250061035156,339.0400085449219,338.6300048828125,339.0400085449219,56048
2026-08-17 10:18:00,2026-08-17,10:18:00,339.0400085449219,339.1400146484375,338.92999267578125,339.0599975585937,32226
2026-08-17 10:19:00,2026-08-17,10:19:00,339.04010009765625,340.29998779296875,339.04010009765625,340.1199951171875,90810
2026-08-17 10:20:00,2026-08-17,10:20:00,340.125,340.2998962402344,339.6099853515625,339.7349853515625,49673
2026-08-17 10:21:00,2026-08-17,10:21:00,339.7349853515625,339.7699890136719,339.1401062011719,339.1689147949219,48253
2026-08-17 10:22:00,2026-08-17,10:22:00,339.2049865722656,339.29559326171875,338.9301147460937,339.0950012207031,67920
2026-08-17 10:23:00,2026-08-17,10:23:00,339.0950012207031,339.25,338.8900146484375,339.25,34022
2026-08-17 10:24:00,2026-08-17,10:24:00,339.260009765625,339.3500061035156,338.92999267578125,339.239990234375,40448
2026-08-17 10:25:00,2026-08-17,10:25:00,339.27301025390625,339.4599914550781,339.1282958984375,339.1451110839844,35923
2026-08-17 10:26:00,2026-08-17,10:26:00,339.1449890136719,339.25,338.9100036621094,339.20001220703125,40884
2026-08-17 10:27:00,2026-08-17,10:27:00,339.2049865722656,339.57000732421875,339.2049865722656,339.45001220703125,49640
2026-08-17 10:28:00,2026-08-17,10:28:00,339.5,339.5799865722656,339.17010498046875,339.4100952148437,55721
2026-08-17 10:29:00,2026-08-17,10:29:00,339.42999267578125,339.6899108886719,339.3935852050781,339.4800109863281,51335
2026-08-17 10:30:00,2026-08-17,10:30:00,339.5400085449219,339.6499938964844,339.32000732421875,339.5849914550781,70666
2026-08-17 10:31:00,2026-08-17,10:31:00,339.5450134277344,339.6499938964844,339.4800109863281,339.5797119140625,32763
2026-08-17 10:32:00,2026-08-17,10:32:00,339.54998779296875,339.79998779296875,339.44000244140625,339.4599914550781,60702
2026-08-17 10:33:00,2026-08-17,10:33:00,339.5,339.6199951171875,339.2200012207031,339.2598876953125,32374
2026-08-17 10:34:00,2026-08-17,10:34:00,339.2250061035156,339.45001220703125,339.1000061035156,339.3999938964844,47376
2026-08-17 10:35:00,2026-08-17,10:35:00,339.3599853515625,339.8399963378906,338.7900085449219,339.82000732421875,115326
2026-08-17 10:36:00,2026-08-17,10:36:00,339.8399963378906,340.19000244140625,339.6000061035156,339.9100036621094,75151
2026-08-17 10:37:00,2026-08-17,10:37:00,339.8999938964844,340.2799987792969,339.5450134277344,340.260009765625,50750
2026-08-17 10:38:00,2026-08-17,10:38:00,340.260009765625,340.2699890136719,339.94158935546875,340.0862121582031,45217
2026-08-17 10:39:00,2026-08-17,10:39:00,340.0799865722656,340.14990234375,339.989990234375,340.0899963378906,34627
2026-08-17 10:40:00,2026-08-17,10:40:00,340.1199951171875,340.6600036621094,340.1099853515625,340.4549865722656,102622
2026-08-17 10:41:00,2026-08-17,10:41:00,340.4549865722656,340.6715087890625,340.0963134765625,340.3720092773437,49392
2026-08-17 10:42:00,2026-08-17,10:42:00,340.3900146484375,340.5,340.2200012207031,340.42999267578125,30822
2026-08-17 10:43:00,2026-08-17,10:43:00,340.3999938964844,340.6499938964844,340.29998779296875,340.29998779296875,53461
2026-08-17 10:44:00,2026-08-17,10:44:00,340.3450012207031,340.3800048828125,340.1199951171875,340.2449951171875,31965
2026-08-17 10:45:00,2026-08-17,10:45:00,340.25,340.69000244140625,340.25,340.4700927734375,45179
2026-08-17 10:46:00,2026-08-17,10:46:00,340.5,340.6400146484375,340.360107421875,340.5599975585937,38684
2026-08-17 10:47:00,2026-08-17,10:47:00,340.5450134277344,341.0599975585937,340.510009765625,340.7349853515625,90935
2026-08-17 10:48:00,2026-08-17,10:48:00,340.7799987792969,341.04998779296875,340.7699890136719,340.8900146484375,60763
2026-08-17 10:49:00,2026-08-17,10:49:00,340.9100952148437,341.1698913574219,340.7699890136719,340.94500732421875,83340
2026-08-17 10:50:00,2026-08-17,10:50:00,340.9700012207031,341.20001220703125,340.9400939941406,341.114990234375,38004
2026-08-17 10:51:00,2026-08-17,10:51:00,341.1199951171875,341.2550048828125,340.9100036621094,341.0849914550781,66941
2026-08-17 10:52:00,2026-08-17,10:52:00,341.1199951171875,341.1499938964844,340.8800048828125,340.8800048828125,43165
2026-08-17 10:53:00,2026-08-17,10:53:00,340.95001220703125,341.17950439453125,340.79998779296875,341.0700988769531,43118
2026-08-17 10:54:00,2026-08-17,10:54:00,341.114990234375,341.21990966796875,340.92999267578125,341.1499938964844,41076
2026-08-17 10:55:00,2026-08-17,10:55:00,341.1700134277344,341.54998779296875,341.1600036621094,341.485595703125,80744
2026-08-17 10:56:00,2026-08-17,10:56:00,341.4898986816406,341.54998779296875,341.2900085449219,341.52490234375,45237
2026-08-17 10:57:00,2026-08-17,10:57:00,341.489990234375,341.6499938964844,341.29998779296875,341.6050109863281,66452
2026-08-17 10:58:00,2026-08-17,10:58:00,341.5950927734375,341.760009765625,341.4100036621094,341.74371337890625,56406
2026-08-17 10:59:00,2026-08-17,10:59:00,341.75,341.9700012207031,341.6849975585937,341.7900085449219,80840
2026-08-17 11:00:00,2026-08-17,11:00:00,341.82000732421875,342.17999267578125,341.3699951171875,342.1700134277344,124763
2026-08-17 11:01:00,2026-08-17,11:01:00,342.114990234375,342.24371337890625,341.8800048828125,342.17999267578125,77514
2026-08-17 11:02:00,2026-08-17,11:02:00,342.2200012207031,342.3500061035156,341.8599853515625,341.8800964355469,79684
2026-08-17 11:03:00,2026-08-17,11:03:00,341.8900146484375,342.19659423828125,341.8099975585937,342.0,58093
2026-08-17 11:04:00,2026-08-17,11:04:00,342.0050048828125,342.2864990234375,341.989990234375,342.1600036621094,64197
2026-08-17 11:05:00,2026-08-17,11:05:00,342.1400146484375,342.3529052734375,342.0799865722656,342.1700134277344,54237
2026-08-17 11:06:00,2026-08-17,11:06:00,342.1648864746094,342.19989013671875,341.8999938964844,341.90008544921875,63555
2026-08-17 11:07:00,2026-08-17,11:07:00,341.92999267578125,341.95001220703125,341.3822021484375,341.6000061035156,104343
2026-08-17 11:08:00,2026-08-17,11:08:00,341.6000061035156,341.6000061035156,340.94000244140625,341.0504150390625,122955
2026-08-17 11:09:00,2026-08-17,11:09:00,341.04998779296875,341.20001220703125,340.9704895019531,341.04998779296875,51652
2026-08-17 11:10:00,2026-08-17,11:10:00,341.06500244140625,341.2300109863281,340.7950134277344,340.8450927734375,76122
2026-08-17 11:11:00,2026-08-17,11:11:00,340.8450012207031,341.0400085449219,340.8099975585937,340.8810119628906,44643
2026-08-17 11:12:00,2026-08-17,11:12:00,340.9377136230469,341.2196960449219,340.7998962402344,340.9869079589844,58813
2026-08-17 11:13:00,2026-08-17,11:13:00,340.989990234375,341.0899963378906,340.8800048828125,340.9200134277344,32940
2026-08-17 11:14:00,2026-08-17,11:14:00,340.94000244140625,341.07000732421875,340.75,340.7749938964844,39787
2026-08-17 11:15:00,2026-08-17,11:15:00,340.75,341.0400085449219,340.5799865722656,341.0,46809
2026-08-17 11:16:00,2026-08-17,11:16:00,340.9700012207031,341.1499938964844,340.8699951171875,340.92498779296875,34766
2026-08-17 11:17:00,2026-08-17,11:17:00,340.8900146484375,340.94000244140625,340.5,340.5249938964844,30286
2026-08-17 11:18:00,2026-08-17,11:18:00,340.522705078125,340.6000061035156,339.8699951171875,339.9999084472656,97945
2026-08-17 11:19:00,2026-08-17,11:19:00,340.0,340.3699035644531,339.9338073730469,340.2699890136719,55037
2026-08-17 11:20:00,2026-08-17,11:20:00,340.2651062011719,340.54998779296875,340.2301025390625,340.5050048828125,42183
2026-08-17 11:21:00,2026-08-17,11:21:00,340.5398864746094,340.6000061035156,340.260009765625,340.29998779296875,44995
2026-08-17 11:22:00,2026-08-17,11:22:00,340.29998779296875,340.3500061035156,340.1000061035156,340.2699890136719,40720
2026-08-17 11:23:00,2026-08-17,11:23:00,340.2699890136719,340.2699890136719,339.92999267578125,340.2550048828125,52625
2026-08-17 11:24:00,2026-08-17,11:24:00,340.2550048828125,340.3800048828125,340.0,340.0199890136719,56246
2026-08-17 11:25:00,2026-08-17,11:25:00,340.02880859375,340.1650085449219,340.0199890136719,340.1080017089844,28602
2026-08-17 11:26:00,2026-08-17,11:26:00,340.060791015625,340.42999267578125,340.060791015625,340.3599853515625,23612
2026-08-17 11:27:00,2026-08-17,11:27:00,340.389892578125,340.7200012207031,340.375,340.67498779296875,44020
2026-08-17 11:28:00,2026-08-17,11:28:00,340.70001220703125,340.8099975585937,340.5799865722656,340.8099975585937,34274
2026-08-17 11:29:00,2026-08-17,11:29:00,340.8099975585937,340.9100036621094,340.7803955078125,340.8934020996094,29488
2026-08-17 11:30:00,2026-08-17,11:30:00,340.9100036621094,341.0,340.7799987792969,340.8949890136719,50776
2026-08-17 11:31:00,2026-08-17,11:31:00,340.8969116210937,340.8969116210937,340.5199890136719,340.5599975585937,42140
2026-08-17 11:32:00,2026-08-17,11:32:00,340.5509948730469,340.5509948730469,340.25,340.2699890136719,69100
2026-08-17 11:33:00,2026-08-17,11:33:00,340.2699890136719,340.3299865722656,339.8699951171875,339.9599914550781,61849
2026-08-17 11:34:00,2026-08-17,11:34:00,339.9737854003906,340.0400085449219,339.70001220703125,339.81500244140625,51811
2026-08-17 11:35:00,2026-08-17,11:35:00,339.8316955566406,339.8999938964844,339.54998779296875,339.6600036621094,66325
2026-08-17 11:36:00,2026-08-17,11:36:00,339.6600036621094,339.70001220703125,339.40008544921875,339.6600036621094,76775
2026-08-17 11:37:00,2026-08-17,11:37:00,339.65380859375,339.8999938964844,339.5899963378906,339.8420104980469,43157
2026-08-17 11:38:00,2026-08-17,11:38:00,339.8450927734375,339.8848876953125,339.79998779296875,339.8500061035156,20872
2026-08-17 11:39:00,2026-08-17,11:39:00,339.8500061035156,339.87908935546875,339.5,339.5599975585937,51585
2026-08-17 11:40:00,2026-08-17,11:40:00,339.5899963378906,339.8999938964844,339.5599975585937,339.8800048828125,48632
2026-08-17 11:41:00,2026-08-17,11:41:00,339.9200134277344,340.010009765625,339.760498046875,339.95001220703125,61749
2026-08-17 11:42:00,2026-08-17,11:42:00,339.95001220703125,340.4800109863281,339.95001220703125,340.3800048828125,40613
2026-08-17 11:43:00,2026-08-17,11:43:00,340.3699951171875,340.4299011230469,340.1499938964844,340.1600036621094,31669
2026-08-17 11:44:00,2026-08-17,11:44:00,340.114990234375,340.510009765625,340.0400085449219,340.44000244140625,41851
2026-08-17 11:45:00,2026-08-17,11:45:00,340.44000244140625,340.77508544921875,340.364990234375,340.5899963378906,61013
2026-08-17 11:46:00,2026-08-17,11:46:00,340.5899963378906,341.04998779296875,340.5400085449219,340.8599853515625,57216
2026-08-17 11:47:00,2026-08-17,11:47:00,340.8599853515625,341.0299987792969,340.7900085449219,340.8800048828125,42221
2026-08-17 11:48:00,2026-08-17,11:48:00,340.8999938964844,341.0400085449219,340.79998779296875,340.8009948730469,39946
2026-08-17 11:49:00,2026-08-17,11:49:00,340.82000732421875,340.9599914550781,340.67999267578125,340.9599914550781,43270
2026-08-17 11:50:00,2026-08-17,11:50:00,340.9549865722656,341.1000061035156,340.82000732421875,341.0050048828125,36529
2026-08-17 11:51:00,2026-08-17,11:51:00,341.010009765625,341.3999938964844,340.989990234375,341.3699035644531,53029
2026-08-17 11:52:00,2026-08-17,11:52:00,341.3699951171875,341.6199951171875,341.32000732421875,341.6000061035156,54238
2026-08-17 11:53:00,2026-08-17,11:53:00,341.614990234375,341.760009765625,341.6019897460937,341.6700134277344,39968
2026-08-17 11:54:00,2026-08-17,11:54:00,341.6650085449219,341.9700012207031,341.6650085449219,341.7900085449219,61972
2026-08-17 11:55:00,2026-08-17,11:55:00,341.7799987792969,341.8066101074219,341.5599975585937,341.614990234375,42508
2026-08-17 11:56:00,2026-08-17,11:56:00,341.6000061035156,341.67999267578125,341.4700012207031,341.5,30748
2026-08-17 11:57:00,2026-08-17,11:57:00,341.4801025390625,341.5150146484375,341.1400146484375,341.2200012207031,74439
2026-08-17 11:58:00,2026-08-17,11:58:00,341.2099914550781,341.2898864746094,341.0502014160156,341.2388000488281,39304
2026-08-17 11:59:00,2026-08-17,11:59:00,341.2250061035156,341.4794921875,341.2001037597656,341.44500732421875,41930
2026-08-17 12:00:00,2026-08-17,12:00:00,341.4798889160156,341.7325134277344,341.2799987792969,341.3099975585937,41374
2026-08-17 12:01:00,2026-08-17,12:01:00,341.30499267578125,341.3900146484375,341.1499938964844,341.3599853515625,27502
2026-08-17 12:02:00,2026-08-17,12:02:00,341.3500061035156,341.5098876953125,341.1700134277344,341.1700134277344,35425
2026-08-17 12:03:00,2026-08-17,12:03:00,341.15679931640625,341.15679931640625,340.9200134277344,341.0,78451
2026-08-17 12:04:00,2026-08-17,12:04:00,341.0199890136719,341.0400085449219,340.6600036621094,340.80499267578125,60953
2026-08-17 12:05:00,2026-08-17,12:05:00,340.822998046875,341.0799865722656,340.7300109863281,340.840087890625,29814
2026-08-17 12:06:00,2026-08-17,12:06:00,340.8399963378906,340.8900146484375,340.6600036621094,340.7149963378906,20076
2026-08-17 12:07:00,2026-08-17,12:07:00,340.7149963378906,340.82720947265625,340.6400146484375,340.7650146484375,22169
2026-08-17 12:08:00,2026-08-17,12:08:00,340.7651062011719,340.82000732421875,340.6600036621094,340.7349853515625,16118
2026-08-17 12:09:00,2026-08-17,12:09:00,340.67999267578125,340.82000732421875,340.6700134277344,340.7950134277344,16065
2026-08-17 12:10:00,2026-08-17,12:10:00,340.79998779296875,340.9999084472656,340.79998779296875,340.9150085449219,26373
2026-08-17 12:11:00,2026-08-17,12:11:00,340.92999267578125,340.95001220703125,340.760009765625,340.7900085449219,29130
2026-08-17 12:12:00,2026-08-17,12:12:00,340.7900085449219,340.8699035644531,340.57000732421875,340.8099975585937,39951
2026-08-17 12:13:00,2026-08-17,12:13:00,340.8599853515625,341.0,340.7950134277344,340.81500244140625,22577
2026-08-17 12:14:00,2026-08-17,12:14:00,340.82000732421875,341.04949951171875,340.79998779296875,340.989990234375,21594
2026-08-17 12:15:00,2026-08-17,12:15:00,340.9661865234375,340.9661865234375,340.7099914550781,340.864990234375,28353
2026-08-17 12:16:00,2026-08-17,12:16:00,340.864990234375,340.8900146484375,340.75,340.8800048828125,15518
2026-08-17 12:17:00,2026-08-17,12:17:00,340.8349914550781,340.9599914550781,340.7500915527344,340.7749938964844,14410
2026-08-17 12:18:00,2026-08-17,12:18:00,340.7749938964844,340.77508544921875,340.2699890136719,340.3039855957031,94439
2026-08-17 12:19:00,2026-08-17,12:19:00,340.3099975585937,340.44000244140625,340.2777099609375,340.4284973144531,21510
2026-08-17 12:20:00,2026-08-17,12:20:00,340.45001220703125,340.6199035644531,340.3949890136719,340.5,42131
2026-08-17 12:21:00,2026-08-17,12:21:00,340.53399658203125,340.67999267578125,340.4599914550781,340.5899963378906,20697
2026-08-17 12:22:00,2026-08-17,12:22:00,340.6099853515625,340.6099853515625,340.3005065917969,340.3005065917969,36340
2026-08-17 12:23:00,2026-08-17,12:23:00,340.3500061035156,340.3500061035156,339.8559875488281,339.8599853515625,53424
2026-08-17 12:24:00,2026-08-17,12:24:00,339.8550109863281,339.8550109863281,339.4800109863281,339.5450134277344,74736
2026-08-17 12:25:00,2026-08-17,12:25:00,339.54998779296875,339.7460021972656,339.45001220703125,339.6600036621094,46303
2026-08-17 12:26:00,2026-08-17,12:26:00,339.6600036621094,339.70001220703125,339.5599975585937,339.6799011230469,30171
2026-08-17 12:27:00,2026-08-17,12:27:00,339.67999267578125,339.8599853515625,339.6700134277344,339.82989501953125,60463
2026-08-17 12:28:00,2026-08-17,12:28:00,339.82989501953125,339.8500061035156,339.72320556640625,339.8099975585937,14820
2026-08-17 12:29:00,2026-08-17,12:29:00,339.80499267578125,339.8599853515625,339.7300109863281,339.8500061035156,36874
2026-08-17 12:30:00,2026-08-17,12:30:00,339.8500061035156,339.91900634765625,339.6499938964844,339.760009765625,58826
2026-08-17 12:31:00,2026-08-17,12:31:00,339.7449951171875,339.79998779296875,339.5599975585937,339.6300048828125,47475
2026-08-17 12:32:00,2026-08-17,12:32:00,339.6600036621094,340.0498962402344,339.6300048828125,339.885986328125,64034
2026-08-17 12:33:00,2026-08-17,12:33:00,339.8900146484375,340.25,339.8699951171875,340.2001037597656,40346
2026-08-17 12:34:00,2026-08-17,12:34:00,340.2200012207031,340.239990234375,339.9750061035156,340.0,35373
2026-08-17 12:35:00,2026-08-17,12:35:00,340.0150146484375,340.3500061035156,339.9700012207031,340.31988525390625,30856
2026-08-17 12:36:00,2026-08-17,12:36:00,340.3099975585937,340.4599914550781,340.2500915527344,340.29998779296875,35364
2026-08-17 12:37:00,2026-08-17,12:37:00,340.29998779296875,340.3999938964844,340.2300109863281,340.389892578125,24403
2026-08-17 12:38:00,2026-08-17,12:38:00,340.3699951171875,340.6600036621094,340.3699951171875,340.57501220703125,32670
2026-08-17 12:39:00,2026-08-17,12:39:00,340.5544128417969,340.639892578125,340.4200134277344,340.5199890136719,20535
2026-08-17 12:40:00,2026-08-17,12:40:00,340.5150146484375,340.5450134277344,340.29998779296875,340.3399963378906,33165
2026-08-17 12:41:00,2026-08-17,12:41:00,340.3699951171875,340.409912109375,340.0799865722656,340.1300048828125,34548
2026-08-17 12:42:00,2026-08-17,12:42:00,340.110107421875,340.2897033691406,340.110107421875,340.25,25179
2026-08-17 12:43:00,2026-08-17,12:43:00,340.2799987792969,340.5,340.135009765625,340.1650085449219,24026
2026-08-17 12:44:00,2026-08-17,12:44:00,340.1400146484375,340.17010498046875,340.07000732421875,340.1199951171875,14153
2026-08-17 12:45:00,2026-08-17,12:45:00,340.11920166015625,340.3299865722656,340.11920166015625,340.2250061035156,23625
2026-08-17 12:46:00,2026-08-17,12:46:00,340.2344055175781,340.4898986816406,340.1000061035156,340.44000244140625,52696
2026-08-17 12:47:00,2026-08-17,12:47:00,340.44000244140625,340.44000244140625,340.1700134277344,340.1700134277344,25641
2026-08-17 12:48:00,2026-08-17,12:48:00,340.2099914550781,340.32598876953125,340.1900939941406,340.32000732421875,21567
2026-08-17 12:49:00,2026-08-17,12:49:00,340.32000732421875,340.4100036621094,340.1499938964844,340.15008544921875,15515
2026-08-17 12:50:00,2026-08-17,12:50:00,340.1499938964844,340.1600036621094,339.8099975585937,339.84051513671875,39563
2026-08-17 12:51:00,2026-08-17,12:51:00,339.8399963378906,339.8599853515625,339.6499938964844,339.6600036621094,25141
2026-08-17 12:52:00,2026-08-17,12:52:00,339.6499938964844,339.6798095703125,339.4631042480469,339.4631042480469,45449
2026-08-17 12:53:00,2026-08-17,12:53:00,339.4750061035156,339.7267150878906,339.4200134277344,339.6700134277344,31720
2026-08-17 12:54:00,2026-08-17,12:54:00,339.69000244140625,339.8299865722656,339.6099853515625,339.82000732421875,22654
2026-08-17 12:55:00,2026-08-17,12:55:00,339.8099975585937,339.9598999023437,339.70001220703125,339.875,21072
2026-08-17 12:56:00,2026-08-17,12:56:00,339.875,340.0,339.7749938964844,339.94000244140625,32880
2026-08-17 12:57:00,2026-08-17,12:57:00,339.9200134277344,340.0899963378906,339.8999938964844,339.94000244140625,19616
2026-08-17 12:58:00,2026-08-17,12:58:00,339.9800109863281,340.0050048828125,339.8800048828125,339.95001220703125,26081
2026-08-17 12:59:00,2026-08-17,12:59:00,339.9606018066406,340.0199890136719,339.7786865234375,339.7786865234375,16091
2026-08-17 13:00:00,2026-08-17,13:00:00,339.75,339.7850036621094,339.5799865722656,339.69989013671875,31752
2026-08-17 13:01:00,2026-08-17,13:01:00,339.6549987792969,339.8301086425781,339.5,339.7799987792969,52553
2026-08-17 13:02:00,2026-08-17,13:02:00,339.82000732421875,339.8500061035156,339.5639953613281,339.57000732421875,41070
2026-08-17 13:03:00,2026-08-17,13:03:00,339.5350036621094,339.6317138671875,339.4800109863281,339.5683898925781,25190
2026-08-17 13:04:00,2026-08-17,13:04:00,339.56500244140625,339.5899963378906,339.4200134277344,339.5,25950
2026-08-17 13:05:00,2026-08-17,13:05:00,339.5033874511719,339.63751220703125,339.3450012207031,339.6199951171875,49580
2026-08-17 13:06:00,2026-08-17,13:06:00,339.6300048828125,339.8340148925781,339.5599975585937,339.67999267578125,29685
2026-08-17 13:07:00,2026-08-17,13:07:00,339.6300048828125,339.8500061035156,339.6300048828125,339.7099914550781,24495
2026-08-17 13:08:00,2026-08-17,13:08:00,339.6700134277344,339.67999267578125,339.4140014648437,339.45001220703125,20195
2026-08-17 13:09:00,2026-08-17,13:09:00,339.4100036621094,339.62139892578125,339.3800048828125,339.54998779296875,22980
2026-08-17 13:10:00,2026-08-17,13:10:00,339.5311889648437,339.5849914550781,339.4549865722656,339.5299987792969,25187
2026-08-17 13:11:00,2026-08-17,13:11:00,339.54998779296875,339.67999267578125,339.4599914550781,339.6401062011719,21746
2026-08-17 13:12:00,2026-08-17,13:12:00,339.6099853515625,339.7200012207031,339.5799865722656,339.5799865722656,22981
2026-08-17 13:13:00,2026-08-17,13:13:00,339.6300048828125,339.6300048828125,339.4800109863281,339.57000732421875,28975
2026-08-17 13:14:00,2026-08-17,13:14:00,339.5599975585937,339.6449890136719,339.4700012207031,339.4800109863281,15583
2026-08-17 13:15:00,2026-08-17,13:15:00,339.45001220703125,339.5799865722656,339.42999267578125,339.4700012207031,17179
2026-08-17 13:16:00,2026-08-17,13:16:00,339.4800109863281,339.54998779296875,339.45001220703125,339.510009765625,14495
2026-08-17 13:17:00,2026-08-17,13:17:00,339.5299987792969,339.6499938964844,339.1401062011719,339.6499938964844,73548
2026-08-17 13:18:00,2026-08-17,13:18:00,339.625,339.7550048828125,339.6004943847656,339.6549987792969,33305
2026-08-17 13:19:00,2026-08-17,13:19:00,339.610107421875,339.67999267578125,339.5,339.5799865722656,12299
2026-08-17 13:20:00,2026-08-17,13:20:00,339.57501220703125,339.75,339.510009765625,339.510009765625,22137
2026-08-17 13:21:00,2026-08-17,13:21:00,339.5199890136719,339.739990234375,339.5,339.5950012207031,36380
2026-08-17 13:22:00,2026-08-17,13:22:00,339.6000061035156,339.7099914550781,339.5400085449219,339.5799865722656,40382
2026-08-17 13:23:00,2026-08-17,13:23:00,339.6000061035156,339.6000061035156,339.29998779296875,339.3205871582031,33967
2026-08-17 13:24:00,2026-08-17,13:24:00,339.3699951171875,339.4100036621094,339.25201416015625,339.4049987792969,26494
2026-08-17 13:25:00,2026-08-17,13:25:00,339.3800048828125,339.4200134277344,339.2011108398437,339.25,33880
2026-08-17 13:26:00,2026-08-17,13:26:00,339.239990234375,339.45001220703125,339.0600891113281,339.4200134277344,37577
2026-08-17 13:27:00,2026-08-17,13:27:00,339.42999267578125,339.4349975585937,339.1400146484375,339.2250061035156,26991
2026-08-17 13:28:00,2026-08-17,13:28:00,339.2349853515625,339.2699890136719,338.8999938964844,339.0820007324219,70588
2026-08-17 13:29:00,2026-08-17,13:29:00,339.1000061035156,339.2200012207031,339.0400085449219,339.0419921875,16475
2026-08-17 13:30:00,2026-08-17,13:30:00,339.0599975585937,339.16119384765625,338.8500061035156,338.9700927734375,33898
2026-08-17 13:31:00,2026-08-17,13:31:00,338.9700927734375,339.4700012207031,338.8999938964844,339.39990234375,39333
2026-08-17 13:32:00,2026-08-17,13:32:00,339.375,339.7987976074219,339.29998779296875,339.7500915527344,47048
2026-08-17 13:33:00,2026-08-17,13:33:00,339.75360107421875,339.95001220703125,339.6499938964844,339.9100036621094,35301
2026-08-17 13:34:00,2026-08-17,13:34:00,339.9100036621094,339.9366149902344,339.6000061035156,339.6199951171875,30029
2026-08-17 13:35:00,2026-08-17,13:35:00,339.625,339.8800048828125,339.5899963378906,339.8599853515625,41575
2026-08-17 13:36:00,2026-08-17,13:36:00,339.8299865722656,340.19000244140625,339.79998779296875,340.17999267578125,42688
2026-08-17 13:37:00,2026-08-17,13:37:00,340.17999267578125,340.29998779296875,340.1099853515625,340.2099914550781,37564
2026-08-17 13:38:00,2026-08-17,13:38:00,340.2099914550781,340.2300109863281,340.0849914550781,340.2149963378906,21968
2026-08-17 13:39:00,2026-08-17,13:39:00,340.2099914550781,340.2149963378906,340.0199890136719,340.0201110839844,16574
2026-08-17 13:40:00,2026-08-17,13:40:00,340.04998779296875,340.3999938964844,339.9700012207031,340.3699951171875,52017
2026-08-17 13:41:00,2026-08-17,13:41:00,340.36358642578125,340.510009765625,340.3599853515625,340.4700012207031,51730
2026-08-17 13:42:00,2026-08-17,13:42:00,340.45001220703125,340.5599975585937,340.2300109863281,340.385009765625,54148
2026-08-17 13:43:00,2026-08-17,13:43:00,340.385009765625,340.3999938964844,340.2900085449219,340.3500061035156,17900
2026-08-17 13:44:00,2026-08-17,13:44:00,340.3599853515625,340.73809814453125,340.3550109863281,340.6300048828125,43898
2026-08-17 13:45:00,2026-08-17,13:45:00,340.6400146484375,340.6600036621094,340.3800964355469,340.4200134277344,26417
2026-08-17 13:46:00,2026-08-17,13:46:00,340.3599853515625,340.4100036621094,340.1600036621094,340.2099914550781,24519
2026-08-17 13:47:00,2026-08-17,13:47:00,340.2099914550781,340.32470703125,340.1499938964844,340.1600036621094,28925
2026-08-17 13:48:00,2026-08-17,13:48:00,340.1600036621094,340.2489929199219,339.88800048828125,339.88800048828125,38055
2026-08-17 13:49:00,2026-08-17,13:49:00,339.8949890136719,339.9349975585937,339.81170654296875,339.8500061035156,25622
2026-08-17 13:50:00,2026-08-17,13:50:00,339.8594970703125,339.9198913574219,339.57000732421875,339.5849914550781,45326
2026-08-17 13:51:00,2026-08-17,13:51:00,339.5849914550781,339.6600036621094,339.4599914550781,339.4849853515625,32292
2026-08-17 13:52:00,2026-08-17,13:52:00,339.5,339.5039978027344,339.30029296875,339.3399963378906,60068
2026-08-17 13:53:00,2026-08-17,13:53:00,339.32000732421875,339.5498962402344,339.2900085449219,339.3500061035156,40583
2026-08-17 13:54:00,2026-08-17,13:54:00,339.3450012207031,339.4800109863281,339.3299865722656,339.45001220703125,30366
2026-08-17 13:55:00,2026-08-17,13:55:00,339.4700012207031,339.5,339.32000732421875,339.3599853515625,22256
2026-08-17 13:56:00,2026-08-17,13:56:00,339.356689453125,339.4898986816406,339.2900085449219,339.42999267578125,45024
2026-08-17 13:57:00,2026-08-17,13:57:00,339.4100036621094,339.5599975585937,339.3699951171875,339.5,18373
2026-08-17 13:58:00,2026-08-17,13:58:00,339.5,339.6600036621094,339.4783935546875,339.5799865722656,32111
2026-08-17 13:59:00,2026-08-17,13:59:00,339.5799865722656,339.6499938964844,339.54998779296875,339.6000061035156,17819
2026-08-17 14:00:00,2026-08-17,14:00:00,339.5899963378906,339.8099060058594,339.5599975585937,339.6099853515625,34433
2026-08-17 14:01:00,2026-08-17,14:01:00,339.625,339.6976928710937,339.3800048828125,339.4685974121094,49142
2026-08-17 14:02:00,2026-08-17,14:02:00,339.510009765625,339.92999267578125,339.510009765625,339.81500244140625,44598
2026-08-17 14:03:00,2026-08-17,14:03:00,339.82000732421875,339.8599853515625,339.6199951171875,339.8299865722656,17124
2026-08-17 14:04:00,2026-08-17,14:04:00,339.8013916015625,339.8299865722656,339.6199951171875,339.6449890136719,12751
2026-08-17 14:05:00,2026-08-17,14:05:00,339.6449890136719,339.6449890136719,339.5,339.6400146484375,19540
2026-08-17 14:06:00,2026-08-17,14:06:00,339.6199951171875,339.7098999023437,339.6199951171875,339.6220092773437,13049
2026-08-17 14:07:00,2026-08-17,14:07:00,339.6199951171875,339.6830139160156,339.4801025390625,339.49859619140625,16498
2026-08-17 14:08:00,2026-08-17,14:08:00,339.5299987792969,339.67999267578125,339.5199890136719,339.5551147460937,12961
2026-08-17 14:09:00,2026-08-17,14:09:00,339.5899963378906,339.6689147949219,339.4814147949219,339.5299987792969,16934
2026-08-17 14:10:00,2026-08-17,14:10:00,339.5899963378906,339.69000244140625,339.5010070800781,339.6400146484375,14132
2026-08-17 14:11:00,2026-08-17,14:11:00,339.62030029296875,339.66680908203125,339.5199890136719,339.6000061035156,10508
2026-08-17 14:12:00,2026-08-17,14:12:00,339.5950012207031,339.69000244140625,339.56201171875,339.69000244140625,9128
2026-08-17 14:13:00,2026-08-17,14:13:00,339.69000244140625,339.79998779296875,339.5870056152344,339.760009765625,18048
2026-08-17 14:14:00,2026-08-17,14:14:00,339.7650146484375,339.82000732421875,339.6300048828125,339.6700134277344,15555
2026-08-17 14:15:00,2026-08-17,14:15:00,339.6600036621094,339.75,339.489990234375,339.5799865722656,36024
2026-08-17 14:16:00,2026-08-17,14:16:00,339.5199890136719,339.6099853515625,339.4800109863281,339.5199890136719,22299
2026-08-17 14:17:00,2026-08-17,14:17:00,339.5199890136719,339.5199890136719,339.3599853515625,339.3999938964844,31801
2026-08-17 14:18:00,2026-08-17,14:18:00,339.4150085449219,339.4700012207031,339.260009765625,339.3999938964844,49584
2026-08-17 14:19:00,2026-08-17,14:19:00,339.3901062011719,339.4100036621094,339.1000061035156,339.239990234375,57678
2026-08-17 14:20:00,2026-08-17,14:20:00,339.2699890136719,339.2799072265625,339.0599975585937,339.2699890136719,20834
2026-08-17 14:21:00,2026-08-17,14:21:00,339.2950134277344,339.4599914550781,339.2449951171875,339.44000244140625,26316
2026-08-17 14:22:00,2026-08-17,14:22:00,339.4349975585937,339.5,339.17999267578125,339.17999267578125,25945
2026-08-17 14:23:00,2026-08-17,14:23:00,339.239990234375,339.2799987792969,339.1789855957031,339.2149963378906,13889
2026-08-17 14:24:00,2026-08-17,14:24:00,339.1966857910156,339.239990234375,339.04998779296875,339.1400146484375,33684
2026-08-17 14:25:00,2026-08-17,14:25:00,339.17999267578125,339.260009765625,339.1000061035156,339.19000244140625,18860
2026-08-17 14:26:00,2026-08-17,14:26:00,339.1400146484375,339.2300109863281,339.0400085449219,339.1050109863281,50173
2026-08-17 14:27:00,2026-08-17,14:27:00,339.1050109863281,339.2799987792969,339.0799865722656,339.2550048828125,26855
2026-08-17 14:28:00,2026-08-17,14:28:00,339.2200012207031,339.4200134277344,339.2099914550781,339.3999938964844,42268
2026-08-17 14:29:00,2026-08-17,14:29:00,339.340087890625,339.489990234375,339.340087890625,339.47900390625,19642
2026-08-17 14:30:00,2026-08-17,14:30:00,339.4800109863281,339.56988525390625,339.45001220703125,339.5050048828125,22829
2026-08-17 14:31:00,2026-08-17,14:31:00,339.489990234375,339.489990234375,339.3900146484375,339.4599914550781,16878
2026-08-17 14:32:00,2026-08-17,14:32:00,339.4601135253906,339.69000244140625,339.4100036621094,339.5351867675781,38467
2026-08-17 14:33:00,2026-08-17,14:33:00,339.5799865722656,339.6000061035156,339.4800109863281,339.5050048828125,15300
2026-08-17 14:34:00,2026-08-17,14:34:00,339.5050048828125,339.73980712890625,339.45001220703125,339.67498779296875,28901
2026-08-17 14:35:00,2026-08-17,14:35:00,339.6499938964844,339.889892578125,339.6499938964844,339.7650146484375,38322
2026-08-17 14:36:00,2026-08-17,14:36:00,339.739990234375,339.739990234375,339.57501220703125,339.6050109863281,19862
2026-08-17 14:37:00,2026-08-17,14:37:00,339.6300048828125,339.7099914550781,339.5799865722656,339.6300048828125,19244
2026-08-17 14:38:00,2026-08-17,14:38:00,339.67498779296875,339.7799072265625,339.6600952148437,339.72540283203125,13670
2026-08-17 14:39:00,2026-08-17,14:39:00,339.75,339.7690124511719,339.6549987792969,339.67999267578125,18775
2026-08-17 14:40:00,2026-08-17,14:40:00,339.7300109863281,339.8299865722656,339.6300048828125,339.7850036621094,32340
2026-08-17 14:41:00,2026-08-17,14:41:00,339.79998779296875,339.8699951171875,339.6600036621094,339.8106994628906,24769
2026-08-17 14:42:00,2026-08-17,14:42:00,339.8399963378906,339.8399963378906,339.6700134277344,339.7850036621094,18249
2026-08-17 14:43:00,2026-08-17,14:43:00,339.79998779296875,339.9200134277344,339.7900085449219,339.8599853515625,29879
2026-08-17 14:44:00,2026-08-17,14:44:00,339.875,340.0899963378906,339.8399963378906,339.8999938964844,42099
2026-08-17 14:45:00,2026-08-17,14:45:00,339.8800048828125,340.018798828125,339.8800048828125,340.010009765625,19449
2026-08-17 14:46:00,2026-08-17,14:46:00,339.95001220703125,340.0799865722656,339.8710021972656,340.07501220703125,56613
2026-08-17 14:47:00,2026-08-17,14:47:00,340.1000061035156,340.1300048828125,340.010009765625,340.07000732421875,24538
2026-08-17 14:48:00,2026-08-17,14:48:00,340.04998779296875,340.3973083496094,340.0,340.2200012207031,67750
2026-08-17 14:49:00,2026-08-17,14:49:00,340.2799987792969,340.2799987792969,340.0801086425781,340.1199951171875,22292
2026-08-17 14:50:00,2026-08-17,14:50:00,340.1199951171875,340.29998779296875,340.1199951171875,340.2799987792969,42036
2026-08-17 14:51:00,2026-08-17,14:51:00,340.3399963378906,340.3500061035156,340.20001220703125,340.2449951171875,29162
2026-08-17 14:52:00,2026-08-17,14:52:00,340.239990234375,340.2449951171875,340.1499938964844,340.1600036621094,13099
2026-08-17 14:53:00,2026-08-17,14:53:00,340.17498779296875,340.239990234375,340.125,340.2200012207031,27675
2026-08-17 14:54:00,2026-08-17,14:54:00,340.2200012207031,340.29998779296875,340.2200012207031,340.239990234375,30273
2026-08-17 14:55:00,2026-08-17,14:55:00,340.2300109863281,340.34991455078125,340.2300109863281,340.2900085449219,44013
2026-08-17 14:56:00,2026-08-17,14:56:00,340.2699890136719,340.3299865722656,340.20001220703125,340.29998779296875,27120
2026-08-17 14:57:00,2026-08-17,14:57:00,340.2950134277344,340.6099853515625,340.25,340.510009765625,71182
2026-08-17 14:58:00,2026-08-17,14:58:00,340.510009765625,340.8500061035156,340.1499938964844,340.67498779296875,126255
2026-08-17 14:59:00,2026-08-17,14:59:00,340.67498779296875,340.75,340.4599914550781,340.4861145019531,37077
2026-08-17 15:00:00,2026-08-17,15:00:00,340.5085144042969,340.6683959960937,340.4100036621094,340.4800109863281,41798
2026-08-17 15:01:00,2026-08-17,15:01:00,340.4100036621094,340.58990478515625,340.3900146484375,340.5400085449219,31753
2026-08-17 15:02:00,2026-08-17,15:02:00,340.4800109863281,340.625,340.4800109863281,340.5199890136719,25102
2026-08-17 15:03:00,2026-08-17,15:03:00,340.5498046875,340.7099914550781,340.489990234375,340.6400146484375,36945
2026-08-17 15:04:00,2026-08-17,15:04:00,340.6400146484375,340.79998779296875,340.6099853515625,340.75,33100
2026-08-17 15:05:00,2026-08-17,15:05:00,340.75,341.20001220703125,340.7237854003906,341.1499938964844,91907
2026-08-17 15:06:00,2026-08-17,15:06:00,341.1499938964844,341.17999267578125,340.9327087402344,340.94500732421875,44627
2026-08-17 15:07:00,2026-08-17,15:07:00,340.92999267578125,341.04998779296875,340.7099914550781,340.7200012207031,32127
2026-08-17 15:08:00,2026-08-17,15:08:00,340.7799987792969,340.989990234375,340.6199951171875,340.8500061035156,42753
2026-08-17 15:09:00,2026-08-17,15:09:00,340.8500061035156,340.8599853515625,340.6199951171875,340.6700134277344,22746
2026-08-17 15:10:00,2026-08-17,15:10:00,340.6300048828125,340.6632080078125,340.5,340.6449890136719,41348
2026-08-17 15:11:00,2026-08-17,15:11:00,340.6449890136719,340.6700134277344,340.48199462890625,340.5150146484375,31257
2026-08-17 15:12:00,2026-08-17,15:12:00,340.4901123046875,340.614990234375,340.4100036621094,340.6058959960937,35677
2026-08-17 15:13:00,2026-08-17,15:13:00,340.6099853515625,340.6099853515625,340.4599914550781,340.5299987792969,56297
2026-08-17 15:14:00,2026-08-17,15:14:00,340.5498962402344,340.5899963378906,340.489990234375,340.5599975585937,28094
2026-08-17 15:15:00,2026-08-17,15:15:00,340.5400085449219,340.6199035644531,340.4800109863281,340.5849914550781,33429
2026-08-17 15:16:00,2026-08-17,15:16:00,340.5849914550781,340.7799072265625,340.5710144042969,340.7051086425781,29152
2026-08-17 15:17:00,2026-08-17,15:17:00,340.7049865722656,340.9100036621094,340.60260009765625,340.8900146484375,37793
2026-08-17 15:18:00,2026-08-17,15:18:00,340.9049987792969,341.0,340.8099975585937,340.8599853515625,36344
2026-08-17 15:19:00,2026-08-17,15:19:00,340.8529968261719,340.93359375,340.7940979003906,340.8599853515625,31348
2026-08-17 15:20:00,2026-08-17,15:20:00,340.7922058105469,340.9198913574219,340.7900085449219,340.81500244140625,34164
2026-08-17 15:21:00,2026-08-17,15:21:00,340.82000732421875,340.9200134277344,340.739990234375,340.9049987792969,67936
2026-08-17 15:22:00,2026-08-17,15:22:00,340.8901062011719,341.29998779296875,340.8901062011719,341.239990234375,101062
2026-08-17 15:23:00,2026-08-17,15:23:00,341.25,341.3599853515625,341.04998779296875,341.1866149902344,84426
2026-08-17 15:24:00,2026-08-17,15:24:00,341.17498779296875,341.19989013671875,341.0400085449219,341.1199951171875,45671
2026-08-17 15:25:00,2026-08-17,15:25:00,341.1180114746094,345.45001220703125,341.1000061035156,344.6499938964844,688736
2026-08-17 15:26:00,2026-08-17,15:26:00,344.5400085449219,344.6199951171875,341.6000061035156,341.6600036621094,314047
2026-08-17 15:27:00,2026-08-17,15:27:00,341.71990966796875,341.80010986328125,340.6099853515625,340.7300109863281,228183
2026-08-17 15:28:00,2026-08-17,15:28:00,340.7200012207031,341.20001220703125,340.1600036621094,340.80499267578125,188856
2026-08-17 15:29:00,2026-08-17,15:29:00,340.80499267578125,341.30938720703125,340.5,340.67498779296875,155753
2026-08-17 15:30:00,2026-08-17,15:30:00,340.67498779296875,340.9595031738281,340.5,340.635009765625,103446
2026-08-17 15:31:00,2026-08-17,15:31:00,340.6199951171875,340.7099914550781,340.2200012207031,340.3139953613281,92100
2026-08-17 15:32:00,2026-08-17,15:32:00,340.3143005371094,340.8099975585937,340.29998779296875,340.57000732421875,57002
2026-08-17 15:33:00,2026-08-17,15:33:00,340.60400390625,340.60400390625,340.0599975585937,340.35400390625,99773
2026-08-17 15:34:00,2026-08-17,15:34:00,340.3564147949219,340.67999267578125,340.25,340.30499267578125,60422
2026-08-17 15:35:00,2026-08-17,15:35:00,340.3450012207031,340.44000244140625,340.0,340.1099853515625,49745
2026-08-17 15:36:00,2026-08-17,15:36:00,340.1050109863281,340.20001220703125,339.79010009765625,339.8500061035156,81037
2026-08-17 15:37:00,2026-08-17,15:37:00,339.8299865722656,339.95001220703125,339.7001037597656,339.7575988769531,78443
2026-08-17 15:38:00,2026-08-17,15:38:00,339.760009765625,339.7716064453125,339.3999938964844,339.44000244140625,82002
2026-08-17 15:39:00,2026-08-17,15:39:00,339.44000244140625,339.8299865722656,339.44000244140625,339.6499938964844,59366
2026-08-17 15:40:00,2026-08-17,15:40:00,339.6283874511719,339.7099914550781,339.3974914550781,339.44000244140625,54653
2026-08-17 15:41:00,2026-08-17,15:41:00,339.42999267578125,339.4800109863281,339.1499938964844,339.3399963378906,62369
2026-08-17 15:42:00,2026-08-17,15:42:00,339.3299865722656,339.5799865722656,339.2200012207031,339.2699890136719,60947
2026-08-17 15:43:00,2026-08-17,15:43:00,339.2583923339844,339.3869934082031,339.2200927734375,339.3450012207031,71394
2026-08-17 15:44:00,2026-08-17,15:44:00,339.3099975585937,339.3999938964844,339.17010498046875,339.2099914550781,55037
2026-08-17 15:45:00,2026-08-17,15:45:00,339.2099914550781,339.5,339.2099914550781,339.44000244140625,75438
2026-08-17 15:46:00,2026-08-17,15:46:00,339.44000244140625,339.447998046875,339.0799865722656,339.2300109863281,77205
2026-08-17 15:47:00,2026-08-17,15:47:00,339.20001220703125,339.3489074707031,339.20001220703125,339.260009765625,53542
2026-08-17 15:48:00,2026-08-17,15:48:00,339.2300109863281,339.2398986816406,339.0400085449219,339.06500244140625,54145
2026-08-17 15:49:00,2026-08-17,15:49:00,339.0599975585937,339.1600036621094,338.6000061035156,338.7749938964844,161394
2026-08-17 15:50:00,2026-08-17,15:50:00,338.7799987792969,338.82000732421875,338.0899963378906,338.1180114746094,165505
2026-08-17 15:51:00,2026-08-17,15:51:00,338.1431884765625,338.2799987792969,338.0199890136719,338.1499938964844,124525
2026-08-17 15:52:00,2026-08-17,15:52:00,338.1400146484375,338.25,338.010009765625,338.20001220703125,70676
2026-08-17 15:53:00,2026-08-17,15:53:00,338.20001220703125,338.20001220703125,337.8210144042969,337.8699951171875,201661
2026-08-17 15:54:00,2026-08-17,15:54:00,337.8599853515625,337.9700012207031,337.5,337.8399963378906,144807
2026-08-17 15:55:00,2026-08-17,15:55:00,337.8900146484375,338.739990234375,337.7909851074219,338.739990234375,204341
2026-08-17 15:56:00,2026-08-17,15:56:00,338.7349853515625,339.19500732421875,338.5299987792969,339.19000244140625,378841
2026-08-17 15:57:00,2026-08-17,15:57:00,339.20001220703125,339.6099853515625,339.19000244140625,339.44500732421875,170070
2026-08-17 15:58:00,2026-08-17,15:58:00,339.44500732421875,339.6700134277344,339.3500061035156,339.65008544921875,205081
2026-08-17 15:59:00,2026-08-17,15:59:00,339.6499938964844,339.6700134277344,339.2200012207031,339.3399963378906,390159
2026-08-18 09:30:00,2026-08-18,09:30:00,333.1820068359375,333.6300048828125,331.1199951171875,331.4728088378906,1457263
2026-08-18 09:31:00,2026-08-18,09:31:00,331.4649963378906,333.7799987792969,331.4649963378906,332.6400146484375,193286
2026-08-18 09:32:00,2026-08-18,09:32:00,332.6000061035156,332.92999267578125,331.7099914550781,332.6307983398437,184953
2026-08-18 09:33:00,2026-08-18,09:33:00,332.6600952148437,332.89630126953125,332.2200012207031,332.4700012207031,98046
2026-08-18 09:34:00,2026-08-18,09:34:00,332.5199890136719,334.64990234375,332.5199890136719,334.6000061035156,149648
2026-08-18 09:35:00,2026-08-18,09:35:00,334.54998779296875,335.9317932128906,334.4599914550781,335.5282897949219,224167
2026-08-18 09:36:00,2026-08-18,09:36:00,335.5599975585937,336.8299865722656,335.5,336.82000732421875,216577
2026-08-18 09:37:00,2026-08-18,09:37:00,336.81500244140625,337.3288879394531,336.2701110839844,337.2699890136719,160815
2026-08-18 09:38:00,2026-08-18,09:38:00,337.239990234375,338.4389953613281,337.1549987792969,338.2799987792969,202442
2026-08-18 09:39:00,2026-08-18,09:39:00,338.29998779296875,339.760009765625,337.8515014648437,339.3900146484375,229985
2026-08-18 09:40:00,2026-08-18,09:40:00,339.3999938964844,340.5050048828125,339.0599975585937,340.1549987792969,331364
2026-08-18 09:41:00,2026-08-18,09:41:00,340.2200012207031,340.5299987792969,339.5,339.5950012207031,211756
2026-08-18 09:42:00,2026-08-18,09:42:00,339.6195983886719,339.659912109375,338.29998779296875,338.510009765625,197156
2026-08-18 09:43:00,2026-08-18,09:43:00,338.510009765625,338.82000732421875,337.75,337.840087890625,159339
2026-08-18 09:44:00,2026-08-18,09:44:00,337.8138122558594,338.0299987792969,336.54998779296875,336.57000732421875,185086
2026-08-18 09:45:00,2026-08-18,09:45:00,336.7099914550781,337.1199951171875,336.2799987792969,336.9599914550781,193490
2026-08-18 09:46:00,2026-08-18,09:46:00,337.0199890136719,337.1199951171875,336.1700134277344,336.2117004394531,155414
2026-08-18 09:47:00,2026-08-18,09:47:00,336.20001220703125,338.25,336.19580078125,337.92999267578125,221441
2026-08-18 09:48:00,2026-08-18,09:48:00,337.8811950683594,339.0899963378906,337.53009033203125,338.54010009765625,213180
2026-08-18 09:49:00,2026-08-18,09:49:00,338.8099975585937,339.0299987792969,336.8299865722656,337.2950134277344,154368
2026-08-18 09:50:00,2026-08-18,09:50:00,337.2508850097656,337.69989013671875,336.5,337.1034851074219,190772
2026-08-18 09:51:00,2026-08-18,09:51:00,337.2099914550781,337.2449951171875,336.5,337.0849914550781,113671
2026-08-18 09:52:00,2026-08-18,09:52:00,337.0920104980469,337.95709228515625,337.037109375,337.7200012207031,103426
2026-08-18 09:53:00,2026-08-18,09:53:00,337.7164001464844,338.6600036621094,337.5400085449219,337.8699951171875,144428
2026-08-18 09:54:00,2026-08-18,09:54:00,337.8599853515625,337.9700012207031,337.45001220703125,337.69000244140625,81367
2026-08-18 09:55:00,2026-08-18,09:55:00,337.69500732421875,338.5599060058594,337.4039001464844,338.510009765625,97320
2026-08-18 09:56:00,2026-08-18,09:56:00,338.4841003417969,338.7900085449219,338.0,338.6205139160156,124983
2026-08-18 09:57:00,2026-08-18,09:57:00,338.6000061035156,338.8599853515625,337.6400146484375,338.0911865234375,141976
2026-08-18 09:58:00,2026-08-18,09:58:00,338.04998779296875,338.92999267578125,337.9100952148437,338.864990234375,89886
2026-08-18 09:59:00,2026-08-18,09:59:00,338.8900146484375,339.25,338.29998779296875,339.1549987792969,180434
2026-08-18 10:00:00,2026-08-18,10:00:00,339.1799011230469,339.42999267578125,338.7200012207031,338.8500061035156,118347
2026-08-18 10:01:00,2026-08-18,10:01:00,338.79998779296875,338.95001220703125,337.2900085449219,337.79998779296875,118482
2026-08-18 10:02:00,2026-08-18,10:02:00,337.6487121582031,338.5299987792969,337.32000732421875,337.6449890136719,87838
2026-08-18 10:03:00,2026-08-18,10:03:00,337.7099914550781,338.5,337.4200134277344,337.44268798828125,97719
2026-08-18 10:04:00,2026-08-18,10:04:00,337.4547119140625,337.79998779296875,337.2799987792969,337.55499267578125,67276
2026-08-18 10:05:00,2026-08-18,10:05:00,337.55499267578125,337.9798889160156,337.1199951171875,337.6499938964844,88328
2026-08-18 10:06:00,2026-08-18,10:06:00,337.7699890136719,337.7699890136719,336.9006042480469,337.41070556640625,82634
2026-08-18 10:07:00,2026-08-18,10:07:00,337.4349975585937,337.82000732421875,337.1700134277344,337.2699890136719,65849
2026-08-18 10:08:00,2026-08-18,10:08:00,337.3411865234375,337.3500061035156,336.9100036621094,336.9750061035156,49728
2026-08-18 10:09:00,2026-08-18,10:09:00,336.95001220703125,337.2898864746094,336.3800048828125,336.4999084472656,80611
2026-08-18 10:10:00,2026-08-18,10:10:00,336.4100036621094,336.5986022949219,335.95440673828125,336.2062072753906,148157
2026-08-18 10:11:00,2026-08-18,10:11:00,336.2200012207031,336.4599914550781,336.07000732421875,336.1499938964844,62519
2026-08-18 10:12:00,2026-08-18,10:12:00,336.1499938964844,336.6889953613281,335.9800109863281,336.3099975585937,96187
2026-08-18 10:13:00,2026-08-18,10:13:00,336.3099975585937,336.7699890136719,336.2300109863281,336.5185852050781,71396
2026-08-18 10:14:00,2026-08-18,10:14:00,336.4200134277344,336.4798889160156,335.82000732421875,335.9150085449219,107034
2026-08-18 10:15:00,2026-08-18,10:15:00,335.8500061035156,336.510009765625,335.7099914550781,336.3399963378906,88506
2026-08-18 10:16:00,2026-08-18,10:16:00,336.29998779296875,336.44000244140625,336.08331298828125,336.1199951171875,61110
2026-08-18 10:17:00,2026-08-18,10:17:00,336.1650085449219,336.5799865722656,335.8301086425781,336.0,56094
2026-08-18 10:18:00,2026-08-18,10:18:00,336.0,336.94989013671875,335.9599914550781,336.8739929199219,72042
2026-08-18 10:19:00,2026-08-18,10:19:00,336.8999938964844,336.9200134277344,336.45001220703125,336.4849853515625,49139
2026-08-18 10:20:00,2026-08-18,10:20:00,336.4849853515625,337.0199890136719,336.2200012207031,336.3399963378906,90310
2026-08-18 10:21:00,2026-08-18,10:21:00,336.3399963378906,336.6300048828125,336.10009765625,336.19000244140625,51074
2026-08-18 10:22:00,2026-08-18,10:22:00,336.2049865722656,336.54998779296875,336.0,336.4200134277344,67303
2026-08-18 10:23:00,2026-08-18,10:23:00,336.3243103027344,336.9700012207031,336.3243103027344,336.94000244140625,78933
2026-08-18 10:24:00,2026-08-18,10:24:00,336.9200134277344,337.5,336.70001220703125,337.1300048828125,107271
2026-08-18 10:25:00,2026-08-18,10:25:00,337.1300048828125,337.6499938964844,337.1300048828125,337.6499938964844,81581
2026-08-18 10:26:00,2026-08-18,10:26:00,337.5950012207031,338.0,337.49139404296875,337.7799987792969,73061
2026-08-18 10:27:00,2026-08-18,10:27:00,337.8349914550781,337.8349914550781,336.15008544921875,336.57000732421875,163447
2026-08-18 10:28:00,2026-08-18,10:28:00,336.56500244140625,336.94989013671875,336.2345886230469,336.69000244140625,104109
2026-08-18 10:29:00,2026-08-18,10:29:00,336.6600952148437,336.8599853515625,336.44000244140625,336.8598022460937,44064
2026-08-18 10:30:00,2026-08-18,10:30:00,336.8194885253906,337.2799987792969,336.5,337.0400085449219,67492
2026-08-18 10:31:00,2026-08-18,10:31:00,337.0,337.7699890136719,336.94000244140625,337.5899963378906,79668
2026-08-18 10:32:00,2026-08-18,10:32:00,337.5849914550781,338.1000061035156,337.5400085449219,338.0138854980469,109994
2026-08-18 10:33:00,2026-08-18,10:33:00,337.94000244140625,338.0,337.3900146484375,337.5895080566406,96988
2026-08-18 10:34:00,2026-08-18,10:34:00,337.6000061035156,337.7200012207031,336.8200988769531,336.9150085449219,55313
2026-08-18 10:35:00,2026-08-18,10:35:00,336.8800048828125,337.5498962402344,336.7500915527344,337.2991943359375,55960
2026-08-18 10:36:00,2026-08-18,10:36:00,337.2825927734375,337.82989501953125,337.2001037597656,337.7720031738281,97903
2026-08-18 10:37:00,2026-08-18,10:37:00,337.81988525390625,337.97491455078125,337.5299987792969,337.7799987792969,77394
2026-08-18 10:38:00,2026-08-18,10:38:00,337.7239074707031,337.8999938964844,337.55108642578125,337.55108642578125,48091
2026-08-18 10:39:00,2026-08-18,10:39:00,337.56500244140625,338.0,337.4750061035156,337.8699951171875,93863
2026-08-18 10:40:00,2026-08-18,10:40:00,337.8900146484375,338.0899963378906,337.5,337.7300109863281,273774
2026-08-18 10:41:00,2026-08-18,10:41:00,337.7300109863281,337.91461181640625,337.4200134277344,337.5050048828125,52030
2026-08-18 10:42:00,2026-08-18,10:42:00,337.4700012207031,337.5299987792969,336.8200988769531,336.9731140136719,57028
2026-08-18 10:43:00,2026-08-18,10:43:00,336.9100036621094,337.1700134277344,336.8500061035156,337.1199951171875,41167
2026-08-18 10:44:00,2026-08-18,10:44:00,337.09259033203125,337.36700439453125,336.8099975585937,337.360595703125,53262
2026-08-18 10:45:00,2026-08-18,10:45:00,337.29998779296875,337.3999938964844,336.8399963378906,336.94000244140625,89463
2026-08-18 10:46:00,2026-08-18,10:46:00,336.9183044433594,337.0599975585937,336.5599975585937,336.7099914550781,75485
2026-08-18 10:47:00,2026-08-18,10:47:00,336.760009765625,336.8099975585937,336.427001953125,336.489990234375,81429
2026-08-18 10:48:00,2026-08-18,10:48:00,336.5198059082031,336.989013671875,336.4306945800781,336.9833984375,61027
2026-08-18 10:49:00,2026-08-18,10:49:00,336.9891967773437,337.0,336.5299987792969,336.6449890136719,41044
2026-08-18 10:50:00,2026-08-18,10:50:00,336.70001220703125,336.7749938964844,336.2799987792969,336.5950012207031,44103
2026-08-18 10:51:00,2026-08-18,10:51:00,336.5950012207031,336.7698974609375,336.29998779296875,336.30010986328125,36463
2026-08-18 10:52:00,2026-08-18,10:52:00,336.3999938964844,336.4930114746094,336.1419982910156,336.1698913574219,69265
2026-08-18 10:53:00,2026-08-18,10:53:00,336.1221923828125,336.3399963378906,335.69000244140625,336.07000732421875,79303
2026-08-18 10:54:00,2026-08-18,10:54:00,336.0440979003906,336.466796875,335.9200134277344,335.9649963378906,47401
2026-08-18 10:55:00,2026-08-18,10:55:00,335.9200134277344,336.2300109863281,335.7701110839844,335.9800109863281,43823
2026-08-18 10:56:00,2026-08-18,10:56:00,336.0150146484375,336.0199890136719,335.20001220703125,335.5899963378906,111071
2026-08-18 10:57:00,2026-08-18,10:57:00,335.6315002441406,335.7900085449219,335.44549560546875,335.7900085449219,67310
2026-08-18 10:58:00,2026-08-18,10:58:00,335.8399963378906,335.94989013671875,335.67999267578125,335.70001220703125,49006
2026-08-18 10:59:00,2026-08-18,10:59:00,335.67999267578125,335.8515014648437,335.5101013183594,335.79998779296875,53173
2026-08-18 11:00:00,2026-08-18,11:00:00,335.79998779296875,335.81890869140625,335.2099914550781,335.4100036621094,76856
2026-08-18 11:01:00,2026-08-18,11:01:00,335.3800048828125,335.4999084472656,334.9599914550781,335.2699890136719,107399
2026-08-18 11:02:00,2026-08-18,11:02:00,335.3099975585937,335.7099914550781,335.2300109863281,335.6636962890625,59388
2026-08-18 11:03:00,2026-08-18,11:03:00,335.69000244140625,335.75,335.20001220703125,335.3999938964844,59108
2026-08-18 11:04:00,2026-08-18,11:04:00,335.3500061035156,335.75,335.2500915527344,335.6199951171875,45035
2026-08-18 11:05:00,2026-08-18,11:05:00,335.6499938964844,336.07000732421875,335.489990234375,335.92010498046875,93746
2026-08-18 11:06:00,2026-08-18,11:06:00,336.010009765625,336.1000061035156,335.7099914550781,335.92498779296875,49204
2026-08-18 11:07:00,2026-08-18,11:07:00,335.9429016113281,336.277587890625,335.8089904785156,336.239990234375,61363
2026-08-18 11:08:00,2026-08-18,11:08:00,336.1700134277344,336.1700134277344,335.7799987792969,335.864990234375,42348
2026-08-18 11:09:00,2026-08-18,11:09:00,335.875,335.9100036621094,335.5199890136719,335.6449890136719,38027
2026-08-18 11:10:00,2026-08-18,11:10:00,335.6700134277344,336.05340576171875,335.5899963378906,336.0350036621094,49961
2026-08-18 11:11:00,2026-08-18,11:11:00,336.0,336.2250061035156,335.7950134277344,336.17999267578125,45851
2026-08-18 11:12:00,2026-08-18,11:12:00,336.1849975585937,336.5398864746094,336.1199951171875,336.510009765625,55930
2026-08-18 11:13:00,2026-08-18,11:13:00,336.510009765625,336.6000061035156,335.9849853515625,336.4100036621094,64944
2026-08-18 11:14:00,2026-08-18,11:14:00,336.44000244140625,336.5599975585937,336.29998779296875,336.4200134277344,35983
2026-08-18 11:15:00,2026-08-18,11:15:00,336.4700012207031,337.07000732421875,336.3699951171875,337.0682983398437,132286
2026-08-18 11:16:00,2026-08-18,11:16:00,337.07000732421875,337.29998779296875,336.9100036621094,337.1499938964844,80404
2026-08-18 11:17:00,2026-08-18,11:17:00,337.1199951171875,337.32000732421875,336.9100036621094,336.9100036621094,60530
2026-08-18 11:18:00,2026-08-18,11:18:00,336.9800109863281,337.1199951171875,336.82000732421875,336.8565979003906,44639
2026-08-18 11:19:00,2026-08-18,11:19:00,336.8599853515625,337.0299987792969,336.25,336.30499267578125,57389
2026-08-18 11:20:00,2026-08-18,11:20:00,336.2699890136719,336.5599975585937,336.1499938964844,336.4800109863281,47398
2026-08-18 11:21:00,2026-08-18,11:21:00,336.5,336.82000732421875,336.3880920410156,336.5199890136719,55532
2026-08-18 11:22:00,2026-08-18,11:22:00,336.5199890136719,337.0799865722656,336.42999267578125,336.9549865722656,59364
2026-08-18 11:23:00,2026-08-18,11:23:00,336.9100036621094,337.1099853515625,336.739990234375,337.07000732421875,41751
2026-08-18 11:24:00,2026-08-18,11:24:00,337.0899963378906,337.1499938964844,336.8510131835937,336.8900146484375,51131
2026-08-18 11:25:00,2026-08-18,11:25:00,336.885009765625,337.1000061035156,336.7401123046875,336.885009765625,41002
2026-08-18 11:26:00,2026-08-18,11:26:00,336.9200134277344,337.1000061035156,336.8599853515625,336.989990234375,50739
2026-08-18 11:27:00,2026-08-18,11:27:00,336.9700012207031,337.1000061035156,336.8700866699219,337.010009765625,38810
2026-08-18 11:28:00,2026-08-18,11:28:00,337.010009765625,337.6499938964844,336.9800109863281,337.6000061035156,86845
2026-08-18 11:29:00,2026-08-18,11:29:00,337.6000061035156,337.8299865722656,337.3299865722656,337.3999938964844,61451
2026-08-18 11:30:00,2026-08-18,11:30:00,337.385009765625,337.6549987792969,337.20001220703125,337.5799865722656,41057
2026-08-18 11:31:00,2026-08-18,11:31:00,337.59991455078125,337.6449890136719,337.17999267578125,337.4200134277344,35718
2026-08-18 11:32:00,2026-08-18,11:32:00,337.4119873046875,337.5299987792969,337.2981872558594,337.32000732421875,27506
2026-08-18 11:33:00,2026-08-18,11:33:00,337.3299865722656,337.4100036621094,337.010009765625,337.3500061035156,33207
2026-08-18 11:34:00,2026-08-18,11:34:00,337.4299011230469,337.7900085449219,337.3500061035156,337.635009765625,41710
2026-08-18 11:35:00,2026-08-18,11:35:00,337.6099853515625,337.6099853515625,336.8900146484375,337.0,51020
2026-08-18 11:36:00,2026-08-18,11:36:00,337.0,337.0799865722656,336.8299865722656,336.9515991210937,40780
2026-08-18 11:37:00,2026-08-18,11:37:00,336.8900146484375,337.0899963378906,336.769287109375,336.8900146484375,28915
2026-08-18 11:38:00,2026-08-18,11:38:00,336.8999938964844,337.1700134277344,336.8999938964844,337.0899963378906,27480
2026-08-18 11:39:00,2026-08-18,11:39:00,337.1000061035156,337.1000061035156,336.8599853515625,336.9999084472656,20648
2026-08-18 11:40:00,2026-08-18,11:40:00,337.0,338.0299987792969,336.9599914550781,338.0199890136719,75343
2026-08-18 11:41:00,2026-08-18,11:41:00,338.01129150390625,338.29998779296875,337.8922119140625,338.29998779296875,72187
2026-08-18 11:42:00,2026-08-18,11:42:00,338.2699890136719,338.3599853515625,338.1000061035156,338.19500732421875,60597
2026-08-18 11:43:00,2026-08-18,11:43:00,338.19500732421875,338.29998779296875,338.04998779296875,338.07000732421875,32045
2026-08-18 11:44:00,2026-08-18,11:44:00,338.04998779296875,338.5098876953125,338.0299987792969,338.5098876953125,44842
2026-08-18 11:45:00,2026-08-18,11:45:00,338.4750061035156,339.1000061035156,338.4301147460937,339.010009765625,93530
2026-08-18 11:46:00,2026-08-18,11:46:00,339.05499267578125,339.3804931640625,339.0169982910156,339.0169982910156,77482
2026-08-18 11:47:00,2026-08-18,11:47:00,339.07000732421875,339.3900146484375,338.8004150390625,338.864990234375,77219
2026-08-18 11:48:00,2026-08-18,11:48:00,338.8500061035156,339.0,338.8100891113281,338.8869934082031,37416
2026-08-18 11:49:00,2026-08-18,11:49:00,338.8699951171875,338.94000244140625,338.6000061035156,338.7499084472656,42995
2026-08-18 11:50:00,2026-08-18,11:50:00,338.7200012207031,338.7900085449219,338.42999267578125,338.6400146484375,46683
2026-08-18 11:51:00,2026-08-18,11:51:00,338.6400146484375,338.92999267578125,338.6000061035156,338.8689880371094,53520
2026-08-18 11:52:00,2026-08-18,11:52:00,338.7699890136719,338.989990234375,338.54998779296875,338.94500732421875,37235
2026-08-18 11:53:00,2026-08-18,11:53:00,338.8999938964844,339.1400146484375,338.8999938964844,339.1300048828125,58698
2026-08-18 11:54:00,2026-08-18,11:54:00,339.1199951171875,339.4800109863281,339.0105895996094,339.3999938964844,50269
2026-08-18 11:55:00,2026-08-18,11:55:00,339.4800109863281,339.5799865722656,339.17999267578125,339.3699951171875,69584
2026-08-18 11:56:00,2026-08-18,11:56:00,339.4100036621094,339.6300048828125,339.2900085449219,339.5899963378906,55490
2026-08-18 11:57:00,2026-08-18,11:57:00,339.6001892089844,339.6199035644531,339.29998779296875,339.54998779296875,42865
2026-08-18 11:58:00,2026-08-18,11:58:00,339.56500244140625,339.9200134277344,339.4949951171875,339.7449951171875,68944
2026-08-18 11:59:00,2026-08-18,11:59:00,339.70001220703125,339.8800048828125,339.5899963378906,339.8337097167969,48822
2026-08-18 12:00:00,2026-08-18,12:00:00,339.8500061035156,340.2786865234375,339.840087890625,340.1640014648437,127402
2026-08-18 12:01:00,2026-08-18,12:01:00,340.1499938964844,340.2698974609375,339.69000244140625,339.84991455078125,69838
2026-08-18 12:02:00,2026-08-18,12:02:00,339.8299865722656,340.1000061035156,339.7300109863281,339.8550109863281,51071
2026-08-18 12:03:00,2026-08-18,12:03:00,339.82000732421875,339.9649963378906,339.6600036621094,339.8349914550781,57336
2026-08-18 12:04:00,2026-08-18,12:04:00,339.80010986328125,339.8699951171875,339.5199890136719,339.6300048828125,37729
2026-08-18 12:05:00,2026-08-18,12:05:00,339.6018981933594,340.0199890136719,339.2900085449219,340.0,93236
2026-08-18 12:06:00,2026-08-18,12:06:00,340.0,340.1400146484375,339.7099914550781,339.7099914550781,36609
2026-08-18 12:07:00,2026-08-18,12:07:00,339.7449951171875,339.7449951171875,338.57330322265625,338.9800109863281,85191
2026-08-18 12:08:00,2026-08-18,12:08:00,338.9700012207031,339.2098999023437,338.7004089355469,338.82000732421875,47724
2026-08-18 12:09:00,2026-08-18,12:09:00,338.82000732421875,339.1199951171875,338.7650146484375,339.1099853515625,37507
2026-08-18 12:10:00,2026-08-18,12:10:00,339.125,339.5,339.1225891113281,339.4800109863281,65561
2026-08-18 12:11:00,2026-08-18,12:11:00,339.4800109863281,339.5150146484375,339.2699890136719,339.4599914550781,35450
2026-08-18 12:12:00,2026-08-18,12:12:00,339.4649963378906,339.489990234375,338.8753967285156,338.9549865722656,34835
2026-08-18 12:13:00,2026-08-18,12:13:00,338.92999267578125,339.2099914550781,338.8699951171875,339.114990234375,40511
2026-08-18 12:14:00,2026-08-18,12:14:00,339.1199951171875,339.20001220703125,338.760009765625,338.760009765625,47537
2026-08-18 12:15:00,2026-08-18,12:15:00,338.7799987792969,338.909912109375,338.510009765625,338.57501220703125,32477
2026-08-18 12:16:00,2026-08-18,12:16:00,338.6300048828125,338.7499084472656,338.1000061035156,338.1400146484375,46660
2026-08-18 12:17:00,2026-08-18,12:17:00,338.1315002441406,338.4800109863281,338.1315002441406,338.364990234375,34640
2026-08-18 12:18:00,2026-08-18,12:18:00,338.364990234375,338.385986328125,337.6700134277344,337.69000244140625,75148
2026-08-18 12:19:00,2026-08-18,12:19:00,337.67999267578125,338.0,337.67999267578125,337.9700012207031,58666
2026-08-18 12:20:00,2026-08-18,12:20:00,337.9700012207031,338.1099853515625,337.8100891113281,337.9386901855469,55065
2026-08-18 12:21:00,2026-08-18,12:21:00,337.8699951171875,338.1199035644531,337.7699890136719,337.9700012207031,36568
2026-08-18 12:22:00,2026-08-18,12:22:00,338.0,338.3900146484375,337.95001220703125,338.32501220703125,28510
2026-08-18 12:23:00,2026-08-18,12:23:00,338.31500244140625,338.3387145996094,337.9599914550781,338.1400146484375,31887
2026-08-18 12:24:00,2026-08-18,12:24:00,338.135009765625,338.21240234375,337.8399963378906,338.21240234375,40719
2026-08-18 12:25:00,2026-08-18,12:25:00,338.2200012207031,338.2799987792969,337.8099975585937,337.8099975585937,33448
2026-08-18 12:26:00,2026-08-18,12:26:00,337.8099975585937,337.8599853515625,337.5,337.5799865722656,42128
2026-08-18 12:27:00,2026-08-18,12:27:00,337.5199890136719,337.5350036621094,337.17999267578125,337.17999267578125,51189
2026-08-18 12:28:00,2026-08-18,12:28:00,337.20001220703125,337.4800109863281,337.1600952148437,337.3399963378906,44937
2026-08-18 12:29:00,2026-08-18,12:29:00,337.2900085449219,337.4599914550781,337.1625061035156,337.2149963378906,34132
2026-08-18 12:30:00,2026-08-18,12:30:00,337.24951171875,337.5150146484375,337.1400146484375,337.3550109863281,26481
2026-08-18 12:31:00,2026-08-18,12:31:00,337.3550109863281,337.5481872558594,337.2099914550781,337.2950134277344,20953
2026-08-18 12:32:00,2026-08-18,12:32:00,337.2699890136719,337.4700012207031,337.2099914550781,337.32000732421875,29775
2026-08-18 12:33:00,2026-08-18,12:33:00,337.3599853515625,337.4504089355469,337.29998779296875,337.3099975585937,18678
2026-08-18 12:34:00,2026-08-18,12:34:00,337.260009765625,337.44000244140625,337.22491455078125,337.3699951171875,23001
2026-08-18 12:35:00,2026-08-18,12:35:00,337.3999938964844,337.5299072265625,337.3399963378906,337.4894104003906,72471
2026-08-18 12:36:00,2026-08-18,12:36:00,337.4700012207031,337.4750061035156,337.20001220703125,337.25,27131
2026-08-18 12:37:00,2026-08-18,12:37:00,337.25,337.5050048828125,337.0799865722656,337.26910400390625,44333
2026-08-18 12:38:00,2026-08-18,12:38:00,337.3299865722656,337.5150146484375,337.114990234375,337.5150146484375,56316
2026-08-18 12:39:00,2026-08-18,12:39:00,337.5150146484375,337.69500732421875,337.4923095703125,337.6299133300781,40101
2026-08-18 12:40:00,2026-08-18,12:40:00,337.57391357421875,337.881591796875,337.5,337.6650085449219,34998
2026-08-18 12:41:00,2026-08-18,12:41:00,337.6400146484375,337.6698913574219,337.20001220703125,337.4100036621094,66562
2026-08-18 12:42:00,2026-08-18,12:42:00,337.4150085449219,337.4700012207031,337.19000244140625,337.3299865722656,16849
2026-08-18 12:43:00,2026-08-18,12:43:00,337.2900085449219,337.5299987792969,337.1499938964844,337.5199890136719,47666
2026-08-18 12:44:00,2026-08-18,12:44:00,337.5400085449219,337.8099975585937,337.4901123046875,337.7701110839844,23233
2026-08-18 12:45:00,2026-08-18,12:45:00,337.7770080566406,337.989990234375,337.739990234375,337.79998779296875,37985
2026-08-18 12:46:00,2026-08-18,12:46:00,337.79998779296875,338.8599853515625,337.79998779296875,338.70001220703125,59871
2026-08-18 12:47:00,2026-08-18,12:47:00,338.7449951171875,338.9100036621094,338.6199951171875,338.6849975585937,38020
2026-08-18 12:48:00,2026-08-18,12:48:00,338.69000244140625,339.29998779296875,338.6499938964844,339.1499938964844,61776
2026-08-18 12:49:00,2026-08-18,12:49:00,339.1499938964844,339.2428894042969,339.0000915527344,339.06500244140625,38828
2026-08-18 12:50:00,2026-08-18,12:50:00,339.1000061035156,339.20001220703125,339.010498046875,339.1575012207031,35620
2026-08-18 12:51:00,2026-08-18,12:51:00,339.17999267578125,339.2049865722656,338.9305114746094,339.0599975585937,45754
2026-08-18 12:52:00,2026-08-18,12:52:00,339.05499267578125,339.20001220703125,338.989501953125,339.0899963378906,19138
2026-08-18 12:53:00,2026-08-18,12:53:00,339.07000732421875,339.0849914550781,338.7315979003906,339.06500244140625,35851
2026-08-18 12:54:00,2026-08-18,12:54:00,339.07501220703125,339.70001220703125,339.07501220703125,339.5450134277344,50055
2026-08-18 12:55:00,2026-08-18,12:55:00,339.5450134277344,339.6099853515625,339.4599914550781,339.4599914550781,36683
2026-08-18 12:56:00,2026-08-18,12:56:00,339.5199890136719,339.6650085449219,339.510009765625,339.5849914550781,28304
2026-08-18 12:57:00,2026-08-18,12:57:00,339.5899963378906,339.6000061035156,339.32000732421875,339.3900146484375,37372
2026-08-18 12:58:00,2026-08-18,12:58:00,339.3900146484375,339.7799987792969,339.32000732421875,339.7300109863281,29792
2026-08-18 12:59:00,2026-08-18,12:59:00,339.7449951171875,339.7698974609375,339.5299987792969,339.57501220703125,23908
2026-08-18 13:00:00,2026-08-18,13:00:00,339.58990478515625,339.6899108886719,339.3699951171875,339.45001220703125,35398
2026-08-18 13:01:00,2026-08-18,13:01:00,339.489990234375,339.5249938964844,339.2900085449219,339.3699951171875,30362
2026-08-18 13:02:00,2026-08-18,13:02:00,339.3399963378906,339.5400085449219,339.3399963378906,339.5199890136719,26210
2026-08-18 13:03:00,2026-08-18,13:03:00,339.5199890136719,339.82000732421875,339.5199890136719,339.81500244140625,44595
2026-08-18 13:04:00,2026-08-18,13:04:00,339.79998779296875,339.82000732421875,339.5599975585937,339.5599975585937,26547
2026-08-18 13:05:00,2026-08-18,13:05:00,339.5899963378906,339.6199951171875,339.2099914550781,339.260009765625,40197
2026-08-18 13:06:00,2026-08-18,13:06:00,339.2300109863281,339.2764892578125,338.9200134277344,339.0199890136719,58718
2026-08-18 13:07:00,2026-08-18,13:07:00,339.0249938964844,339.3599853515625,338.8500061035156,339.351806640625,35624
2026-08-18 13:08:00,2026-08-18,13:08:00,339.3500061035156,339.3999938964844,339.1199951171875,339.2723999023437,32036
2026-08-18 13:09:00,2026-08-18,13:09:00,339.2900085449219,339.3599853515625,339.20849609375,339.32000732421875,19873
2026-08-18 13:10:00,2026-08-18,13:10:00,339.32000732421875,339.4100036621094,339.135009765625,339.1700134277344,30028
2026-08-18 13:11:00,2026-08-18,13:11:00,339.2049865722656,339.2049865722656,338.9700927734375,338.9800109863281,22195
2026-08-18 13:12:00,2026-08-18,13:12:00,338.9700012207031,339.20001220703125,338.7799987792969,339.1455078125,30666
2026-08-18 13:13:00,2026-08-18,13:13:00,339.20001220703125,339.22900390625,338.4200134277344,338.5299987792969,50160
2026-08-18 13:14:00,2026-08-18,13:14:00,338.5151062011719,338.5799865722656,338.31500244140625,338.32000732421875,47721
2026-08-18 13:15:00,2026-08-18,13:15:00,338.32000732421875,338.32000732421875,337.95001220703125,337.9849853515625,54475
2026-08-18 13:16:00,2026-08-18,13:16:00,338.0199890136719,338.0599060058594,337.7699890136719,337.8500061035156,39030
2026-08-18 13:17:00,2026-08-18,13:17:00,337.8699951171875,338.0050048828125,337.7500915527344,337.8299865722656,24848
2026-08-18 13:18:00,2026-08-18,13:18:00,337.84869384765625,337.8598937988281,337.510009765625,337.55499267578125,39286
2026-08-18 13:19:00,2026-08-18,13:19:00,337.55499267578125,337.5799865722656,337.2300109863281,337.30499267578125,52515
2026-08-18 13:20:00,2026-08-18,13:20:00,337.3099975585937,337.6791076660156,337.1499938964844,337.35211181640625,50780
2026-08-18 13:21:00,2026-08-18,13:21:00,337.3599853515625,337.6400146484375,337.3100891113281,337.4700012207031,45222
2026-08-18 13:22:00,2026-08-18,13:22:00,337.45001220703125,337.4891052246094,337.25,337.3099975585937,30885
2026-08-18 13:23:00,2026-08-18,13:23:00,337.3500061035156,337.3714904785156,337.2799987792969,337.3099975585937,20266
2026-08-18 13:24:00,2026-08-18,13:24:00,337.3349914550781,337.3699951171875,336.2699890136719,336.3299865722656,132705
2026-08-18 13:25:00,2026-08-18,13:25:00,336.3699951171875,336.3900146484375,335.9750061035156,336.0404968261719,64905
2026-08-18 13:26:00,2026-08-18,13:26:00,336.0400085449219,336.5199890136719,335.9700012207031,336.3299865722656,69586
2026-08-18 13:27:00,2026-08-18,13:27:00,336.2853088378906,336.5400085449219,336.0299987792969,336.5299072265625,58203
2026-08-18 13:28:00,2026-08-18,13:28:00,336.5299072265625,337.1199951171875,336.44000244140625,336.989990234375,98182
2026-08-18 13:29:00,2026-08-18,13:29:00,336.989990234375,337.0487060546875,336.84259033203125,336.9549865722656,43742
2026-08-18 13:30:00,2026-08-18,13:30:00,336.92999267578125,337.2117004394531,336.8507080078125,336.92999267578125,49996
2026-08-18 13:31:00,2026-08-18,13:31:00,336.8500061035156,337.2099914550781,336.8500061035156,337.1099853515625,43223
2026-08-18 13:32:00,2026-08-18,13:32:00,337.1499938964844,337.1520080566406,336.6099853515625,336.67999267578125,39129
2026-08-18 13:33:00,2026-08-18,13:33:00,336.7200012207031,336.7799987792969,336.3999938964844,336.70001220703125,28318
2026-08-18 13:34:00,2026-08-18,13:34:00,336.6600036621094,336.8399963378906,336.6000061035156,336.75,20776
2026-08-18 13:35:00,2026-08-18,13:35:00,336.75,336.9599914550781,336.739990234375,336.9349975585937,19917
2026-08-18 13:36:00,2026-08-18,13:36:00,336.9349975585937,336.95001220703125,336.82000732421875,336.86041259765625,14077
2026-08-18 13:37:00,2026-08-18,13:37:00,336.8800048828125,337.1099853515625,336.8599853515625,337.0899963378906,30472
2026-08-18 13:38:00,2026-08-18,13:38:00,337.0715026855469,337.6300048828125,337.0700988769531,337.559814453125,64692
2026-08-18 13:39:00,2026-08-18,13:39:00,337.5899963378906,337.5899963378906,337.1015930175781,337.1600036621094,31087
2026-08-18 13:40:00,2026-08-18,13:40:00,337.0950012207031,337.3573913574219,337.0299987792969,337.32501220703125,46327
2026-08-18 13:41:00,2026-08-18,13:41:00,337.30499267578125,337.3299865722656,336.95001220703125,337.1600036621094,29602
2026-08-18 13:42:00,2026-08-18,13:42:00,337.135009765625,337.1600036621094,336.95001220703125,337.0899963378906,21445
2026-08-18 13:43:00,2026-08-18,13:43:00,337.05499267578125,337.25,337.0299987792969,337.1849975585937,17056
2026-08-18 13:44:00,2026-08-18,13:44:00,337.1700134277344,337.260009765625,337.1600036621094,337.2200012207031,13084
2026-08-18 13:45:00,2026-08-18,13:45:00,337.20001220703125,337.3399963378906,337.1600036621094,337.17999267578125,29475
2026-08-18 13:46:00,2026-08-18,13:46:00,337.1700134277344,337.3999938964844,337.110107421875,337.3349914550781,23800
2026-08-18 13:47:00,2026-08-18,13:47:00,337.3099975585937,337.5,337.29998779296875,337.4700012207031,35252
2026-08-18 13:48:00,2026-08-18,13:48:00,337.4700012207031,337.5,337.3500061035156,337.42498779296875,48990
2026-08-18 13:49:00,2026-08-18,13:49:00,337.42498779296875,337.4599914550781,337.010009765625,337.0899963378906,40009
2026-08-18 13:50:00,2026-08-18,13:50:00,337.1000061035156,337.1000061035156,336.5,336.6199951171875,68080
2026-08-18 13:51:00,2026-08-18,13:51:00,336.6700134277344,336.7799987792969,336.5450134277344,336.614990234375,30370
2026-08-18 13:52:00,2026-08-18,13:52:00,336.614990234375,336.75,336.5599975585937,336.75,29827
2026-08-18 13:53:00,2026-08-18,13:53:00,336.7250061035156,337.19000244140625,336.7250061035156,337.1199951171875,50692
2026-08-18 13:54:00,2026-08-18,13:54:00,337.114013671875,337.2449951171875,337.0899963378906,337.19000244140625,34626
2026-08-18 13:55:00,2026-08-18,13:55:00,337.19000244140625,337.25,337.0107116699219,337.1300048828125,22983
2026-08-18 13:56:00,2026-08-18,13:56:00,337.1300048828125,337.1377868652344,336.7349853515625,336.7950134277344,39529
2026-08-18 13:57:00,2026-08-18,13:57:00,336.79998779296875,336.8699951171875,336.6000061035156,336.6000061035156,19829
2026-08-18 13:58:00,2026-08-18,13:58:00,336.6000061035156,336.7799987792969,336.5599975585937,336.66119384765625,23217
2026-08-18 13:59:00,2026-08-18,13:59:00,336.6099853515625,336.7200012207031,336.44000244140625,336.44000244140625,30065
2026-08-18 14:00:00,2026-08-18,14:00:00,336.44000244140625,336.4778137207031,336.25,336.3550109863281,64194
2026-08-18 14:01:00,2026-08-18,14:01:00,336.3550109863281,336.6099853515625,336.3550109863281,336.55499267578125,44636
2026-08-18 14:02:00,2026-08-18,14:02:00,336.5299987792969,336.6300048828125,336.25,336.25,55186
2026-08-18 14:03:00,2026-08-18,14:03:00,336.2749938964844,336.42999267578125,336.2300109863281,336.385009765625,17523
2026-08-18 14:04:00,2026-08-18,14:04:00,336.3699951171875,336.3999938964844,336.0599975585937,336.0751953125,38409
2026-08-18 14:05:00,2026-08-18,14:05:00,336.0899963378906,336.2950134277344,336.0899963378906,336.19500732421875,24635
2026-08-18 14:06:00,2026-08-18,14:06:00,336.20001220703125,336.29998779296875,336.1199951171875,336.2799987792969,22748
2026-08-18 14:07:00,2026-08-18,14:07:00,336.260009765625,336.510009765625,336.19000244140625,336.3699951171875,58298
2026-08-18 14:08:00,2026-08-18,14:08:00,336.4100036621094,336.4700012207031,336.2101135253906,336.2659912109375,35787
2026-08-18 14:09:00,2026-08-18,14:09:00,336.25,336.2550048828125,336.010009765625,336.090087890625,52270
2026-08-18 14:10:00,2026-08-18,14:10:00,336.0899963378906,336.1755065917969,336.0199890136719,336.07000732421875,23444
2026-08-18 14:11:00,2026-08-18,14:11:00,336.0950012207031,336.2200012207031,336.0669860839844,336.17999267578125,19641
2026-08-18 14:12:00,2026-08-18,14:12:00,336.17999267578125,336.32000732421875,336.09051513671875,336.32000732421875,21447
2026-08-18 14:13:00,2026-08-18,14:13:00,336.32501220703125,336.7799987792969,336.2749938964844,336.7049865722656,66656
2026-08-18 14:14:00,2026-08-18,14:14:00,336.7120056152344,336.83990478515625,336.5896911621094,336.6700134277344,48093
2026-08-18 14:15:00,2026-08-18,14:15:00,336.6700134277344,336.7200012207031,336.4599914550781,336.6449890136719,31819
2026-08-18 14:16:00,2026-08-18,14:16:00,336.6549987792969,336.6549987792969,336.239990234375,336.2817077636719,30603
2026-08-18 14:17:00,2026-08-18,14:17:00,336.2699890136719,336.5400085449219,336.19439697265625,336.5299987792969,27056
2026-08-18 14:18:00,2026-08-18,14:18:00,336.5137023925781,336.6698913574219,336.4049987792969,336.5799865722656,32851
2026-08-18 14:19:00,2026-08-18,14:19:00,336.5635986328125,336.88140869140625,336.4601135253906,336.8450012207031,34960
2026-08-18 14:20:00,2026-08-18,14:20:00,336.8450012207031,336.8999938964844,336.79998779296875,336.8550109863281,29719
2026-08-18 14:21:00,2026-08-18,14:21:00,336.8550109863281,337.07000732421875,336.79998779296875,337.03399658203125,57020
2026-08-18 14:22:00,2026-08-18,14:22:00,337.05499267578125,337.0799865722656,336.7300109863281,336.7300109863281,26019
2026-08-18 14:23:00,2026-08-18,14:23:00,336.760009765625,336.7799987792969,336.4599914550781,336.5899963378906,39107
2026-08-18 14:24:00,2026-08-18,14:24:00,336.58758544921875,336.79998779296875,336.5599975585937,336.69000244140625,24337
2026-08-18 14:25:00,2026-08-18,14:25:00,336.67999267578125,336.81500244140625,336.6099853515625,336.739990234375,32013
2026-08-18 14:26:00,2026-08-18,14:26:00,336.7099914550781,336.7099914550781,336.3999938964844,336.44500732421875,28141
2026-08-18 14:27:00,2026-08-18,14:27:00,336.42999267578125,336.4599914550781,336.25,336.32000732421875,24412
2026-08-18 14:28:00,2026-08-18,14:28:00,336.2850036621094,336.45001220703125,336.2850036621094,336.3800048828125,15496
2026-08-18 14:29:00,2026-08-18,14:29:00,336.385009765625,336.489990234375,336.3500061035156,336.42498779296875,12553
2026-08-18 14:30:00,2026-08-18,14:30:00,336.42999267578125,336.5599975585937,336.35919189453125,336.5400085449219,20587
2026-08-18 14:31:00,2026-08-18,14:31:00,336.57000732421875,336.7200012207031,336.4100036621094,336.45001220703125,17218
2026-08-18 14:32:00,2026-08-18,14:32:00,336.45001220703125,336.4599914550781,336.2200012207031,336.2850036621094,18806
2026-08-18 14:33:00,2026-08-18,14:33:00,336.2312927246094,336.3900146484375,336.19000244140625,336.3799133300781,22142
2026-08-18 14:34:00,2026-08-18,14:34:00,336.3599853515625,336.3699951171875,336.239990234375,336.3699951171875,12911
2026-08-18 14:35:00,2026-08-18,14:35:00,336.3699951171875,336.4986877441406,336.2699890136719,336.32501220703125,33339
2026-08-18 14:36:00,2026-08-18,14:36:00,336.29998779296875,336.39849853515625,336.20001220703125,336.20001220703125,40127
2026-08-18 14:37:00,2026-08-18,14:37:00,336.2149963378906,336.4599914550781,336.20001220703125,336.3599853515625,23173
2026-08-18 14:38:00,2026-08-18,14:38:00,336.375,336.510009765625,336.29998779296875,336.3099975585937,18147
2026-08-18 14:39:00,2026-08-18,14:39:00,336.3299865722656,336.3299865722656,335.7300109863281,335.739990234375,78056
2026-08-18 14:40:00,2026-08-18,14:40:00,335.75,335.8099975585937,335.3999938964844,335.4700012207031,70720
2026-08-18 14:41:00,2026-08-18,14:41:00,335.4100036621094,335.7598876953125,335.3500061035156,335.6499938964844,48101
2026-08-18 14:42:00,2026-08-18,14:42:00,335.6400146484375,335.7300109863281,335.45001220703125,335.4750061035156,31731
2026-08-18 14:43:00,2026-08-18,14:43:00,335.4549865722656,335.5899963378906,335.3519897460937,335.55499267578125,41893
2026-08-18 14:44:00,2026-08-18,14:44:00,335.56500244140625,335.6000061035156,335.3699951171875,335.4100036621094,59941
2026-08-18 14:45:00,2026-08-18,14:45:00,335.4200134277344,335.56500244140625,335.3299865722656,335.5299987792969,32265
2026-08-18 14:46:00,2026-08-18,14:46:00,335.5400085449219,335.6400146484375,335.42999267578125,335.6099853515625,23924
2026-08-18 14:47:00,2026-08-18,14:47:00,335.5799865722656,335.75,335.29998779296875,335.7349853515625,39817
2026-08-18 14:48:00,2026-08-18,14:48:00,335.748291015625,335.748291015625,335.3900146484375,335.44000244140625,43799
2026-08-18 14:49:00,2026-08-18,14:49:00,335.42999267578125,335.6050109863281,335.4200134277344,335.5299987792969,22742
2026-08-18 14:50:00,2026-08-18,14:50:00,335.5533142089844,335.5599975585937,335.3399963378906,335.3900146484375,19335
2026-08-18 14:51:00,2026-08-18,14:51:00,335.3299865722656,335.3999938964844,335.2099914550781,335.2900085449219,33555
2026-08-18 14:52:00,2026-08-18,14:52:00,335.27508544921875,335.409912109375,335.1700134277344,335.3599853515625,35686
2026-08-18 14:53:00,2026-08-18,14:53:00,335.3599853515625,335.5350036621094,335.260009765625,335.4649963378906,25890
2026-08-18 14:54:00,2026-08-18,14:54:00,335.3999938964844,335.5,335.35009765625,335.4049987792969,15953
2026-08-18 14:55:00,2026-08-18,14:55:00,335.3699951171875,335.5400085449219,335.260009765625,335.5,48640
2026-08-18 14:56:00,2026-08-18,14:56:00,335.4700012207031,335.6520080566406,335.4700012207031,335.56500244140625,47775
2026-08-18 14:57:00,2026-08-18,14:57:00,335.57000732421875,335.7699890136719,335.56500244140625,335.5899963378906,37776
2026-08-18 14:58:00,2026-08-18,14:58:00,335.5899963378906,335.760009765625,335.5799865722656,335.6600036621094,18645
2026-08-18 14:59:00,2026-08-18,14:59:00,335.6400146484375,335.94000244140625,335.6400146484375,335.7900085449219,62708
2026-08-18 15:00:00,2026-08-18,15:00:00,335.7850036621094,336.34991455078125,335.7850036621094,336.1773986816406,57068
2026-08-18 15:01:00,2026-08-18,15:01:00,336.19000244140625,336.2898864746094,335.8800964355469,336.0050048828125,37172
2026-08-18 15:02:00,2026-08-18,15:02:00,335.9700012207031,335.989990234375,335.7200012207031,335.739990234375,29910
2026-08-18 15:03:00,2026-08-18,15:03:00,335.8095092773437,335.989990234375,335.79998779296875,335.94000244140625,23783
2026-08-18 15:04:00,2026-08-18,15:04:00,335.93389892578125,335.94000244140625,335.7401123046875,335.7650146484375,34802
2026-08-18 15:05:00,2026-08-18,15:05:00,335.739990234375,335.798095703125,335.5599975585937,335.7900085449219,26482
2026-08-18 15:06:00,2026-08-18,15:06:00,335.7900085449219,335.7900085449219,335.6400146484375,335.75,19750
2026-08-18 15:07:00,2026-08-18,15:07:00,335.7699890136719,335.9599914550781,335.7250061035156,335.8900146484375,27370
2026-08-18 15:08:00,2026-08-18,15:08:00,335.8800048828125,336.0150146484375,335.8587951660156,336.0050048828125,25757
2026-08-18 15:09:00,2026-08-18,15:09:00,336.0299072265625,336.1000061035156,335.92999267578125,336.1000061035156,28356
2026-08-18 15:10:00,2026-08-18,15:10:00,336.0784912109375,336.39990234375,335.989990234375,336.3599853515625,48244
2026-08-18 15:11:00,2026-08-18,15:11:00,336.3599853515625,336.3800048828125,336.2200012207031,336.2699890136719,30279
2026-08-18 15:12:00,2026-08-18,15:12:00,336.2699890136719,336.3293151855469,336.0,336.05499267578125,28615
2026-08-18 15:13:00,2026-08-18,15:13:00,336.0199890136719,336.2099914550781,335.95001220703125,336.1600036621094,23705
2026-08-18 15:14:00,2026-08-18,15:14:00,336.1600036621094,336.2099914550781,336.05010986328125,336.1199951171875,19176
2026-08-18 15:15:00,2026-08-18,15:15:00,336.1000061035156,336.3399963378906,336.0950012207031,336.2598876953125,36827
2026-08-18 15:16:00,2026-08-18,15:16:00,336.239990234375,336.45001220703125,336.1700134277344,336.32000732421875,39018
2026-08-18 15:17:00,2026-08-18,15:17:00,336.3099975585937,336.3699951171875,336.17999267578125,336.19000244140625,19594
2026-08-18 15:18:00,2026-08-18,15:18:00,336.17999267578125,336.33990478515625,336.1400146484375,336.2550048828125,41941
2026-08-18 15:19:00,2026-08-18,15:19:00,336.29998779296875,336.29998779296875,336.04998779296875,336.2099914550781,49892
2026-08-18 15:20:00,2026-08-18,15:20:00,336.2049865722656,336.2300109863281,336.0,336.19000244140625,46026
2026-08-18 15:21:00,2026-08-18,15:21:00,336.20001220703125,336.29998779296875,336.1300964355469,336.25,35054
2026-08-18 15:22:00,2026-08-18,15:22:00,336.2300109863281,336.3500061035156,336.2099914550781,336.29998779296875,24159
2026-08-18 15:23:00,2026-08-18,15:23:00,336.3140869140625,336.45001220703125,336.2900085449219,336.4049987792969,39578
2026-08-18 15:24:00,2026-08-18,15:24:00,336.3900146484375,336.6098937988281,336.29998779296875,336.5799865722656,65685
2026-08-18 15:25:00,2026-08-18,15:25:00,336.6199951171875,336.70001220703125,336.57000732421875,336.625,53191
2026-08-18 15:26:00,2026-08-18,15:26:00,336.6099853515625,336.70001220703125,336.5199890136719,336.57000732421875,49911
2026-08-18 15:27:00,2026-08-18,15:27:00,336.5661926269531,336.7300109863281,336.5400085449219,336.57000732421875,43974
2026-08-18 15:28:00,2026-08-18,15:28:00,336.614990234375,336.614990234375,336.4700012207031,336.5400085449219,26832
2026-08-18 15:29:00,2026-08-18,15:29:00,336.5299987792969,336.67999267578125,336.3999938964844,336.6700134277344,43018
2026-08-18 15:30:00,2026-08-18,15:30:00,336.6700134277344,337.0400085449219,336.6300048828125,336.9100036621094,63039
2026-08-18 15:31:00,2026-08-18,15:31:00,336.95001220703125,337.1700134277344,336.8399963378906,337.15838623046875,56882
2026-08-18 15:32:00,2026-08-18,15:32:00,337.1499938964844,337.1499938964844,336.8819885253906,336.88720703125,35423
2026-08-18 15:33:00,2026-08-18,15:33:00,336.8949890136719,336.9598999023437,336.75,336.8949890136719,43472
2026-08-18 15:34:00,2026-08-18,15:34:00,336.8699951171875,337.0,336.840087890625,336.99371337890625,42225
2026-08-18 15:35:00,2026-08-18,15:35:00,336.9700012207031,337.1199035644531,336.9349975585937,337.0799865722656,32419
2026-08-18 15:36:00,2026-08-18,15:36:00,337.0899963378906,337.2699890136719,337.0299987792969,337.0299987792969,73181
2026-08-18 15:37:00,2026-08-18,15:37:00,337.0299987792969,337.0570068359375,336.6499938964844,336.6780090332031,67227
2026-08-18 15:38:00,2026-08-18,15:38:00,336.69000244140625,336.69439697265625,336.1700134277344,336.4649963378906,72069
2026-08-18 15:39:00,2026-08-18,15:39:00,336.4599914550781,336.6700134277344,336.40008544921875,336.6080017089844,38335
2026-08-18 15:40:00,2026-08-18,15:40:00,336.6431884765625,336.9599914550781,336.6199951171875,336.8900146484375,42000
2026-08-18 15:41:00,2026-08-18,15:41:00,336.9100036621094,336.989990234375,336.7900085449219,336.8999938964844,21209
2026-08-18 15:42:00,2026-08-18,15:42:00,336.875,337.0,336.840087890625,336.9599914550781,38972
2026-08-18 15:43:00,2026-08-18,15:43:00,336.9800109863281,337.0,336.8099975585937,336.8700866699219,28435
2026-08-18 15:44:00,2026-08-18,15:44:00,336.8999938964844,337.0899963378906,336.7601013183594,336.8367004394531,29870
2026-08-18 15:45:00,2026-08-18,15:45:00,336.82000732421875,336.9700012207031,336.7300109863281,336.875,34097
2026-08-18 15:46:00,2026-08-18,15:46:00,336.8599853515625,337.0498962402344,336.7900085449219,336.9898986816406,32800
2026-08-18 15:47:00,2026-08-18,15:47:00,336.9599914550781,336.9599914550781,336.6300048828125,336.67498779296875,96699
2026-08-18 15:48:00,2026-08-18,15:48:00,336.6700134277344,336.7200012207031,336.44000244140625,336.4750061035156,42500
2026-08-18 15:49:00,2026-08-18,15:49:00,336.4599914550781,336.489990234375,336.2799987792969,336.4798889160156,46464
2026-08-18 15:50:00,2026-08-18,15:50:00,336.4794921875,336.57000732421875,336.1600036621094,336.239990234375,60866
2026-08-18 15:51:00,2026-08-18,15:51:00,336.239990234375,336.3399963378906,336.0,336.04998779296875,79449
2026-08-18 15:52:00,2026-08-18,15:52:00,336.06500244140625,336.337890625,336.0299987792969,336.3099975585937,77204
2026-08-18 15:53:00,2026-08-18,15:53:00,336.2799987792969,336.2799987792969,335.5299987792969,335.5799865722656,117417
2026-08-18 15:54:00,2026-08-18,15:54:00,335.5799865722656,336.1499938964844,335.3099975585937,335.95001220703125,202468
2026-08-18 15:55:00,2026-08-18,15:55:00,335.9800109863281,336.8900146484375,335.8800048828125,336.8399963378906,181592
2026-08-18 15:56:00,2026-08-18,15:56:00,336.8500061035156,337.4100036621094,336.82000732421875,337.2900085449219,178353
2026-08-18 15:57:00,2026-08-18,15:57:00,337.2799987792969,337.29998779296875,336.92999267578125,336.9750061035156,126401
2026-08-18 15:58:00,2026-08-18,15:58:00,336.9800109863281,337.0599975585937,336.57000732421875,336.7250061035156,223790
2026-08-18 15:59:00,2026-08-18,15:59:00,336.739990234375,336.9750061035156,336.4800109863281,336.885009765625,411588
2026-08-19 09:30:00,2026-08-19,09:30:00,338.9049987792969,340.4518127441406,337.5799865722656,340.3262939453125,1027284
2026-08-19 09:31:00,2026-08-19,09:31:00,340.2799987792969,340.3999938964844,337.8800048828125,338.0950012207031,175690
2026-08-19 09:32:00,2026-08-19,09:32:00,338.1687927246094,340.79998779296875,338.1687927246094,340.6900939941406,196503
2026-08-19 09:33:00,2026-08-19,09:33:00,340.8593139648437,341.2900085449219,339.57000732421875,339.66650390625,222781
2026-08-19 09:34:00,2026-08-19,09:34:00,339.6000061035156,340.8599853515625,339.1711120605469,340.35009765625,160315
2026-08-19 09:35:00,2026-08-19,09:35:00,340.4200134277344,341.20001220703125,339.8599853515625,339.8599853515625,267730
2026-08-19 09:36:00,2026-08-19,09:36:00,339.8099975585937,340.0299987792969,338.4200134277344,338.4464111328125,198565
2026-08-19 09:37:00,2026-08-19,09:37:00,338.5754089355469,339.8699951171875,338.4400939941406,339.4700012207031,131255
2026-08-19 09:38:00,2026-08-19,09:38:00,339.5199890136719,339.6700134277344,338.0802917480469,338.1600036621094,146894
2026-08-19 09:39:00,2026-08-19,09:39:00,338.09210205078125,338.75,337.5299987792969,338.3999938964844,154591
2026-08-19 09:40:00,2026-08-19,09:40:00,338.3699951171875,339.19989013671875,337.6549987792969,338.95001220703125,132499
2026-08-19 09:41:00,2026-08-19,09:41:00,339.0,339.2300109863281,338.4580078125,338.67498779296875,106779
2026-08-19 09:42:00,2026-08-19,09:42:00,338.7950134277344,338.9301147460937,338.0899963378906,338.4849853515625,167132
2026-08-19 09:43:00,2026-08-19,09:43:00,338.6000061035156,339.8800048828125,338.57000732421875,339.7099914550781,113039
2026-08-19 09:44:00,2026-08-19,09:44:00,339.67498779296875,340.8500061035156,339.6701965332031,340.0199890136719,228984
2026-08-19 09:45:00,2026-08-19,09:45:00,339.8999938964844,340.489990234375,339.0105895996094,339.16619873046875,111103
2026-08-19 09:46:00,2026-08-19,09:46:00,339.2799987792969,340.0599975585937,339.1455993652344,339.4198913574219,92742
2026-08-19 09:47:00,2026-08-19,09:47:00,339.375,339.8389892578125,338.5400085449219,338.5599975585937,101844
2026-08-19 09:48:00,2026-08-19,09:48:00,338.57501220703125,339.0578918457031,336.54998779296875,336.54998779296875,202252
2026-08-19 09:49:00,2026-08-19,09:49:00,336.5849914550781,337.2799987792969,335.70001220703125,336.7799987792969,194850
2026-08-19 09:50:00,2026-08-19,09:50:00,336.7799987792969,337.0599975585937,336.25,336.6600036621094,122405
2026-08-19 09:51:00,2026-08-19,09:51:00,336.739990234375,336.9599914550781,336.10009765625,336.4100036621094,118165
2026-08-19 09:52:00,2026-08-19,09:52:00,336.5400085449219,338.2594909667969,336.4549865722656,337.7101135253906,145932
2026-08-19 09:53:00,2026-08-19,09:53:00,337.7900085449219,338.6000061035156,337.69000244140625,337.8349914550781,143736
2026-08-19 09:54:00,2026-08-19,09:54:00,337.8299865722656,338.0899963378906,337.2650146484375,337.5950012207031,92583
2026-08-19 09:55:00,2026-08-19,09:55:00,337.6000061035156,338.0,337.5069885253906,337.56500244140625,91045
2026-08-19 09:56:00,2026-08-19,09:56:00,337.56500244140625,337.6000061035156,336.7300109863281,337.3450012207031,89844
2026-08-19 09:57:00,2026-08-19,09:57:00,337.364990234375,338.19000244140625,336.8999938964844,337.70001220703125,82800
2026-08-19 09:58:00,2026-08-19,09:58:00,337.7749938964844,338.67999267578125,337.5,338.57000732421875,142620
2026-08-19 09:59:00,2026-08-19,09:59:00,338.5,338.7900085449219,337.9200134277344,337.9849853515625,73652
2026-08-19 10:00:00,2026-08-19,10:00:00,338.0350036621094,338.489990234375,337.82000732421875,338.0,86592
2026-08-19 10:01:00,2026-08-19,10:01:00,337.9750061035156,338.7049865722656,337.7601013183594,338.5299987792969,75035
2026-08-19 10:02:00,2026-08-19,10:02:00,338.57958984375,338.81988525390625,338.2601928710937,338.29998779296875,87412
2026-08-19 10:03:00,2026-08-19,10:03:00,338.3599853515625,338.69830322265625,338.1422119140625,338.3099975585937,67947
2026-08-19 10:04:00,2026-08-19,10:04:00,338.32000732421875,339.57000732421875,338.1700134277344,339.2900085449219,126368
2026-08-19 10:05:00,2026-08-19,10:05:00,339.2900085449219,339.75,339.17999267578125,339.2699890136719,103496
2026-08-19 10:06:00,2026-08-19,10:06:00,339.2850036621094,339.8999938964844,339.2850036621094,339.8999938964844,83906
2026-08-19 10:07:00,2026-08-19,10:07:00,339.8999938964844,340.0199890136719,339.17999267578125,339.29998779296875,168371
2026-08-19 10:08:00,2026-08-19,10:08:00,339.4100036621094,339.8299865722656,339.2200012207031,339.3099975585937,63703
2026-08-19 10:09:00,2026-08-19,10:09:00,339.3550109863281,339.8399963378906,339.2200012207031,339.5249938964844,69273
2026-08-19 10:10:00,2026-08-19,10:10:00,339.5799865722656,339.5799865722656,338.5400085449219,338.6050109863281,125874
2026-08-19 10:11:00,2026-08-19,10:11:00,338.54998779296875,338.7300109863281,337.510009765625,337.5849914550781,121722
2026-08-19 10:12:00,2026-08-19,10:12:00,337.5849914550781,338.44000244140625,337.5,338.3500061035156,105026
2026-08-19 10:13:00,2026-08-19,10:13:00,338.29998779296875,338.96990966796875,338.1400146484375,338.92498779296875,84216
2026-08-19 10:14:00,2026-08-19,10:14:00,338.92498779296875,338.9599914550781,338.0199890136719,338.2250061035156,65591
2026-08-19 10:15:00,2026-08-19,10:15:00,338.19500732421875,338.8099975585937,338.010009765625,338.79998779296875,74832
2026-08-19 10:16:00,2026-08-19,10:16:00,338.7514953613281,339.6400146484375,338.7449951171875,339.6400146484375,95997
2026-08-19 10:17:00,2026-08-19,10:17:00,339.6400146484375,340.1400146484375,339.5799865722656,340.0199890136719,133384
2026-08-19 10:18:00,2026-08-19,10:18:00,340.0599975585937,340.29998779296875,339.6000061035156,340.0899963378906,89819
2026-08-19 10:19:00,2026-08-19,10:19:00,340.0799865722656,340.3299865722656,339.8099975585937,340.1300048828125,82693
2026-08-19 10:20:00,2026-08-19,10:20:00,340.1449890136719,340.70001220703125,339.7799987792969,339.79998779296875,145378
2026-08-19 10:21:00,2026-08-19,10:21:00,339.739990234375,339.95001220703125,338.9549865722656,339.0216064453125,120609
2026-08-19 10:22:00,2026-08-19,10:22:00,339.05499267578125,339.08990478515625,338.2900085449219,338.6300048828125,121143
2026-08-19 10:23:00,2026-08-19,10:23:00,338.6300048828125,339.3988952636719,338.6199951171875,339.2554016113281,63428
2026-08-19 10:24:00,2026-08-19,10:24:00,339.2099914550781,339.9599914550781,339.15008544921875,339.8399963378906,72816
2026-08-19 10:25:00,2026-08-19,10:25:00,339.8075866699219,340.19500732421875,339.5520935058594,339.94000244140625,56586
2026-08-19 10:26:00,2026-08-19,10:26:00,339.95001220703125,340.3399963378906,339.95001220703125,340.32000732421875,64932
2026-08-19 10:27:00,2026-08-19,10:27:00,340.32000732421875,341.3299865722656,340.2799987792969,341.1549987792969,204971
2026-08-19 10:28:00,2026-08-19,10:28:00,341.1449890136719,341.6700134277344,341.0256042480469,341.635009765625,156541
2026-08-19 10:29:00,2026-08-19,10:29:00,341.635009765625,342.5,341.6286926269531,342.3399963378906,224998
2026-08-19 10:30:00,2026-08-19,10:30:00,342.3800048828125,343.419189453125,341.8999938964844,343.1700134277344,314147
2026-08-19 10:31:00,2026-08-19,10:31:00,343.1199951171875,343.42999267578125,342.3999938964844,342.3999938964844,198262
2026-08-19 10:32:00,2026-08-19,10:32:00,342.3999938964844,342.5299987792969,341.510009765625,341.702392578125,155562
2026-08-19 10:33:00,2026-08-19,10:33:00,341.67999267578125,342.3681030273437,341.57000732421875,341.9549865722656,184029
2026-08-19 10:34:00,2026-08-19,10:34:00,341.8999938964844,341.9849853515625,341.2799987792969,341.7900085449219,121836
2026-08-19 10:35:00,2026-08-19,10:35:00,341.7558898925781,343.3800048828125,341.7558898925781,343.3399963378906,172263
2026-08-19 10:36:00,2026-08-19,10:36:00,343.3450012207031,343.6499938964844,342.9100036621094,343.4601135253906,158818
2026-08-19 10:37:00,2026-08-19,10:37:00,343.4800109863281,343.8399963378906,343.3800048828125,343.7640075683594,114268
2026-08-19 10:38:00,2026-08-19,10:38:00,343.75,344.8349914550781,343.75,344.6700134277344,204127
2026-08-19 10:39:00,2026-08-19,10:39:00,344.6799011230469,345.20001220703125,344.5799865722656,344.989990234375,271451
2026-08-19 10:40:00,2026-08-19,10:40:00,344.9549865722656,345.81768798828125,344.9200134277344,345.7300109863281,184656
2026-08-19 10:41:00,2026-08-19,10:41:00,345.7890014648437,345.94000244140625,345.010009765625,345.2900085449219,157993
2026-08-19 10:42:00,2026-08-19,10:42:00,345.32000732421875,346.4599914550781,345.2401123046875,346.4349975585937,236944
2026-08-19 10:43:00,2026-08-19,10:43:00,346.4349975585937,346.9200134277344,346.10009765625,346.2300109863281,222499
2026-08-19 10:44:00,2026-08-19,10:44:00,346.20001220703125,346.7900085449219,345.910400390625,346.7049865722656,228626
2026-08-19 10:45:00,2026-08-19,10:45:00,346.7099914550781,347.8099975585937,346.6499938964844,347.239990234375,346154
2026-08-19 10:46:00,2026-08-19,10:46:00,347.2799072265625,347.32000732421875,346.1400146484375,346.559814453125,237997
2026-08-19 10:47:00,2026-08-19,10:47:00,346.489990234375,346.54998779296875,345.8699951171875,346.0400085449219,233437
2026-08-19 10:48:00,2026-08-19,10:48:00,346.0400085449219,346.71990966796875,345.7300109863281,346.239990234375,127545
2026-08-19 10:49:00,2026-08-19,10:49:00,346.239990234375,346.82000732421875,346.0466003417969,346.44500732421875,169512
2026-08-19 10:50:00,2026-08-19,10:50:00,346.4200134277344,346.5400085449219,346.0599975585937,346.3999938964844,98041
2026-08-19 10:51:00,2026-08-19,10:51:00,346.3599853515625,347.20001220703125,346.09991455078125,346.94781494140625,169767
2026-08-19 10:52:00,2026-08-19,10:52:00,346.9700012207031,347.0400085449219,346.25,346.60009765625,157792
2026-08-19 10:53:00,2026-08-19,10:53:00,346.6675109863281,346.9800109863281,346.54998779296875,346.8103942871094,78859
2026-08-19 10:54:00,2026-08-19,10:54:00,346.75,346.7799987792969,346.3699951171875,346.3699951171875,53593
2026-08-19 10:55:00,2026-08-19,10:55:00,346.4375,346.7799987792969,346.20001220703125,346.6650085449219,96493
2026-08-19 10:56:00,2026-08-19,10:56:00,346.69000244140625,347.3999938964844,346.69000244140625,347.07501220703125,135516
2026-08-19 10:57:00,2026-08-19,10:57:00,347.0856018066406,347.2099914550781,346.5199890136719,346.5799865722656,77691
2026-08-19 10:58:00,2026-08-19,10:58:00,346.57501220703125,347.07501220703125,346.4501037597656,346.989990234375,105625
2026-08-19 10:59:00,2026-08-19,10:59:00,346.9800109863281,347.6000061035156,346.7799987792969,347.38751220703125,134893
2026-08-19 11:00:00,2026-08-19,11:00:00,347.4200134277344,348.5599975585937,347.4200134277344,348.489990234375,259288
2026-08-19 11:01:00,2026-08-19,11:01:00,348.5199890136719,348.54998779296875,347.5400085449219,347.8800964355469,155815
2026-08-19 11:02:00,2026-08-19,11:02:00,347.8699951171875,348.04998779296875,346.79998779296875,346.8399963378906,216873
2026-08-19 11:03:00,2026-08-19,11:03:00,346.8349914550781,347.5874938964844,346.7300109863281,347.489990234375,102691
2026-08-19 11:04:00,2026-08-19,11:04:00,347.5199890136719,347.6400146484375,346.69000244140625,346.7301025390625,78832
2026-08-19 11:05:00,2026-08-19,11:05:00,346.739990234375,347.0498962402344,346.2200012207031,347.010009765625,195643
2026-08-19 11:06:00,2026-08-19,11:06:00,347.04400634765625,347.510009765625,346.79998779296875,347.2850036621094,109445
2026-08-19 11:07:00,2026-08-19,11:07:00,347.2200012207031,347.2947998046875,346.5799865722656,347.0199890136719,78294
2026-08-19 11:08:00,2026-08-19,11:08:00,346.9700012207031,346.9700012207031,346.260009765625,346.6199951171875,88720
2026-08-19 11:09:00,2026-08-19,11:09:00,346.5950012207031,346.7300109863281,346.1155090332031,346.56060791015625,96071
2026-08-19 11:10:00,2026-08-19,11:10:00,346.614990234375,346.7900085449219,346.4100036621094,346.5150146484375,63070
2026-08-19 11:11:00,2026-08-19,11:11:00,346.5060119628906,346.8999938964844,346.3900146484375,346.8299865722656,79404
2026-08-19 11:12:00,2026-08-19,11:12:00,346.8500061035156,347.1000061035156,346.7705078125,346.9100036621094,69061
2026-08-19 11:13:00,2026-08-19,11:13:00,346.8900146484375,347.17999267578125,346.82000732421875,346.8500061035156,65255
2026-08-19 11:14:00,2026-08-19,11:14:00,346.9100036621094,346.9800109863281,346.4700012207031,346.4809875488281,65993
2026-08-19 11:15:00,2026-08-19,11:15:00,346.4501037597656,346.67498779296875,346.1499938964844,346.510009765625,86443
2026-08-19 11:16:00,2026-08-19,11:16:00,346.4800109863281,347.1000061035156,346.4750061035156,346.760009765625,97378
2026-08-19 11:17:00,2026-08-19,11:17:00,346.7950134277344,346.95001220703125,346.5299987792969,346.6300048828125,45259
2026-08-19 11:18:00,2026-08-19,11:18:00,346.5950012207031,346.7799987792969,346.4800109863281,346.6300048828125,42501
2026-08-19 11:19:00,2026-08-19,11:19:00,346.6199951171875,347.04998779296875,346.54998779296875,346.8999938964844,49015
2026-08-19 11:20:00,2026-08-19,11:20:00,346.93121337890625,347.2695007324219,346.82000732421875,347.1300048828125,77726
2026-08-19 11:21:00,2026-08-19,11:21:00,347.1099853515625,347.42999267578125,347.0599975585937,347.1449890136719,83847
2026-08-19 11:22:00,2026-08-19,11:22:00,347.1400146484375,347.489990234375,347.04998779296875,347.4200134277344,83189
2026-08-19 11:23:00,2026-08-19,11:23:00,347.42498779296875,347.70001220703125,347.20001220703125,347.2200012207031,85842
2026-08-19 11:24:00,2026-08-19,11:24:00,347.2349853515625,347.3500061035156,346.94000244140625,347.05499267578125,65036
2026-08-19 11:25:00,2026-08-19,11:25:00,347.05499267578125,347.20001220703125,346.8800048828125,347.1257019042969,59489
2026-08-19 11:26:00,2026-08-19,11:26:00,347.0799865722656,347.5994873046875,346.8999938964844,347.45001220703125,59638
2026-08-19 11:27:00,2026-08-19,11:27:00,347.45001220703125,347.59991455078125,347.17999267578125,347.3620910644531,44935
2026-08-19 11:28:00,2026-08-19,11:28:00,347.42999267578125,347.6099853515625,347.3699951171875,347.54998779296875,68639
2026-08-19 11:29:00,2026-08-19,11:29:00,347.5249938964844,347.6700134277344,347.3450012207031,347.44000244140625,68166
2026-08-19 11:30:00,2026-08-19,11:30:00,347.4700012207031,348.0799865722656,347.3905029296875,348.0799865722656,111475
2026-08-19 11:31:00,2026-08-19,11:31:00,348.1000061035156,348.1679992675781,347.7799987792969,347.8450012207031,80750
2026-08-19 11:32:00,2026-08-19,11:32:00,347.8500061035156,348.0199890136719,347.60009765625,347.6449890136719,47314
2026-08-19 11:33:00,2026-08-19,11:33:00,347.6499938964844,347.9200134277344,347.4800109863281,347.54998779296875,70609
2026-08-19 11:34:00,2026-08-19,11:34:00,347.54998779296875,347.8999938964844,347.3999938964844,347.8900146484375,91205
2026-08-19 11:35:00,2026-08-19,11:35:00,347.8399963378906,347.8594970703125,347.3599853515625,347.5599975585937,50922
2026-08-19 11:36:00,2026-08-19,11:36:00,347.6000061035156,347.8299865722656,346.9005126953125,347.0350036621094,156459
2026-08-19 11:37:00,2026-08-19,11:37:00,347.0299987792969,347.489990234375,346.8999938964844,347.4700012207031,66128
2026-08-19 11:38:00,2026-08-19,11:38:00,347.4700012207031,347.4700012207031,347.1300048828125,347.3699951171875,44162
2026-08-19 11:39:00,2026-08-19,11:39:00,347.3399963378906,347.42999267578125,346.8099975585937,346.8599853515625,42631
2026-08-19 11:40:00,2026-08-19,11:40:00,346.8326110839844,346.94000244140625,346.5299987792969,346.8299865722656,88412
2026-08-19 11:41:00,2026-08-19,11:41:00,346.82000732421875,346.889404296875,346.4200134277344,346.6502990722656,55594
2026-08-19 11:42:00,2026-08-19,11:42:00,346.6317138671875,347.0,346.3999938964844,346.8699951171875,60644
2026-08-19 11:43:00,2026-08-19,11:43:00,346.79998779296875,346.8999938964844,346.6000061035156,346.6000061035156,34885
2026-08-19 11:44:00,2026-08-19,11:44:00,346.5672912597656,346.94000244140625,346.5627136230469,346.9172058105469,48365
2026-08-19 11:45:00,2026-08-19,11:45:00,346.8699951171875,346.989990234375,346.7699890136719,346.989990234375,38959
2026-08-19 11:46:00,2026-08-19,11:46:00,346.9100036621094,347.0,346.70001220703125,346.8299865722656,31590
2026-08-19 11:47:00,2026-08-19,11:47:00,346.80499267578125,346.8299865722656,346.3301086425781,346.57000732421875,55331
2026-08-19 11:48:00,2026-08-19,11:48:00,346.57501220703125,346.6400146484375,346.4200134277344,346.45001220703125,25514
2026-08-19 11:49:00,2026-08-19,11:49:00,346.42498779296875,346.6247863769531,345.8800048828125,346.0249938964844,88417
2026-08-19 11:50:00,2026-08-19,11:50:00,346.0,346.1000061035156,345.8599853515625,346.04998779296875,113583
2026-08-19 11:51:00,2026-08-19,11:51:00,346.0199890136719,346.489990234375,345.9700012207031,346.3599853515625,74731
2026-08-19 11:52:00,2026-08-19,11:52:00,346.3306884765625,346.9501953125,346.2650146484375,346.8550109863281,76148
2026-08-19 11:53:00,2026-08-19,11:53:00,346.8500061035156,347.0,346.489990234375,346.5,72811
2026-08-19 11:54:00,2026-08-19,11:54:00,346.5249938964844,346.6400146484375,346.1499938964844,346.2650146484375,43311
2026-08-19 11:55:00,2026-08-19,11:55:00,346.2650146484375,346.7699890136719,346.2257080078125,346.7550048828125,53943
2026-08-19 11:56:00,2026-08-19,11:56:00,346.7296142578125,346.9898986816406,346.6300048828125,346.7250061035156,33902
2026-08-19 11:57:00,2026-08-19,11:57:00,346.7250061035156,346.8599853515625,346.6000061035156,346.6650085449219,31816
2026-08-19 11:58:00,2026-08-19,11:58:00,346.6650085449219,347.0,346.6099853515625,346.9778137207031,75245
2026-08-19 11:59:00,2026-08-19,11:59:00,346.989990234375,347.1919860839844,346.8399963378906,346.9349975585937,54159
2026-08-19 12:00:00,2026-08-19,12:00:00,346.9349975585937,347.1099853515625,346.75,347.0950012207031,37411
2026-08-19 12:01:00,2026-08-19,12:01:00,347.0950012207031,347.1700134277344,346.94000244140625,347.1499938964844,41507
2026-08-19 12:02:00,2026-08-19,12:02:00,347.125,347.25,346.9200134277344,347.1600036621094,57615
2026-08-19 12:03:00,2026-08-19,12:03:00,347.1600036621094,347.2300109863281,346.9472045898437,347.0400085449219,72968
2026-08-19 12:04:00,2026-08-19,12:04:00,347.1000061035156,347.23309326171875,347.0899963378906,347.1650085449219,37906
2026-08-19 12:05:00,2026-08-19,12:05:00,347.1513061523437,347.6400146484375,347.1513061523437,347.55499267578125,75501
2026-08-19 12:06:00,2026-08-19,12:06:00,347.57000732421875,347.9100036621094,347.42999267578125,347.864990234375,63479
2026-08-19 12:07:00,2026-08-19,12:07:00,347.8700866699219,348.20001220703125,347.70001220703125,348.1199951171875,118385
2026-08-19 12:08:00,2026-08-19,12:08:00,348.1199951171875,348.25,347.9200134277344,347.95001220703125,66050
2026-08-19 12:09:00,2026-08-19,12:09:00,347.9700012207031,348.4100036621094,347.9200134277344,348.409912109375,77340
2026-08-19 12:10:00,2026-08-19,12:10:00,348.3800048828125,348.67999267578125,348.3319091796875,348.6099853515625,113580
2026-08-19 12:11:00,2026-08-19,12:11:00,348.6099853515625,349.1600036621094,348.6099853515625,348.9800109863281,166991
2026-08-19 12:12:00,2026-08-19,12:12:00,348.9800109863281,348.9800109863281,348.75048828125,348.875,88924
2026-08-19 12:13:00,2026-08-19,12:13:00,348.90301513671875,348.90301513671875,348.3299865722656,348.3800048828125,90801
2026-08-19 12:14:00,2026-08-19,12:14:00,348.3900146484375,348.4200134277344,348.04998779296875,348.0799865722656,89096
2026-08-19 12:15:00,2026-08-19,12:15:00,348.0400085449219,348.409912109375,347.760009765625,348.3599853515625,98982
2026-08-19 12:16:00,2026-08-19,12:16:00,348.3599853515625,348.4800109863281,348.1000061035156,348.4682006835937,65859
2026-08-19 12:17:00,2026-08-19,12:17:00,348.4599914550781,348.5,348.0400085449219,348.0599975585937,91464
2026-08-19 12:18:00,2026-08-19,12:18:00,348.07000732421875,348.7499084472656,347.9599914550781,348.6600036621094,108227
2026-08-19 12:19:00,2026-08-19,12:19:00,348.610107421875,348.79998779296875,348.5199890136719,348.7699890136719,66235
2026-08-19 12:20:00,2026-08-19,12:20:00,348.7699890136719,349.0899963378906,348.75,349.0249938964844,80362
2026-08-19 12:21:00,2026-08-19,12:21:00,349.0187072753906,349.19000244140625,348.3900146484375,348.4200134277344,123468
2026-08-19 12:22:00,2026-08-19,12:22:00,348.4150085449219,348.9200134277344,348.3399963378906,348.8800048828125,79871
2026-08-19 12:23:00,2026-08-19,12:23:00,348.8399963378906,348.9200134277344,348.54998779296875,348.7749938964844,44568
2026-08-19 12:24:00,2026-08-19,12:24:00,348.7799987792969,348.79998779296875,348.4599914550781,348.4908142089844,34793
2026-08-19 12:25:00,2026-08-19,12:25:00,348.4800109863281,348.4999084472656,348.1401062011719,348.2799987792969,46982
2026-08-19 12:26:00,2026-08-19,12:26:00,348.2449951171875,348.4200134277344,348.0799865722656,348.3099975585937,41066
2026-08-19 12:27:00,2026-08-19,12:27:00,348.30718994140625,348.3599853515625,348.1000061035156,348.1700134277344,33656
2026-08-19 12:28:00,2026-08-19,12:28:00,348.1700134277344,348.4700012207031,348.0950012207031,348.17999267578125,44579
2026-08-19 12:29:00,2026-08-19,12:29:00,348.17999267578125,348.3599853515625,348.0400085449219,348.2099914550781,45181
2026-08-19 12:30:00,2026-08-19,12:30:00,348.1549987792969,348.1549987792969,347.5,347.9599914550781,140525
2026-08-19 12:31:00,2026-08-19,12:31:00,347.92999267578125,348.0723876953125,347.54998779296875,347.54998779296875,36992
2026-08-19 12:32:00,2026-08-19,12:32:00,347.60400390625,347.6419982910156,347.3399963378906,347.3450012207031,39332
2026-08-19 12:33:00,2026-08-19,12:33:00,347.3599853515625,347.3999938964844,347.1418151855469,347.2101135253906,44996
2026-08-19 12:34:00,2026-08-19,12:34:00,347.2099914550781,347.33990478515625,347.04998779296875,347.2300109863281,47800
2026-08-19 12:35:00,2026-08-19,12:35:00,347.2650146484375,347.3351135253906,347.1300048828125,347.260009765625,46466
2026-08-19 12:36:00,2026-08-19,12:36:00,347.260009765625,347.5400085449219,347.260009765625,347.3500061035156,66190
2026-08-19 12:37:00,2026-08-19,12:37:00,347.3800048828125,347.6700134277344,347.3299865722656,347.42999267578125,53792
2026-08-19 12:38:00,2026-08-19,12:38:00,347.44000244140625,347.4598999023437,346.8999938964844,346.9349975585937,56416
2026-08-19 12:39:00,2026-08-19,12:39:00,346.92010498046875,347.0,346.70001220703125,346.739990234375,51809
2026-08-19 12:40:00,2026-08-19,12:40:00,346.7439880371094,346.9576110839844,346.739990234375,346.830810546875,44392
2026-08-19 12:41:00,2026-08-19,12:41:00,346.8550109863281,347.0050048828125,346.7099914550781,346.92999267578125,45426
2026-08-19 12:42:00,2026-08-19,12:42:00,346.8999938964844,346.9800109863281,346.5,346.6099853515625,28089
2026-08-19 12:43:00,2026-08-19,12:43:00,346.6499938964844,346.7900085449219,346.5400085449219,346.5400085449219,23140
2026-08-19 12:44:00,2026-08-19,12:44:00,346.5599975585937,346.67999267578125,346.4599914550781,346.5599975585937,42558
2026-08-19 12:45:00,2026-08-19,12:45:00,346.5299987792969,346.9100036621094,346.4800109863281,346.6549987792969,33174
2026-08-19 12:46:00,2026-08-19,12:46:00,346.6099853515625,346.6700134277344,346.4599914550781,346.4700012207031,40788
2026-08-19 12:47:00,2026-08-19,12:47:00,346.5,347.0,346.489990234375,346.67999267578125,47803
2026-08-19 12:48:00,2026-08-19,12:48:00,346.69000244140625,346.70001220703125,346.5604858398437,346.625,21888
2026-08-19 12:49:00,2026-08-19,12:49:00,346.5799865722656,346.631591796875,346.510009765625,346.5400085449219,29676
2026-08-19 12:50:00,2026-08-19,12:50:00,346.5199890136719,346.79998779296875,346.5,346.7099914550781,33342
2026-08-19 12:51:00,2026-08-19,12:51:00,346.7120056152344,346.739990234375,346.5429992675781,346.7250061035156,47150
2026-08-19 12:52:00,2026-08-19,12:52:00,346.70001220703125,346.79998779296875,346.6600952148437,346.7850036621094,32680
2026-08-19 12:53:00,2026-08-19,12:53:00,346.79010009765625,347.1600036621094,346.79010009765625,346.95001220703125,66146
2026-08-19 12:54:00,2026-08-19,12:54:00,346.94000244140625,347.114990234375,346.8900146484375,347.1099853515625,56399
2026-08-19 12:55:00,2026-08-19,12:55:00,347.1099853515625,347.3399963378906,347.0545959472656,347.2900085449219,35462
2026-08-19 12:56:00,2026-08-19,12:56:00,347.2950134277344,347.44000244140625,347.19000244140625,347.3861083984375,36451
2026-08-19 12:57:00,2026-08-19,12:57:00,347.4142150878906,347.44500732421875,347.1300964355469,347.2449951171875,39614
2026-08-19 12:58:00,2026-08-19,12:58:00,347.21539306640625,347.33990478515625,347.1099853515625,347.2099914550781,31278
2026-08-19 12:59:00,2026-08-19,12:59:00,347.17010498046875,347.3699951171875,347.090087890625,347.2850036621094,27648
2026-08-19 13:00:00,2026-08-19,13:00:00,347.260009765625,347.54998779296875,347.198486328125,347.5050048828125,35111
2026-08-19 13:01:00,2026-08-19,13:01:00,347.4700012207031,347.5,347.2361145019531,347.3699035644531,29065
2026-08-19 13:02:00,2026-08-19,13:02:00,347.3699951171875,347.4049987792969,347.10009765625,347.12921142578125,25949
2026-08-19 13:03:00,2026-08-19,13:03:00,347.135009765625,347.19500732421875,346.9034118652344,347.1050109863281,45928
2026-08-19 13:04:00,2026-08-19,13:04:00,347.0599975585937,347.0599975585937,346.6300048828125,346.760009765625,38394
2026-08-19 13:05:00,2026-08-19,13:05:00,346.7699890136719,347.04998779296875,346.7699890136719,346.94000244140625,35875
2026-08-19 13:06:00,2026-08-19,13:06:00,346.9216003417969,346.92999267578125,346.6650085449219,346.69000244140625,25220
2026-08-19 13:07:00,2026-08-19,13:07:00,346.7099914550781,346.71990966796875,346.4750061035156,346.5199890136719,26056
2026-08-19 13:08:00,2026-08-19,13:08:00,346.54998779296875,346.9999084472656,346.510009765625,346.7200012207031,24122
2026-08-19 13:09:00,2026-08-19,13:09:00,346.7200012207031,346.7300109863281,346.52099609375,346.6199951171875,22074
2026-08-19 13:10:00,2026-08-19,13:10:00,346.635009765625,346.92999267578125,346.57000732421875,346.6600952148437,83076
2026-08-19 13:11:00,2026-08-19,13:11:00,346.67999267578125,346.67999267578125,346.510009765625,346.6050109863281,35185
2026-08-19 13:12:00,2026-08-19,13:12:00,346.614990234375,346.7726135253906,346.5199890136719,346.7699890136719,34956
2026-08-19 13:13:00,2026-08-19,13:13:00,346.7699890136719,346.94000244140625,346.7099914550781,346.7659912109375,26179
2026-08-19 13:14:00,2026-08-19,13:14:00,346.760009765625,346.7950134277344,346.5450134277344,346.5799865722656,21143
2026-08-19 13:15:00,2026-08-19,13:15:00,346.5799865722656,346.9200134277344,346.5799865722656,346.8550109863281,27993
2026-08-19 13:16:00,2026-08-19,13:16:00,346.848388671875,347.0199890136719,346.8099975585937,347.0199890136719,27660
2026-08-19 13:17:00,2026-08-19,13:17:00,347.0199890136719,347.0498962402344,346.8736877441406,346.89569091796875,14974
2026-08-19 13:18:00,2026-08-19,13:18:00,346.9200134277344,346.9700012207031,346.6549987792969,346.6549987792969,24430
2026-08-19 13:19:00,2026-08-19,13:19:00,346.6307983398437,346.7699890136719,346.5799865722656,346.614990234375,26046
2026-08-19 13:20:00,2026-08-19,13:20:00,346.6099853515625,346.8099060058594,346.3999938964844,346.7200012207031,45189
2026-08-19 13:21:00,2026-08-19,13:21:00,346.739990234375,346.7799987792969,346.5,346.5599975585937,21290
2026-08-19 13:22:00,2026-08-19,13:22:00,346.510009765625,346.5799865722656,346.3699951171875,346.54998779296875,34339
2026-08-19 13:23:00,2026-08-19,13:23:00,346.55499267578125,346.6199951171875,346.3999938964844,346.4549865722656,17717
2026-08-19 13:24:00,2026-08-19,13:24:00,346.4200134277344,346.4299011230469,346.2099914550781,346.2651062011719,54219
2026-08-19 13:25:00,2026-08-19,13:25:00,346.25,346.57000732421875,346.2200012207031,346.4700012207031,28652
2026-08-19 13:26:00,2026-08-19,13:26:00,346.4045104980469,346.6300048828125,346.3599853515625,346.5899963378906,26280
2026-08-19 13:27:00,2026-08-19,13:27:00,346.5950012207031,346.7799987792969,346.57000732421875,346.69000244140625,29453
2026-08-19 13:28:00,2026-08-19,13:28:00,346.7499084472656,346.9898986816406,346.69000244140625,346.9200134277344,37850
2026-08-19 13:29:00,2026-08-19,13:29:00,346.8500061035156,346.9049987792969,346.7301025390625,346.885009765625,41378
2026-08-19 13:30:00,2026-08-19,13:30:00,346.9200134277344,346.989990234375,346.7699890136719,346.906005859375,31180
2026-08-19 13:31:00,2026-08-19,13:31:00,346.8999938964844,346.9200134277344,346.3599853515625,346.3599853515625,38274
2026-08-19 13:32:00,2026-08-19,13:32:00,346.3500061035156,346.4599914550781,346.0899963378906,346.1101989746094,53086
2026-08-19 13:33:00,2026-08-19,13:33:00,346.1300048828125,346.5050048828125,346.0899963378906,346.3599853515625,39329
2026-08-19 13:34:00,2026-08-19,13:34:00,346.3599853515625,346.531005859375,346.2900085449219,346.29998779296875,19066
2026-08-19 13:35:00,2026-08-19,13:35:00,346.2984924316406,346.6199035644531,346.2300109863281,346.5799865722656,29138
2026-08-19 13:36:00,2026-08-19,13:36:00,346.5950012207031,346.6000061035156,346.3699951171875,346.489990234375,15987
2026-08-19 13:37:00,2026-08-19,13:37:00,346.5350036621094,346.6000061035156,346.489990234375,346.5450134277344,18646
2026-08-19 13:38:00,2026-08-19,13:38:00,346.5450134277344,346.635009765625,346.4599914550781,346.510009765625,24970
2026-08-19 13:39:00,2026-08-19,13:39:00,346.5249938964844,346.70001220703125,346.4949951171875,346.54998779296875,26050
2026-08-19 13:40:00,2026-08-19,13:40:00,346.6099853515625,346.79620361328125,346.5599975585937,346.715087890625,29427
2026-08-19 13:41:00,2026-08-19,13:41:00,346.6801147460937,346.8500061035156,346.6400146484375,346.8500061035156,17999
2026-08-19 13:42:00,2026-08-19,13:42:00,346.82000732421875,347.06988525390625,346.82000732421875,346.92999267578125,42013
2026-08-19 13:43:00,2026-08-19,13:43:00,346.92999267578125,347.0199890136719,346.8500061035156,347.0050048828125,26546
2026-08-19 13:44:00,2026-08-19,13:44:00,347.0050048828125,347.0400085449219,346.739990234375,346.8399963378906,38318
2026-08-19 13:45:00,2026-08-19,13:45:00,346.8500061035156,347.010009765625,346.79998779296875,346.9375,26772
2026-08-19 13:46:00,2026-08-19,13:46:00,346.9599914550781,347.0199890136719,346.7699890136719,346.92999267578125,21512
2026-08-19 13:47:00,2026-08-19,13:47:00,346.94000244140625,347.0,346.9100036621094,346.9800109863281,20176
2026-08-19 13:48:00,2026-08-19,13:48:00,346.9800109863281,347.19000244140625,346.8999938964844,347.19000244140625,38553
2026-08-19 13:49:00,2026-08-19,13:49:00,347.17498779296875,347.25,346.9599914550781,347.1449890136719,51000
2026-08-19 13:50:00,2026-08-19,13:50:00,347.17999267578125,347.5,347.14990234375,347.3699951171875,69521
2026-08-19 13:51:00,2026-08-19,13:51:00,347.3900146484375,347.6700134277344,347.25,347.65008544921875,62479
2026-08-19 13:52:00,2026-08-19,13:52:00,347.67401123046875,347.7179870605469,347.5,347.7179870605469,41430
2026-08-19 13:53:00,2026-08-19,13:53:00,347.69500732421875,348.0299987792969,347.6784973144531,347.9599914550781,75632
2026-08-19 13:54:00,2026-08-19,13:54:00,347.95001220703125,347.9599914550781,347.8099975585937,347.8800048828125,58739
2026-08-19 13:55:00,2026-08-19,13:55:00,347.8999938964844,347.9200134277344,347.6499938964844,347.69500732421875,58881
2026-08-19 13:56:00,2026-08-19,13:56:00,347.69000244140625,347.79998779296875,347.6000061035156,347.7749938964844,44239
2026-08-19 13:57:00,2026-08-19,13:57:00,347.7850036621094,347.8599853515625,347.5101013183594,347.5299987792969,44577
2026-08-19 13:58:00,2026-08-19,13:58:00,347.5155944824219,347.8599853515625,347.4949951171875,347.7349853515625,42612
2026-08-19 13:59:00,2026-08-19,13:59:00,347.7200012207031,347.7900085449219,347.57000732421875,347.7699890136719,20924
2026-08-19 14:00:00,2026-08-19,14:00:00,347.7344970703125,348.0889892578125,347.57000732421875,347.9801025390625,58117
2026-08-19 14:01:00,2026-08-19,14:01:00,347.9700012207031,348.3099975585937,347.92999267578125,348.29998779296875,59297
2026-08-19 14:02:00,2026-08-19,14:02:00,348.3099975585937,348.70001220703125,348.239990234375,348.65509033203125,121360
2026-08-19 14:03:00,2026-08-19,14:03:00,348.6849975585937,348.8399963378906,348.5400085449219,348.6449890136719,43056
2026-08-19 14:04:00,2026-08-19,14:04:00,348.6400146484375,348.75,348.5,348.5599975585937,55623
2026-08-19 14:05:00,2026-08-19,14:05:00,348.57000732421875,348.69000244140625,348.2850036621094,348.3200988769531,56762
2026-08-19 14:06:00,2026-08-19,14:06:00,348.3599853515625,348.5,348.1499938964844,348.1499938964844,39404
2026-08-19 14:07:00,2026-08-19,14:07:00,348.1499938964844,348.3299865722656,347.8500061035156,348.0799865722656,53762
2026-08-19 14:08:00,2026-08-19,14:08:00,348.0799865722656,348.0899963378906,347.7300109863281,347.739990234375,42278
2026-08-19 14:09:00,2026-08-19,14:09:00,347.70001220703125,347.760009765625,347.3599853515625,347.57501220703125,75530
2026-08-19 14:10:00,2026-08-19,14:10:00,347.54998779296875,347.7699890136719,347.4150085449219,347.4150085449219,46121
2026-08-19 14:11:00,2026-08-19,14:11:00,347.44500732421875,348.1600036621094,347.4200134277344,348.1300048828125,46365
2026-08-19 14:12:00,2026-08-19,14:12:00,348.1199951171875,348.3599853515625,348.0799865722656,348.1400146484375,52266
2026-08-19 14:13:00,2026-08-19,14:13:00,348.1199951171875,348.4056091308594,348.0400085449219,348.1099853515625,34610
2026-08-19 14:14:00,2026-08-19,14:14:00,348.089599609375,348.1799011230469,347.8800048828125,347.9700012207031,36571
2026-08-19 14:15:00,2026-08-19,14:15:00,347.989990234375,347.989990234375,347.635009765625,347.6449890136719,43499
2026-08-19 14:16:00,2026-08-19,14:16:00,347.6300048828125,347.7298889160156,347.4700012207031,347.67498779296875,48319
2026-08-19 14:17:00,2026-08-19,14:17:00,347.67498779296875,347.70001220703125,347.29998779296875,347.5799865722656,55879
2026-08-19 14:18:00,2026-08-19,14:18:00,347.5599975585937,347.8500061035156,347.45001220703125,347.7300109863281,36995
2026-08-19 14:19:00,2026-08-19,14:19:00,347.75,347.7900085449219,347.5599975585937,347.5799865722656,25202
2026-08-19 14:20:00,2026-08-19,14:20:00,347.6099853515625,347.8299865722656,347.5101013183594,347.7900085449219,35285
2026-08-19 14:21:00,2026-08-19,14:21:00,347.8099975585937,348.20001220703125,347.8099975585937,348.1499938964844,75190
2026-08-19 14:22:00,2026-08-19,14:22:00,348.1683959960937,348.1700134277344,347.82000732421875,347.8389892578125,38692
2026-08-19 14:23:00,2026-08-19,14:23:00,347.875,347.9599914550781,347.70001220703125,347.82501220703125,39515
2026-08-19 14:24:00,2026-08-19,14:24:00,347.82501220703125,347.94000244140625,347.7749938964844,347.9049987792969,25011
2026-08-19 14:25:00,2026-08-19,14:25:00,347.8999938964844,347.95001220703125,347.82000732421875,347.95001220703125,15321
2026-08-19 14:26:00,2026-08-19,14:26:00,347.94000244140625,348.1400146484375,347.90008544921875,348.0398864746094,62669
2026-08-19 14:27:00,2026-08-19,14:27:00,348.06500244140625,348.2099914550781,348.06500244140625,348.1650085449219,40628
2026-08-19 14:28:00,2026-08-19,14:28:00,348.20001220703125,348.3099975585937,348.0400085449219,348.1199951171875,43483
2026-08-19 14:29:00,2026-08-19,14:29:00,348.1499938964844,348.3299865722656,348.1001892089844,348.2900085449219,34525
2026-08-19 14:30:00,2026-08-19,14:30:00,348.2799987792969,348.7099914550781,348.25,348.6400146484375,85619
2026-08-19 14:31:00,2026-08-19,14:31:00,348.6000061035156,348.82000732421875,348.55010986328125,348.590087890625,52020
2026-08-19 14:32:00,2026-08-19,14:32:00,348.57501220703125,348.75,348.239990234375,348.29998779296875,59976
2026-08-19 14:33:00,2026-08-19,14:33:00,348.3100891113281,348.4299011230469,348.1199951171875,348.1400146484375,42107
2026-08-19 14:34:00,2026-08-19,14:34:00,348.1400146484375,348.5,348.0201110839844,348.4100036621094,39329
2026-08-19 14:35:00,2026-08-19,14:35:00,348.3949890136719,348.4599914550781,348.2699890136719,348.3399963378906,40184
2026-08-19 14:36:00,2026-08-19,14:36:00,348.3699951171875,348.46990966796875,348.17999267578125,348.17999267578125,31661
2026-08-19 14:37:00,2026-08-19,14:37:00,348.2349853515625,348.3298034667969,348.0899963378906,348.260009765625,33040
2026-08-19 14:38:00,2026-08-19,14:38:00,348.260009765625,348.3800048828125,348.20001220703125,348.2099914550781,24649
2026-08-19 14:39:00,2026-08-19,14:39:00,348.2049865722656,348.57000732421875,348.1499938964844,348.5150146484375,40611
2026-08-19 14:40:00,2026-08-19,14:40:00,348.5249938964844,348.7900085449219,348.4700012207031,348.69000244140625,50815
2026-08-19 14:41:00,2026-08-19,14:41:00,348.7200012207031,348.82000732421875,348.57000732421875,348.739990234375,48213
2026-08-19 14:42:00,2026-08-19,14:42:00,348.7449951171875,348.752685546875,348.6300048828125,348.6549987792969,43521
2026-08-19 14:43:00,2026-08-19,14:43:00,348.6700134277344,348.8900146484375,348.6199951171875,348.8580017089844,44422
2026-08-19 14:44:00,2026-08-19,14:44:00,348.8399963378906,348.8450012207031,348.57000732421875,348.6849975585937,38729
2026-08-19 14:45:00,2026-08-19,14:45:00,348.6849975585937,348.70001220703125,348.4349975585937,348.5199890136719,46614
2026-08-19 14:46:00,2026-08-19,14:46:00,348.5400085449219,348.54998779296875,348.3099975585937,348.4598999023437,32684
2026-08-19 14:47:00,2026-08-19,14:47:00,348.3999938964844,348.57000732421875,348.3299865722656,348.45001220703125,45103
2026-08-19 14:48:00,2026-08-19,14:48:00,348.45001220703125,348.5150146484375,348.2701110839844,348.32000732421875,39067
2026-08-19 14:49:00,2026-08-19,14:49:00,348.32000732421875,348.4649963378906,348.2799987792969,348.4549865722656,23952
2026-08-19 14:50:00,2026-08-19,14:50:00,348.4549865722656,348.57000732421875,348.29998779296875,348.5050048828125,38274
2026-08-19 14:51:00,2026-08-19,14:51:00,348.4649963378906,348.510009765625,348.25,348.385009765625,32510
2026-08-19 14:52:00,2026-08-19,14:52:00,348.3886108398437,348.4200134277344,348.0932922363281,348.1000061035156,58501
2026-08-19 14:53:00,2026-08-19,14:53:00,348.0950012207031,348.1824035644531,347.9700012207031,348.1700134277344,60855
2026-08-19 14:54:00,2026-08-19,14:54:00,348.17999267578125,348.19000244140625,348.07000732421875,348.1400146484375,18734
2026-08-19 14:55:00,2026-08-19,14:55:00,348.110107421875,348.1700134277344,348.0000915527344,348.1099853515625,36743
2026-08-19 14:56:00,2026-08-19,14:56:00,348.1400146484375,348.3349914550781,348.0899963378906,348.1050109863281,29697
2026-08-19 14:57:00,2026-08-19,14:57:00,348.1000061035156,348.19000244140625,348.0400085449219,348.1000061035156,21687
2026-08-19 14:58:00,2026-08-19,14:58:00,348.0799865722656,348.45001220703125,347.9200134277344,348.4200134277344,47909
2026-08-19 14:59:00,2026-08-19,14:59:00,348.4150085449219,348.510009765625,348.2605895996094,348.32000732421875,54935
2026-08-19 15:00:00,2026-08-19,15:00:00,348.2850036621094,348.489990234375,348.17999267578125,348.4739990234375,69513
2026-08-19 15:01:00,2026-08-19,15:01:00,348.4849853515625,348.5,348.1400146484375,348.2300109863281,43035
2026-08-19 15:02:00,2026-08-19,15:02:00,348.2225036621094,348.2759094238281,348.162109375,348.19000244140625,28884
2026-08-19 15:03:00,2026-08-19,15:03:00,348.2200012207031,348.3299865722656,348.1449890136719,348.2799987792969,28142
2026-08-19 15:04:00,2026-08-19,15:04:00,348.2900085449219,348.4100952148437,348.2200012207031,348.3800048828125,20835
2026-08-19 15:05:00,2026-08-19,15:05:00,348.3800048828125,348.6698913574219,348.3299865722656,348.4200134277344,52831
2026-08-19 15:06:00,2026-08-19,15:06:00,348.4100036621094,348.4200134277344,348.1105041503906,348.1499938964844,36768
2026-08-19 15:07:00,2026-08-19,15:07:00,348.1700134277344,348.3699951171875,348.1099853515625,348.3399963378906,52674
2026-08-19 15:08:00,2026-08-19,15:08:00,348.3800048828125,348.5248107910156,348.3800048828125,348.4800109863281,29105
2026-08-19 15:09:00,2026-08-19,15:09:00,348.4800109863281,348.6000061035156,348.37091064453125,348.4939880371094,25847
2026-08-19 15:10:00,2026-08-19,15:10:00,348.4700012207031,348.57989501953125,348.2099914550781,348.3299865722656,67580
2026-08-19 15:11:00,2026-08-19,15:11:00,348.3500061035156,348.510009765625,348.2099914550781,348.510009765625,85777
2026-08-19 15:12:00,2026-08-19,15:12:00,348.4501037597656,348.6600036621094,348.3399963378906,348.6199951171875,37609
2026-08-19 15:13:00,2026-08-19,15:13:00,348.6400146484375,348.6700134277344,348.5000915527344,348.56500244140625,35262
2026-08-19 15:14:00,2026-08-19,15:14:00,348.57000732421875,348.6099853515625,348.3099975585937,348.4049987792969,46098
2026-08-19 15:15:00,2026-08-19,15:15:00,348.42999267578125,348.7900085449219,348.3500061035156,348.75,69825
2026-08-19 15:16:00,2026-08-19,15:16:00,348.760009765625,348.8399963378906,348.4200134277344,348.48699951171875,74647
2026-08-19 15:17:00,2026-08-19,15:17:00,348.4599914550781,348.75,348.3500061035156,348.75,64573
2026-08-19 15:18:00,2026-08-19,15:18:00,348.6914978027344,348.75,348.489990234375,348.57501220703125,38211
2026-08-19 15:19:00,2026-08-19,15:19:00,348.5799865722656,348.7200012207031,348.5101013183594,348.7049865722656,31389
2026-08-19 15:20:00,2026-08-19,15:20:00,348.69000244140625,348.8999938964844,348.67999267578125,348.8699951171875,74901
2026-08-19 15:21:00,2026-08-19,15:21:00,348.8999938964844,348.95001220703125,348.727294921875,348.76470947265625,37664
2026-08-19 15:22:00,2026-08-19,15:22:00,348.7391052246094,348.7799987792969,348.4700012207031,348.5599975585937,69805
2026-08-19 15:23:00,2026-08-19,15:23:00,348.6300048828125,348.7799987792969,348.5400085449219,348.7650146484375,35418
2026-08-19 15:24:00,2026-08-19,15:24:00,348.7799987792969,348.7799987792969,348.5799865722656,348.7300109863281,41307
2026-08-19 15:25:00,2026-08-19,15:25:00,348.7099914550781,348.760009765625,348.6600036621094,348.70001220703125,57998
2026-08-19 15:26:00,2026-08-19,15:26:00,348.7149963378906,348.76959228515625,348.6000061035156,348.6075134277344,36089
2026-08-19 15:27:00,2026-08-19,15:27:00,348.6099853515625,348.92999267578125,348.5899963378906,348.8999938964844,51256
2026-08-19 15:28:00,2026-08-19,15:28:00,348.9200134277344,349.5,348.8299865722656,349.2850036621094,164636
2026-08-19 15:29:00,2026-08-19,15:29:00,349.239990234375,349.239990234375,348.2799987792969,348.29998779296875,204273
2026-08-19 15:30:00,2026-08-19,15:30:00,348.3099975585937,348.92999267578125,348.0450134277344,348.875,134617
2026-08-19 15:31:00,2026-08-19,15:31:00,348.8500061035156,348.8999938964844,348.25,348.2950134277344,67484
2026-08-19 15:32:00,2026-08-19,15:32:00,348.3099975585937,348.8699951171875,348.1000061035156,348.8550109863281,60173
2026-08-19 15:33:00,2026-08-19,15:33:00,348.8399963378906,349.1300048828125,348.7099914550781,348.7950134277344,90221
2026-08-19 15:34:00,2026-08-19,15:34:00,348.8099975585937,349.3399963378906,348.7799987792969,349.3099975585937,55799
2026-08-19 15:35:00,2026-08-19,15:35:00,349.3099975585937,349.3490905761719,348.8900146484375,348.9599914550781,60369
2026-08-19 15:36:00,2026-08-19,15:36:00,348.9649963378906,349.1700134277344,348.8999938964844,349.06500244140625,56699
2026-08-19 15:37:00,2026-08-19,15:37:00,349.1199951171875,349.2099914550781,349.0299987792969,349.0950012207031,66735
2026-08-19 15:38:00,2026-08-19,15:38:00,349.1000061035156,349.5199890136719,349.090087890625,349.42498779296875,90384
2026-08-19 15:39:00,2026-08-19,15:39:00,349.4200134277344,349.5199890136719,348.9200134277344,348.9601135253906,109764
2026-08-19 15:40:00,2026-08-19,15:40:00,348.9679870605469,349.010009765625,348.7200927734375,348.875,59505
2026-08-19 15:41:00,2026-08-19,15:41:00,348.8699951171875,349.1299133300781,348.67999267578125,349.11639404296875,70765
2026-08-19 15:42:00,2026-08-19,15:42:00,349.0950927734375,349.0950927734375,348.7799987792969,348.79998779296875,30053
2026-08-19 15:43:00,2026-08-19,15:43:00,348.79998779296875,348.8099060058594,348.45001220703125,348.5599975585937,54490
2026-08-19 15:44:00,2026-08-19,15:44:00,348.53009033203125,348.6000061035156,348.04998779296875,348.135009765625,60619
2026-08-19 15:45:00,2026-08-19,15:45:00,348.1499938964844,348.6499938964844,348.07000732421875,348.2449951171875,109204
2026-08-19 15:46:00,2026-08-19,15:46:00,348.25,348.3099975585937,347.7300109863281,347.7449951171875,93154
2026-08-19 15:47:00,2026-08-19,15:47:00,347.760009765625,347.989990234375,347.45001220703125,347.8778076171875,113209
2026-08-19 15:48:00,2026-08-19,15:48:00,347.8500061035156,347.9750061035156,347.5201110839844,347.6549987792969,80240
2026-08-19 15:49:00,2026-08-19,15:49:00,347.6549987792969,347.92999267578125,347.5180053710937,347.8999938964844,77750
2026-08-19 15:50:00,2026-08-19,15:50:00,347.8299865722656,348.2099914550781,347.7799987792969,348.0350036621094,147644
2026-08-19 15:51:00,2026-08-19,15:51:00,348.0599975585937,348.2699890136719,348.0,348.1650085449219,131360
2026-08-19 15:52:00,2026-08-19,15:52:00,348.1499938964844,348.6400146484375,348.0299987792969,348.5,166902
2026-08-19 15:53:00,2026-08-19,15:53:00,348.5050048828125,349.06500244140625,348.4800109863281,348.9800109863281,130504
2026-08-19 15:54:00,2026-08-19,15:54:00,348.9800109863281,349.8800048828125,348.9800109863281,349.5950012207031,255151
2026-08-19 15:55:00,2026-08-19,15:55:00,349.6099853515625,349.8299865722656,348.8800048828125,349.7799987792969,203309
2026-08-19 15:56:00,2026-08-19,15:56:00,349.7799987792969,350.3800048828125,349.7650146484375,350.2550048828125,488887
2026-08-19 15:57:00,2026-08-19,15:57:00,350.2550048828125,350.95001220703125,350.2300109863281,350.92999267578125,349774
2026-08-19 15:58:00,2026-08-19,15:58:00,350.92999267578125,351.45001220703125,350.8599853515625,351.3642883300781,513769
2026-08-19 15:59:00,2026-08-19,15:59:00,351.3800048828125,351.6199951171875,351.0299987792969,351.110107421875,858660
2026-08-20 09:30:00,2026-08-20,09:30:00,345.8900146484375,346.79998779296875,344.15008544921875,345.0137939453125,1623550
2026-08-20 09:31:00,2026-08-20,09:31:00,345.04949951171875,347.489990234375,345.04949951171875,347.06500244140625,225528
2026-08-20 09:32:00,2026-08-20,09:32:00,347.06500244140625,347.2200012207031,345.3099975585937,345.57000732421875,190044
2026-08-20 09:33:00,2026-08-20,09:33:00,345.4601135253906,346.44000244140625,344.8099975585937,345.45001220703125,222585
2026-08-20 09:34:00,2026-08-20,09:34:00,345.45001220703125,345.6799011230469,343.65008544921875,343.9949951171875,251825
2026-08-20 09:35:00,2026-08-20,09:35:00,343.9949951171875,344.3399963378906,343.29998779296875,343.54998779296875,263969
2026-08-20 09:36:00,2026-08-20,09:36:00,343.5696105957031,343.974609375,343.20001220703125,343.7900085449219,151788
2026-08-20 09:37:00,2026-08-20,09:37:00,343.8099975585937,343.8598937988281,343.1300048828125,343.6199951171875,212196
2026-08-20 09:38:00,2026-08-20,09:38:00,343.5199890136719,343.69000244140625,343.010009765625,343.25,108727
2026-08-20 09:39:00,2026-08-20,09:39:00,343.2200012207031,343.6650085449219,342.75,342.9814147949219,199662
2026-08-20 09:40:00,2026-08-20,09:40:00,343.01519775390625,343.07000732421875,342.25,342.5799865722656,155112
2026-08-20 09:41:00,2026-08-20,09:41:00,342.6499938964844,343.3599853515625,342.5599975585937,342.9100036621094,108136
2026-08-20 09:42:00,2026-08-20,09:42:00,342.8700866699219,343.3699951171875,342.510009765625,343.07501220703125,140115
2026-08-20 09:43:00,2026-08-20,09:43:00,343.0400085449219,343.2651062011719,342.75,343.0950012207031,76424
2026-08-20 09:44:00,2026-08-20,09:44:00,343.0924987792969,343.8699951171875,343.07000732421875,343.59600830078125,129031
2026-08-20 09:45:00,2026-08-20,09:45:00,343.54998779296875,343.8599853515625,343.0104064941406,343.29998779296875,204129
2026-08-20 09:46:00,2026-08-20,09:46:00,343.3450012207031,343.8800048828125,343.2601013183594,343.5299987792969,163318
2026-08-20 09:47:00,2026-08-20,09:47:00,343.5050048828125,344.8800048828125,343.04998779296875,344.6700134277344,126208
2026-08-20 09:48:00,2026-08-20,09:48:00,344.6700134277344,345.20001220703125,344.05810546875,344.3800048828125,179879
2026-08-20 09:49:00,2026-08-20,09:49:00,344.364990234375,344.5,343.739990234375,344.2257080078125,123549
2026-08-20 09:50:00,2026-08-20,09:50:00,344.2900085449219,345.3800048828125,344.2550048828125,344.9685974121094,146854
2026-08-20 09:51:00,2026-08-20,09:51:00,344.92999267578125,345.489990234375,344.5599975585937,345.2051086425781,127166
2026-08-20 09:52:00,2026-08-20,09:52:00,345.2699890136719,345.2699890136719,344.44000244140625,344.6400146484375,125184
2026-08-20 09:53:00,2026-08-20,09:53:00,344.6307983398437,345.6600036621094,344.3999938964844,345.1199951171875,204929
2026-08-20 09:54:00,2026-08-20,09:54:00,345.0599975585937,345.1799011230469,344.1000061035156,345.0799865722656,130970
2026-08-20 09:55:00,2026-08-20,09:55:00,345.0799865722656,345.4599914550781,344.3100891113281,344.5799865722656,118862
2026-08-20 09:56:00,2026-08-20,09:56:00,344.63800048828125,345.3099975585937,344.17999267578125,344.3399963378906,77089
2026-08-20 09:57:00,2026-08-20,09:57:00,344.2900085449219,344.75,344.1199951171875,344.4800109863281,78975
2026-08-20 09:58:00,2026-08-20,09:58:00,344.4549865722656,345.1400146484375,344.3200988769531,345.1000061035156,74409
2026-08-20 09:59:00,2026-08-20,09:59:00,345.1300048828125,345.3999938964844,344.8500061035156,345.1326904296875,102093
2026-08-20 10:00:00,2026-08-20,10:00:00,345.1099853515625,345.4389953613281,344.3099975585937,344.32000732421875,96398
2026-08-20 10:01:00,2026-08-20,10:01:00,344.3599853515625,344.7699890136719,344.2099914550781,344.6650085449219,78202
2026-08-20 10:02:00,2026-08-20,10:02:00,344.70001220703125,345.0,344.04998779296875,344.0950012207031,65611
2026-08-20 10:03:00,2026-08-20,10:03:00,344.1000061035156,344.6199951171875,343.8832092285156,344.3699951171875,108853
2026-08-20 10:04:00,2026-08-20,10:04:00,344.3550109863281,344.5849914550781,344.1600036621094,344.2699890136719,42019
2026-08-20 10:05:00,2026-08-20,10:05:00,344.2247009277344,344.2898864746094,343.8099975585937,344.1099853515625,55330
2026-08-20 10:06:00,2026-08-20,10:06:00,344.0849914550781,344.2300109863281,343.2900085449219,343.3699951171875,104288
2026-08-20 10:07:00,2026-08-20,10:07:00,343.3699951171875,343.5799865722656,342.8086853027344,343.4599914550781,90318
2026-08-20 10:08:00,2026-08-20,10:08:00,343.4549865722656,343.7799987792969,342.9599914550781,343.5,87156
2026-08-20 10:09:00,2026-08-20,10:09:00,343.5050048828125,343.8598937988281,343.19000244140625,343.7799987792969,50681
2026-08-20 10:10:00,2026-08-20,10:10:00,343.7650146484375,343.82989501953125,342.6499938964844,342.7200012207031,119310
2026-08-20 10:11:00,2026-08-20,10:11:00,342.7749938964844,342.8999938964844,342.45001220703125,342.56500244140625,100469
2026-08-20 10:12:00,2026-08-20,10:12:00,342.56500244140625,343.32989501953125,342.56500244140625,342.7049865722656,96346
2026-08-20 10:13:00,2026-08-20,10:13:00,342.7049865722656,342.9599914550781,342.3399963378906,342.47119140625,108603
2026-08-20 10:14:00,2026-08-20,10:14:00,342.5150146484375,342.6700134277344,342.3800964355469,342.44000244140625,59000
2026-08-20 10:15:00,2026-08-20,10:15:00,342.3999938964844,342.83990478515625,342.0199890136719,342.2099914550781,221897
2026-08-20 10:16:00,2026-08-20,10:16:00,342.239990234375,342.70001220703125,341.8800048828125,342.0987854003906,125509
2026-08-20 10:17:00,2026-08-20,10:17:00,342.1300048828125,342.4599914550781,341.94000244140625,342.10009765625,86407
2026-08-20 10:18:00,2026-08-20,10:18:00,342.1000061035156,342.2598876953125,341.7200012207031,342.0199890136719,105519
2026-08-20 10:19:00,2026-08-20,10:19:00,342.0394897460937,342.2300109863281,341.6000061035156,341.6300048828125,76249
2026-08-20 10:20:00,2026-08-20,10:20:00,341.6300048828125,342.70001220703125,341.45001220703125,342.19000244140625,143929
2026-08-20 10:21:00,2026-08-20,10:21:00,342.1199951171875,342.25,341.8999938964844,342.07000732421875,62538
2026-08-20 10:22:00,2026-08-20,10:22:00,342.1300048828125,342.3599853515625,341.2799987792969,342.3070068359375,116476
2026-08-20 10:23:00,2026-08-20,10:23:00,342.2699890136719,342.2799072265625,341.60009765625,342.2099914550781,71117
2026-08-20 10:24:00,2026-08-20,10:24:00,342.2149963378906,342.2149963378906,341.8450012207031,342.1050109863281,50072
2026-08-20 10:25:00,2026-08-20,10:25:00,342.1000061035156,342.1700134277344,341.3999938964844,341.5899963378906,103098
2026-08-20 10:26:00,2026-08-20,10:26:00,341.67999267578125,341.7598876953125,340.54998779296875,340.6199951171875,151437
2026-08-20 10:27:00,2026-08-20,10:27:00,340.6199951171875,340.8500061035156,339.9200134277344,340.385009765625,251566
2026-08-20 10:28:00,2026-08-20,10:28:00,340.385009765625,340.6400146484375,340.1000061035156,340.1000061035156,74154
2026-08-20 10:29:00,2026-08-20,10:29:00,340.0950012207031,340.5199890136719,339.7200012207031,340.3099975585937,277497
2026-08-20 10:30:00,2026-08-20,10:30:00,340.32000732421875,340.7200012207031,340.19000244140625,340.4049987792969,152447
2026-08-20 10:31:00,2026-08-20,10:31:00,340.4100036621094,340.44000244140625,340.0400085449219,340.2799987792969,88655
2026-08-20 10:32:00,2026-08-20,10:32:00,340.2799987792969,340.45001220703125,339.260009765625,339.47149658203125,242149
2026-08-20 10:33:00,2026-08-20,10:33:00,339.4794921875,339.81500244140625,339.45001220703125,339.6700134277344,82596
2026-08-20 10:34:00,2026-08-20,10:34:00,339.6700134277344,339.7005920410156,339.1300048828125,339.22589111328125,134831
2026-08-20 10:35:00,2026-08-20,10:35:00,339.2149963378906,339.4100036621094,338.9599914550781,339.22509765625,118844
2026-08-20 10:36:00,2026-08-20,10:36:00,339.19500732421875,339.94000244140625,339.1600036621094,339.9100036621094,131873
2026-08-20 10:37:00,2026-08-20,10:37:00,339.9100036621094,339.989990234375,339.610107421875,339.6315002441406,83308
2026-08-20 10:38:00,2026-08-20,10:38:00,339.6499938964844,339.8299865722656,339.44000244140625,339.7250061035156,65831
2026-08-20 10:39:00,2026-08-20,10:39:00,339.7073059082031,340.42999267578125,339.5898132324219,340.2701110839844,104002
2026-08-20 10:40:00,2026-08-20,10:40:00,340.29998779296875,340.3099975585937,339.840087890625,340.0,61696
2026-08-20 10:41:00,2026-08-20,10:41:00,340.04998779296875,340.07000732421875,339.8450012207031,339.9599914550781,50589
2026-08-20 10:42:00,2026-08-20,10:42:00,340.0,340.197998046875,339.79998779296875,339.9049987792969,73441
2026-08-20 10:43:00,2026-08-20,10:43:00,339.9200134277344,340.3599853515625,339.9150085449219,340.2467956542969,58644
2026-08-20 10:44:00,2026-08-20,10:44:00,340.2349853515625,340.3999938964844,339.9800109863281,339.9800109863281,63807
2026-08-20 10:45:00,2026-08-20,10:45:00,340.010009765625,340.31988525390625,339.9200134277344,339.9349975585937,53387
2026-08-20 10:46:00,2026-08-20,10:46:00,339.989990234375,340.3299865722656,339.79998779296875,340.2401123046875,58226
2026-08-20 10:47:00,2026-08-20,10:47:00,340.32000732421875,340.3500061035156,339.8999938964844,339.92999267578125,63860
2026-08-20 10:48:00,2026-08-20,10:48:00,339.9549865722656,340.2799072265625,339.8999938964844,340.0799865722656,73113
2026-08-20 10:49:00,2026-08-20,10:49:00,340.07501220703125,340.22760009765625,339.989990234375,340.0299987792969,37187
2026-08-20 10:50:00,2026-08-20,10:50:00,340.04998779296875,340.3099975585937,340.0,340.23858642578125,83447
2026-08-20 10:51:00,2026-08-20,10:51:00,340.2099914550781,340.3500061035156,340.0400085449219,340.1650085449219,43584
2026-08-20 10:52:00,2026-08-20,10:52:00,340.1499938964844,340.659912109375,340.0,340.6199951171875,70716
2026-08-20 10:53:00,2026-08-20,10:53:00,340.57501220703125,340.70001220703125,340.34869384765625,340.3978881835937,72472
2026-08-20 10:54:00,2026-08-20,10:54:00,340.3399963378906,340.4150085449219,339.8999938964844,340.0599975585937,99453
2026-08-20 10:55:00,2026-08-20,10:55:00,340.0599975585937,340.385009765625,340.0599975585937,340.2900085449219,38890
2026-08-20 10:56:00,2026-08-20,10:56:00,340.1700134277344,340.29998779296875,339.8500061035156,340.0799865722656,55096
2026-08-20 10:57:00,2026-08-20,10:57:00,340.0400085449219,340.1940002441406,339.7601013183594,340.010009765625,50211
2026-08-20 10:58:00,2026-08-20,10:58:00,339.98388671875,340.0899963378906,339.5599975585937,339.7488098144531,76158
2026-08-20 10:59:00,2026-08-20,10:59:00,339.7250061035156,340.1899108886719,339.7250061035156,340.135009765625,54518
2026-08-20 11:00:00,2026-08-20,11:00:00,340.1033020019531,340.4700012207031,340.0939025878906,340.38720703125,58584
2026-08-20 11:01:00,2026-08-20,11:01:00,340.3999938964844,341.260009765625,340.2799987792969,341.25,112957
2026-08-20 11:02:00,2026-08-20,11:02:00,341.2799987792969,341.6700134277344,341.260009765625,341.364990234375,148902
2026-08-20 11:03:00,2026-08-20,11:03:00,341.364990234375,341.5899963378906,341.0899963378906,341.3099975585937,90559
2026-08-20 11:04:00,2026-08-20,11:04:00,341.30499267578125,341.5,341.239990234375,341.3599853515625,49465
2026-08-20 11:05:00,2026-08-20,11:05:00,341.3599853515625,341.3599853515625,340.2200012207031,340.260009765625,104201
2026-08-20 11:06:00,2026-08-20,11:06:00,340.32000732421875,341.239990234375,340.0,341.1000061035156,104664
2026-08-20 11:07:00,2026-08-20,11:07:00,341.1700134277344,341.79998779296875,340.6650085449219,341.69000244140625,131631
2026-08-20 11:08:00,2026-08-20,11:08:00,341.69000244140625,341.8399963378906,341.4200134277344,341.5599975585937,58677
2026-08-20 11:09:00,2026-08-20,11:09:00,341.5599975585937,341.7799987792969,341.4627990722656,341.7200012207031,52317
2026-08-20 11:10:00,2026-08-20,11:10:00,341.7200012207031,342.0299987792969,341.6300048828125,341.7650146484375,88244
2026-08-20 11:11:00,2026-08-20,11:11:00,341.739990234375,341.7452087402344,340.7300109863281,341.5150146484375,601543
2026-08-20 11:12:00,2026-08-20,11:12:00,341.5,341.8500061035156,341.44500732421875,341.8500061035156,33939
2026-08-20 11:13:00,2026-08-20,11:13:00,341.88720703125,342.739990234375,341.8099975585937,342.739990234375,105375
2026-08-20 11:14:00,2026-08-20,11:14:00,342.70001220703125,342.9599914550781,342.3900146484375,342.5150146484375,90220
2026-08-20 11:15:00,2026-08-20,11:15:00,342.4949951171875,342.989990234375,342.4100952148437,342.95001220703125,75624
2026-08-20 11:16:00,2026-08-20,11:16:00,342.95001220703125,343.0899963378906,342.3500061035156,342.7900085449219,101281
2026-08-20 11:17:00,2026-08-20,11:17:00,342.8330078125,343.1400146484375,342.5700988769531,343.0199890136719,69116
2026-08-20 11:18:00,2026-08-20,11:18:00,343.0899963378906,343.20001220703125,342.7300109863281,343.1054992675781,60945
2026-08-20 11:19:00,2026-08-20,11:19:00,343.1650085449219,343.260009765625,342.92999267578125,343.0599975585937,60808
2026-08-20 11:20:00,2026-08-20,11:20:00,343.0599975585937,343.4100036621094,342.7300109863281,342.875,74438
2026-08-20 11:21:00,2026-08-20,11:21:00,342.8131103515625,343.0899963378906,342.5299987792969,342.53009033203125,53022
2026-08-20 11:22:00,2026-08-20,11:22:00,342.54998779296875,342.5899963378906,342.1105041503906,342.31500244140625,69994
2026-08-20 11:23:00,2026-08-20,11:23:00,342.31500244140625,343.010009765625,342.1199951171875,342.8349914550781,92133
2026-08-20 11:24:00,2026-08-20,11:24:00,342.79998779296875,343.1199951171875,342.7401123046875,342.94000244140625,62384
2026-08-20 11:25:00,2026-08-20,11:25:00,342.9349975585937,342.96990966796875,342.3399963378906,342.57989501953125,46521
2026-08-20 11:26:00,2026-08-20,11:26:00,342.5799865722656,342.94000244140625,342.5765075683594,342.6199951171875,56812
2026-08-20 11:27:00,2026-08-20,11:27:00,342.6099853515625,343.09869384765625,342.510009765625,343.09869384765625,63055
2026-08-20 11:28:00,2026-08-20,11:28:00,343.1000061035156,343.3999938964844,342.95001220703125,343.04998779296875,66744
2026-08-20 11:29:00,2026-08-20,11:29:00,343.0899963378906,343.94000244140625,343.07000732421875,343.9200134277344,96108
2026-08-20 11:30:00,2026-08-20,11:30:00,343.9200134277344,344.3299865722656,343.7699890136719,343.989990234375,110945
2026-08-20 11:31:00,2026-08-20,11:31:00,343.989990234375,344.510009765625,343.95001220703125,344.3160095214844,121050
2026-08-20 11:32:00,2026-08-20,11:32:00,344.32501220703125,344.4800109863281,343.9400939941406,344.4259948730469,60755
2026-08-20 11:33:00,2026-08-20,11:33:00,344.472900390625,344.472900390625,343.95098876953125,343.989990234375,75331
2026-08-20 11:34:00,2026-08-20,11:34:00,343.9800109863281,344.1199951171875,343.79998779296875,343.8099975585937,58188
2026-08-20 11:35:00,2026-08-20,11:35:00,343.8587951660156,344.0,343.760009765625,343.8099975585937,50270
2026-08-20 11:36:00,2026-08-20,11:36:00,343.8299865722656,344.44000244140625,343.7500915527344,344.3099975585937,68913
2026-08-20 11:37:00,2026-08-20,11:37:00,344.2699890136719,344.32989501953125,343.8999938964844,344.19000244140625,45452
2026-08-20 11:38:00,2026-08-20,11:38:00,344.2149963378906,344.2149963378906,343.90008544921875,343.9100036621094,37549
2026-08-20 11:39:00,2026-08-20,11:39:00,343.9424133300781,344.1101989746094,343.75079345703125,344.0400085449219,64760
2026-08-20 11:40:00,2026-08-20,11:40:00,344.0032958984375,344.0032958984375,343.5899963378906,343.6400146484375,49884
2026-08-20 11:41:00,2026-08-20,11:41:00,343.70001220703125,343.79998779296875,343.3168029785156,343.45001220703125,63089
2026-08-20 11:42:00,2026-08-20,11:42:00,343.489990234375,344.0,343.4601135253906,343.7650146484375,69933
2026-08-20 11:43:00,2026-08-20,11:43:00,343.7900085449219,343.8099975585937,343.5400085449219,343.7099914550781,28980
2026-08-20 11:44:00,2026-08-20,11:44:00,343.7347106933594,343.9800109863281,343.625,343.7099914550781,27595
2026-08-20 11:45:00,2026-08-20,11:45:00,343.7099914550781,344.29998779296875,343.6512145996094,344.2749938964844,94236
2026-08-20 11:46:00,2026-08-20,11:46:00,344.2799987792969,344.6600036621094,344.2699890136719,344.54998779296875,81346
2026-08-20 11:47:00,2026-08-20,11:47:00,344.54998779296875,344.92999267578125,344.0700988769531,344.6600036621094,99316
2026-08-20 11:48:00,2026-08-20,11:48:00,344.6600036621094,344.9100036621094,344.29998779296875,344.4549865722656,55819
2026-08-20 11:49:00,2026-08-20,11:49:00,344.4549865722656,344.7900085449219,344.3900146484375,344.4700012207031,82805
2026-08-20 11:50:00,2026-08-20,11:50:00,344.4649963378906,344.67999267578125,344.1499938964844,344.54998779296875,75988
2026-08-20 11:51:00,2026-08-20,11:51:00,344.5450134277344,345.1300048828125,344.5000915527344,345.0509948730469,131702
2026-08-20 11:52:00,2026-08-20,11:52:00,345.0751037597656,345.3500061035156,345.0,345.1801147460937,77274
2026-08-20 11:53:00,2026-08-20,11:53:00,345.17999267578125,345.32000732421875,345.0400085449219,345.31451416015625,60206
2026-08-20 11:54:00,2026-08-20,11:54:00,345.32000732421875,345.8900146484375,345.32000732421875,345.7200012207031,95954
2026-08-20 11:55:00,2026-08-20,11:55:00,345.739990234375,345.8299865722656,345.3500061035156,345.4100036621094,103192
2026-08-20 11:56:00,2026-08-20,11:56:00,345.4302978515625,345.69000244140625,345.1300048828125,345.5599975585937,60421
2026-08-20 11:57:00,2026-08-20,11:57:00,345.5899963378906,345.7200012207031,345.54998779296875,345.6849975585937,56769
2026-08-20 11:58:00,2026-08-20,11:58:00,345.6849975585937,346.07000732421875,345.5,345.625,143942
2026-08-20 11:59:00,2026-08-20,11:59:00,345.6000061035156,345.79998779296875,345.45001220703125,345.75,52135
2026-08-20 12:00:00,2026-08-20,12:00:00,345.8099975585937,346.31988525390625,345.70001220703125,345.9049987792969,96125
2026-08-20 12:01:00,2026-08-20,12:01:00,345.9200134277344,346.1700134277344,345.84100341796875,346.06500244140625,43315
2026-08-20 12:02:00,2026-08-20,12:02:00,346.0199890136719,346.3299865722656,345.989990234375,346.1600036621094,80547
2026-08-20 12:03:00,2026-08-20,12:03:00,346.1426086425781,346.2484130859375,345.8800048828125,345.9100036621094,74286
2026-08-20 12:04:00,2026-08-20,12:04:00,345.9100036621094,346.2499084472656,345.85009765625,346.0,94803
2026-08-20 12:05:00,2026-08-20,12:05:00,345.9599914550781,346.08551025390625,345.69000244140625,345.7850036621094,92651
2026-08-20 12:06:00,2026-08-20,12:06:00,345.82000732421875,345.92999267578125,345.3550109863281,345.3550109863281,68494
2026-08-20 12:07:00,2026-08-20,12:07:00,345.3399963378906,345.8999938964844,345.2200012207031,345.8999938964844,100069
2026-08-20 12:08:00,2026-08-20,12:08:00,345.8500061035156,345.8900146484375,345.29998779296875,345.6449890136719,57101
2026-08-20 12:09:00,2026-08-20,12:09:00,345.6449890136719,345.64990234375,345.4700012207031,345.55499267578125,21688
2026-08-20 12:10:00,2026-08-20,12:10:00,345.55499267578125,345.6099853515625,345.3099975585937,345.510009765625,45602
2026-08-20 12:11:00,2026-08-20,12:11:00,345.5824890136719,346.1299133300781,345.4200134277344,346.1299133300781,49728
2026-08-20 12:12:00,2026-08-20,12:12:00,346.1099853515625,346.1299133300781,345.8700866699219,346.1000061035156,58516
2026-08-20 12:13:00,2026-08-20,12:13:00,346.1300048828125,346.1386108398437,345.8705139160156,345.9924011230469,29153
2026-08-20 12:14:00,2026-08-20,12:14:00,345.9800109863281,346.010009765625,345.40008544921875,345.5150146484375,48236
2026-08-20 12:15:00,2026-08-20,12:15:00,345.5299987792969,345.7300109863281,345.42999267578125,345.4849853515625,44249
2026-08-20 12:16:00,2026-08-20,12:16:00,345.4617004394531,345.5199890136719,344.8800964355469,345.260009765625,112536
2026-08-20 12:17:00,2026-08-20,12:17:00,345.2349853515625,345.4599914550781,345.1099853515625,345.3399963378906,47758
2026-08-20 12:18:00,2026-08-20,12:18:00,345.3851013183594,345.44000244140625,345.1700134277344,345.3677062988281,28438
2026-08-20 12:19:00,2026-08-20,12:19:00,345.3699951171875,345.3959045410156,345.1099853515625,345.1400146484375,21616
2026-08-20 12:20:00,2026-08-20,12:20:00,345.20001220703125,345.2250061035156,344.7300109863281,345.0299987792969,55393
2026-08-20 12:21:00,2026-08-20,12:21:00,345.0299987792969,345.4100036621094,344.9800109863281,345.4100036621094,51061
2026-08-20 12:22:00,2026-08-20,12:22:00,345.4100036621094,345.6300048828125,345.2204895019531,345.2550048828125,45401
2026-08-20 12:23:00,2026-08-20,12:23:00,345.260009765625,345.505615234375,345.1549987792969,345.1549987792969,24336
2026-08-20 12:24:00,2026-08-20,12:24:00,345.10009765625,345.25,344.7900085449219,344.81500244140625,42838
2026-08-20 12:25:00,2026-08-20,12:25:00,344.7699890136719,344.94000244140625,344.6099853515625,344.84991455078125,46612
2026-08-20 12:26:00,2026-08-20,12:26:00,344.8099975585937,344.9599914550781,344.7099914550781,344.8800048828125,19751
2026-08-20 12:27:00,2026-08-20,12:27:00,344.8699951171875,345.0799865722656,344.8279113769531,344.8279113769531,31736
2026-08-20 12:28:00,2026-08-20,12:28:00,344.81500244140625,344.8699951171875,344.6340026855469,344.7904052734375,26086
2026-08-20 12:29:00,2026-08-20,12:29:00,344.82000732421875,345.0899963378906,344.7900085449219,344.8099975585937,40224
2026-08-20 12:30:00,2026-08-20,12:30:00,344.8099975585937,344.8139953613281,344.3399963378906,344.56988525390625,65412
2026-08-20 12:31:00,2026-08-20,12:31:00,344.5000915527344,344.6700134277344,344.3099975585937,344.5150146484375,35193
2026-08-20 12:32:00,2026-08-20,12:32:00,344.5151062011719,344.6000061035156,344.44000244140625,344.5299987792969,26128
2026-08-20 12:33:00,2026-08-20,12:33:00,344.54400634765625,344.75,344.4639892578125,344.6849975585937,28163
2026-08-20 12:34:00,2026-08-20,12:34:00,344.69000244140625,344.8099975585937,344.5465087890625,344.6400146484375,33413
2026-08-20 12:35:00,2026-08-20,12:35:00,344.635009765625,344.6799011230469,344.5,344.5512084960937,23534
2026-08-20 12:36:00,2026-08-20,12:36:00,344.5299987792969,344.7698974609375,344.4700012207031,344.7349853515625,24348
2026-08-20 12:37:00,2026-08-20,12:37:00,344.7406921386719,344.75,344.54998779296875,344.6177062988281,29688
2026-08-20 12:38:00,2026-08-20,12:38:00,344.6400146484375,344.8299865722656,344.54998779296875,344.739990234375,20966
2026-08-20 12:39:00,2026-08-20,12:39:00,344.760009765625,344.8900146484375,344.6499938964844,344.7550048828125,25510
2026-08-20 12:40:00,2026-08-20,12:40:00,344.7786865234375,345.1000061035156,344.7749938964844,345.0704040527344,40823
2026-08-20 12:41:00,2026-08-20,12:41:00,345.0599975585937,345.1400146484375,344.8399963378906,344.8699951171875,33330
2026-08-20 12:42:00,2026-08-20,12:42:00,344.8699951171875,344.92950439453125,344.57000732421875,344.5992126464844,25585
2026-08-20 12:43:00,2026-08-20,12:43:00,344.6600036621094,344.75,344.54998779296875,344.69000244140625,19376
2026-08-20 12:44:00,2026-08-20,12:44:00,344.6600036621094,345.03961181640625,344.5201110839844,345.0249938964844,32824
2026-08-20 12:45:00,2026-08-20,12:45:00,345.0599975585937,345.2799987792969,344.989990234375,345.2283935546875,43317
2026-08-20 12:46:00,2026-08-20,12:46:00,345.25,345.3500061035156,345.1400146484375,345.3099975585937,33791
2026-08-20 12:47:00,2026-08-20,12:47:00,345.2850036621094,345.4100036621094,345.0199890136719,345.0799865722656,43777
2026-08-20 12:48:00,2026-08-20,12:48:00,345.0899963378906,345.1099853515625,344.5400085449219,344.56500244140625,42075
2026-08-20 12:49:00,2026-08-20,12:49:00,344.5592956542969,344.6333923339844,344.1000061035156,344.260009765625,51540
2026-08-20 12:50:00,2026-08-20,12:50:00,344.29998779296875,344.6400146484375,344.2742004394531,344.3349914550781,46456
2026-08-20 12:51:00,2026-08-20,12:51:00,344.3349914550781,344.4989929199219,344.150390625,344.150390625,35758
2026-08-20 12:52:00,2026-08-20,12:52:00,344.19000244140625,344.2300109863281,343.625,343.8609924316406,71222
2026-08-20 12:53:00,2026-08-20,12:53:00,343.86529541015625,343.9620056152344,343.6600036621094,343.6600036621094,39401
2026-08-20 12:54:00,2026-08-20,12:54:00,343.68341064453125,343.7799072265625,343.5799865722656,343.7300109863281,33816
2026-08-20 12:55:00,2026-08-20,12:55:00,343.7300109863281,344.0,343.6000061035156,343.94000244140625,34156
2026-08-20 12:56:00,2026-08-20,12:56:00,343.8900146484375,344.1199035644531,343.885009765625,344.0350036621094,58708
2026-08-20 12:57:00,2026-08-20,12:57:00,344.07000732421875,344.3599853515625,344.07000732421875,344.1700134277344,37168
2026-08-20 12:58:00,2026-08-20,12:58:00,344.1600036621094,344.3399963378906,344.1098937988281,344.25,22487
2026-08-20 12:59:00,2026-08-20,12:59:00,344.2799987792969,344.5899963378906,344.2799987792969,344.5552978515625,44203
2026-08-20 13:00:00,2026-08-20,13:00:00,344.57000732421875,344.8999938964844,344.5299987792969,344.8450012207031,40157
2026-08-20 13:01:00,2026-08-20,13:01:00,344.82000732421875,344.82000732421875,344.2300109863281,344.2850036621094,40618
2026-08-20 13:02:00,2026-08-20,13:02:00,344.2550048828125,344.42999267578125,344.2170104980469,344.2200012207031,19693
2026-08-20 13:03:00,2026-08-20,13:03:00,344.2300109863281,344.42999267578125,344.1405029296875,344.2850036621094,20112
2026-08-20 13:04:00,2026-08-20,13:04:00,344.260009765625,344.4198913574219,344.19000244140625,344.2650146484375,9935
2026-08-20 13:05:00,2026-08-20,13:05:00,344.2300109863281,344.3299865722656,344.04998779296875,344.2799987792969,17560
2026-08-20 13:06:00,2026-08-20,13:06:00,344.2799987792969,344.3599853515625,343.8099975585937,343.8908996582031,27358
2026-08-20 13:07:00,2026-08-20,13:07:00,343.8800048828125,344.0,343.70001220703125,343.94000244140625,18816
2026-08-20 13:08:00,2026-08-20,13:08:00,343.8999938964844,343.95001220703125,343.5199890136719,343.54998779296875,32684
2026-08-20 13:09:00,2026-08-20,13:09:00,343.5899963378906,343.6300048828125,343.3399963378906,343.3999938964844,29792
2026-08-20 13:10:00,2026-08-20,13:10:00,343.4189147949219,343.760009765625,343.3547058105469,343.739990234375,29615
2026-08-20 13:11:00,2026-08-20,13:11:00,343.739990234375,343.7449951171875,343.45001220703125,343.6195983886719,18268
2026-08-20 13:12:00,2026-08-20,13:12:00,343.6000061035156,343.75,343.5599975585937,343.6099853515625,11953
2026-08-20 13:13:00,2026-08-20,13:13:00,343.5600891113281,343.6700134277344,343.4903869628906,343.4903869628906,13852
2026-08-20 13:14:00,2026-08-20,13:14:00,343.4617919921875,343.4617919921875,343.29998779296875,343.4200134277344,33881
2026-08-20 13:15:00,2026-08-20,13:15:00,343.42999267578125,343.5400085449219,343.25,343.260009765625,23498
2026-08-20 13:16:00,2026-08-20,13:16:00,343.2699890136719,343.2839050292969,343.0299987792969,343.1300048828125,51408
2026-08-20 13:17:00,2026-08-20,13:17:00,343.04998779296875,343.1000061035156,342.8399963378906,342.9200134277344,48639
2026-08-20 13:18:00,2026-08-20,13:18:00,342.9100036621094,343.0596008300781,342.8223876953125,342.94000244140625,40593
2026-08-20 13:19:00,2026-08-20,13:19:00,342.94000244140625,343.0,342.6600036621094,342.6801147460937,35203
2026-08-20 13:20:00,2026-08-20,13:20:00,342.69000244140625,342.95001220703125,342.6400146484375,342.8450012207031,29742
2026-08-20 13:21:00,2026-08-20,13:21:00,342.7799987792969,342.95001220703125,342.7221984863281,342.8299865722656,17484
2026-08-20 13:22:00,2026-08-20,13:22:00,342.8599853515625,343.0199890136719,342.6099853515625,342.6449890136719,50620
2026-08-20 13:23:00,2026-08-20,13:23:00,342.6400146484375,342.8999938964844,342.55010986328125,342.8550109863281,31967
2026-08-20 13:24:00,2026-08-20,13:24:00,342.8500061035156,342.96990966796875,342.79998779296875,342.8299865722656,21176
2026-08-20 13:25:00,2026-08-20,13:25:00,342.8399963378906,342.9700012207031,342.6801147460937,342.7051086425781,24440
2026-08-20 13:26:00,2026-08-20,13:26:00,342.7149963378906,342.7799987792969,342.5799865722656,342.7250061035156,20192
2026-08-20 13:27:00,2026-08-20,13:27:00,342.6700134277344,342.69000244140625,342.3500061035156,342.42999267578125,45099
2026-08-20 13:28:00,2026-08-20,13:28:00,342.3500061035156,342.6099853515625,342.3500061035156,342.4772033691406,27420
2026-08-20 13:29:00,2026-08-20,13:29:00,342.489990234375,342.5732116699219,342.3299865722656,342.3699951171875,25016
2026-08-20 13:30:00,2026-08-20,13:30:00,342.3800048828125,342.4800109863281,342.20001220703125,342.4700012207031,32842
2026-08-20 13:31:00,2026-08-20,13:31:00,342.42498779296875,342.6946105957031,342.4200134277344,342.6499938964844,23163
2026-08-20 13:32:00,2026-08-20,13:32:00,342.6300048828125,342.6799011230469,342.3599853515625,342.4122009277344,25238
2026-08-20 13:33:00,2026-08-20,13:33:00,342.45001220703125,342.4599914550781,342.2200012207031,342.29998779296875,17251
2026-08-20 13:34:00,2026-08-20,13:34:00,342.2900085449219,342.3599853515625,342.1600036621094,342.23699951171875,28917
2026-08-20 13:35:00,2026-08-20,13:35:00,342.2099914550781,342.4700012207031,342.1600036621094,342.29998779296875,22126
2026-08-20 13:36:00,2026-08-20,13:36:00,342.29998779296875,342.4299011230469,342.1099853515625,342.25,27274
2026-08-20 13:37:00,2026-08-20,13:37:00,342.25,342.25,341.9100036621094,341.94000244140625,51827
2026-08-20 13:38:00,2026-08-20,13:38:00,341.9200134277344,342.0150146484375,341.8500061035156,341.95001220703125,33331
2026-08-20 13:39:00,2026-08-20,13:39:00,341.9100036621094,342.0198974609375,341.8599853515625,341.95001220703125,37198
2026-08-20 13:40:00,2026-08-20,13:40:00,341.9100036621094,342.0199890136719,341.79998779296875,341.8800048828125,28940
2026-08-20 13:41:00,2026-08-20,13:41:00,341.840087890625,341.9599914550781,341.7799987792969,341.7799987792969,23773
2026-08-20 13:42:00,2026-08-20,13:42:00,341.7799987792969,341.9291076660156,341.75,341.8340148925781,19108
2026-08-20 13:43:00,2026-08-20,13:43:00,341.8299865722656,341.94000244140625,341.7900085449219,341.90509033203125,15992
2026-08-20 13:44:00,2026-08-20,13:44:00,341.8796081542969,341.92999267578125,341.7799987792969,341.8500061035156,21687
2026-08-20 13:45:00,2026-08-20,13:45:00,341.8420104980469,342.0199890136719,341.82000732421875,341.9849853515625,44371
2026-08-20 13:46:00,2026-08-20,13:46:00,341.9849853515625,342.19989013671875,341.9200134277344,342.1600036621094,65137
2026-08-20 13:47:00,2026-08-20,13:47:00,342.1700134277344,342.44989013671875,342.1600036621094,342.42999267578125,51794
2026-08-20 13:48:00,2026-08-20,13:48:00,342.45001220703125,342.6099853515625,342.4301147460937,342.5849914550781,58885
2026-08-20 13:49:00,2026-08-20,13:49:00,342.5849914550781,342.6199951171875,342.44000244140625,342.4731140136719,31393
2026-08-20 13:50:00,2026-08-20,13:50:00,342.5,342.7257995605469,342.4301147460937,342.6976013183594,54376
2026-08-20 13:51:00,2026-08-20,13:51:00,342.7298889160156,342.79998779296875,342.6199951171875,342.7200012207031,36390
2026-08-20 13:52:00,2026-08-20,13:52:00,342.7200012207031,342.7699890136719,342.5450134277344,342.5599060058594,45977
2026-08-20 13:53:00,2026-08-20,13:53:00,342.5,342.5799865722656,342.3999938964844,342.5400085449219,35695
2026-08-20 13:54:00,2026-08-20,13:54:00,342.5299987792969,342.57000732421875,342.3599853515625,342.3949890136719,29970
2026-08-20 13:55:00,2026-08-20,13:55:00,342.42999267578125,342.4309997558594,342.2099914550781,342.29998779296875,22333
2026-08-20 13:56:00,2026-08-20,13:56:00,342.32000732421875,342.349609375,342.1099853515625,342.2900085449219,56647
2026-08-20 13:57:00,2026-08-20,13:57:00,342.3500061035156,342.67999267578125,342.29998779296875,342.67999267578125,39663
2026-08-20 13:58:00,2026-08-20,13:58:00,342.67010498046875,342.82000732421875,342.67010498046875,342.7900085449219,39073
2026-08-20 13:59:00,2026-08-20,13:59:00,342.7799987792969,342.7799987792969,342.5299987792969,342.6698913574219,29915
2026-08-20 14:00:00,2026-08-20,14:00:00,342.61199951171875,342.70001220703125,342.3999938964844,342.4599914550781,27296
2026-08-20 14:01:00,2026-08-20,14:01:00,342.4599914550781,342.54998779296875,342.260009765625,342.4649963378906,29688
2026-08-20 14:02:00,2026-08-20,14:02:00,342.5,342.5199890136719,342.260009765625,342.260009765625,17479
2026-08-20 14:03:00,2026-08-20,14:03:00,342.2200012207031,342.44000244140625,342.2200012207031,342.3949890136719,20668
2026-08-20 14:04:00,2026-08-20,14:04:00,342.3949890136719,342.4100036621094,342.2200927734375,342.30499267578125,11725
2026-08-20 14:05:00,2026-08-20,14:05:00,342.3299865722656,342.6099853515625,342.17999267578125,342.3099975585937,30720
2026-08-20 14:06:00,2026-08-20,14:06:00,342.2699890136719,342.385009765625,342.1099853515625,342.1600036621094,19438
2026-08-20 14:07:00,2026-08-20,14:07:00,342.1700134277344,342.20001220703125,341.92999267578125,341.9599914550781,29446
2026-08-20 14:08:00,2026-08-20,14:08:00,341.94000244140625,342.1000061035156,341.85009765625,341.9043884277344,20963
2026-08-20 14:09:00,2026-08-20,14:09:00,341.9100036621094,342.0299987792969,341.8800048828125,341.9700012207031,17257
2026-08-20 14:10:00,2026-08-20,14:10:00,341.9200134277344,341.92999267578125,341.5599975585937,341.6499938964844,50562
2026-08-20 14:11:00,2026-08-20,14:11:00,341.6400146484375,341.8799133300781,341.5203857421875,341.7699890136719,44416
2026-08-20 14:12:00,2026-08-20,14:12:00,341.8699951171875,341.989990234375,341.7099914550781,341.7699890136719,18502
2026-08-20 14:13:00,2026-08-20,14:13:00,341.760009765625,341.8800048828125,341.739990234375,341.8800048828125,11569
2026-08-20 14:14:00,2026-08-20,14:14:00,341.8699951171875,341.9075012207031,341.60040283203125,341.8059997558594,22889
2026-08-20 14:15:00,2026-08-20,14:15:00,341.7900085449219,341.8900146484375,341.6600036621094,341.7900085449219,22377
2026-08-20 14:16:00,2026-08-20,14:16:00,341.747314453125,341.79998779296875,341.60009765625,341.6708068847656,14026
2026-08-20 14:17:00,2026-08-20,14:17:00,341.75,341.94989013671875,341.7250061035156,341.8999938964844,23169
2026-08-20 14:18:00,2026-08-20,14:18:00,341.8999938964844,342.2550048828125,341.8349914550781,342.2550048828125,28565
2026-08-20 14:19:00,2026-08-20,14:19:00,342.2300109863281,342.4800109863281,342.19000244140625,342.42120361328125,38569
2026-08-20 14:20:00,2026-08-20,14:20:00,342.44500732421875,342.7395935058594,342.44500732421875,342.6300048828125,30962
2026-08-20 14:21:00,2026-08-20,14:21:00,342.6600036621094,342.67999267578125,342.4706115722656,342.6189880371094,26091
2026-08-20 14:22:00,2026-08-20,14:22:00,342.5950012207031,342.75,342.4801025390625,342.54998779296875,21579
2026-08-20 14:23:00,2026-08-20,14:23:00,342.57000732421875,342.8500061035156,342.57000732421875,342.81500244140625,57082
2026-08-20 14:24:00,2026-08-20,14:24:00,342.7950134277344,343.0799865722656,342.7799987792969,342.95001220703125,59736
2026-08-20 14:25:00,2026-08-20,14:25:00,342.95001220703125,343.0,342.57000732421875,342.6050109863281,55423
2026-08-20 14:26:00,2026-08-20,14:26:00,342.57000732421875,342.8800048828125,342.57000732421875,342.7850036621094,28141
2026-08-20 14:27:00,2026-08-20,14:27:00,342.7601013183594,343.010009765625,342.7601013183594,342.9800109863281,21843
2026-08-20 14:28:00,2026-08-20,14:28:00,343.0,343.4800109863281,342.9700012207031,343.3800048828125,67102
2026-08-20 14:29:00,2026-08-20,14:29:00,343.3299865722656,343.5299987792969,343.29998779296875,343.3472900390625,47916
2026-08-20 14:30:00,2026-08-20,14:30:00,343.29998779296875,343.5299987792969,343.2300109863281,343.385009765625,51912
2026-08-20 14:31:00,2026-08-20,14:31:00,343.3500061035156,343.57000732421875,343.1499938964844,343.3599853515625,77917
2026-08-20 14:32:00,2026-08-20,14:32:00,343.32000732421875,343.5299987792969,343.29998779296875,343.4100036621094,18841
2026-08-20 14:33:00,2026-08-20,14:33:00,343.385009765625,343.3900146484375,343.1600036621094,343.2950134277344,25780
2026-08-20 14:34:00,2026-08-20,14:34:00,343.2900085449219,343.29998779296875,343.1099853515625,343.1400146484375,21832
2026-08-20 14:35:00,2026-08-20,14:35:00,343.1549987792969,343.31329345703125,343.110107421875,343.19500732421875,20491
2026-08-20 14:36:00,2026-08-20,14:36:00,343.20001220703125,343.5310974121094,343.1499938964844,343.5249938964844,30784
2026-08-20 14:37:00,2026-08-20,14:37:00,343.5249938964844,343.5375061035156,343.239990234375,343.3349914550781,25810
2026-08-20 14:38:00,2026-08-20,14:38:00,343.343994140625,343.3999938964844,343.1142883300781,343.2398986816406,16399
2026-08-20 14:39:00,2026-08-20,14:39:00,343.17010498046875,343.239990234375,343.0700988769531,343.0914001464844,17641
2026-08-20 14:40:00,2026-08-20,14:40:00,343.0950012207031,343.2099914550781,343.0705871582031,343.20001220703125,24846
2026-08-20 14:41:00,2026-08-20,14:41:00,343.2200012207031,343.3399963378906,343.1400146484375,343.17999267578125,17791
2026-08-20 14:42:00,2026-08-20,14:42:00,343.17498779296875,343.260009765625,342.9800109863281,343.19000244140625,36900
2026-08-20 14:43:00,2026-08-20,14:43:00,343.17999267578125,343.5,343.13751220703125,343.431396484375,21816
2026-08-20 14:44:00,2026-08-20,14:44:00,343.4649963378906,343.6400146484375,343.3949890136719,343.44500732421875,42945
2026-08-20 14:45:00,2026-08-20,14:45:00,343.44500732421875,343.44500732421875,343.25,343.3699951171875,25095
2026-08-20 14:46:00,2026-08-20,14:46:00,343.44000244140625,343.44000244140625,343.30010986328125,343.3309936523437,16293
2026-08-20 14:47:00,2026-08-20,14:47:00,343.3900146484375,343.59991455078125,343.2699890136719,343.5799865722656,14798
2026-08-20 14:48:00,2026-08-20,14:48:00,343.5799865722656,343.7699890136719,343.5400085449219,343.6698913574219,43095
2026-08-20 14:49:00,2026-08-20,14:49:00,343.6700134277344,343.760009765625,343.5801086425781,343.739990234375,22855
2026-08-20 14:50:00,2026-08-20,14:50:00,343.70001220703125,343.84991455078125,343.57000732421875,343.6600036621094,35777
2026-08-20 14:51:00,2026-08-20,14:51:00,343.6600036621094,343.8900146484375,343.57000732421875,343.6199951171875,37665
2026-08-20 14:52:00,2026-08-20,14:52:00,343.6050109863281,343.70001220703125,343.54998779296875,343.6199951171875,21787
2026-08-20 14:53:00,2026-08-20,14:53:00,343.6199951171875,343.6300048828125,343.3200988769531,343.3550109863281,30020
2026-08-20 14:54:00,2026-08-20,14:54:00,343.33709716796875,343.42999267578125,343.2680969238281,343.3900146484375,19407
2026-08-20 14:55:00,2026-08-20,14:55:00,343.3550109863281,343.6462097167969,343.3453063964844,343.3601989746094,21200
2026-08-20 14:56:00,2026-08-20,14:56:00,343.3949890136719,343.5799865722656,343.2099914550781,343.510009765625,44991
2026-08-20 14:57:00,2026-08-20,14:57:00,343.5101013183594,343.6499938964844,343.4171142578125,343.6034851074219,11538
2026-08-20 14:58:00,2026-08-20,14:58:00,343.54998779296875,343.6400146484375,343.45001220703125,343.5199890136719,22992
2026-08-20 14:59:00,2026-08-20,14:59:00,343.5199890136719,343.6000061035156,343.2300109863281,343.2300109863281,30208
2026-08-20 15:00:00,2026-08-20,15:00:00,343.20001220703125,343.4200134277344,343.1499938964844,343.29168701171875,50669
2026-08-20 15:01:00,2026-08-20,15:01:00,343.2449951171875,343.3999938964844,342.9800109863281,343.3599853515625,50576
2026-08-20 15:02:00,2026-08-20,15:02:00,343.3399963378906,343.7200012207031,343.3399963378906,343.6903991699219,34284
2026-08-20 15:03:00,2026-08-20,15:03:00,343.6400146484375,343.7489013671875,343.3399963378906,343.3854064941406,31774
2026-08-20 15:04:00,2026-08-20,15:04:00,343.42999267578125,343.5198974609375,343.3599853515625,343.3800048828125,25125
2026-08-20 15:05:00,2026-08-20,15:05:00,343.3800964355469,343.3800964355469,343.1400146484375,343.25,33740
2026-08-20 15:06:00,2026-08-20,15:06:00,343.239990234375,343.3299865722656,343.1400146484375,343.29998779296875,29342
2026-08-20 15:07:00,2026-08-20,15:07:00,343.2524108886719,343.44000244140625,342.94000244140625,342.94000244140625,58038
2026-08-20 15:08:00,2026-08-20,15:08:00,343.010009765625,343.1658935546875,342.95001220703125,343.1000061035156,33685
2026-08-20 15:09:00,2026-08-20,15:09:00,343.1199951171875,343.3699951171875,343.0899963378906,343.239990234375,28695
2026-08-20 15:10:00,2026-08-20,15:10:00,343.2200012207031,343.33990478515625,343.15478515625,343.1849975585937,30271
2026-08-20 15:11:00,2026-08-20,15:11:00,343.17999267578125,343.20001220703125,342.95001220703125,343.0899963378906,27714
2026-08-20 15:12:00,2026-08-20,15:12:00,343.0950012207031,343.17498779296875,342.9800109863281,343.0006103515625,20493
2026-08-20 15:13:00,2026-08-20,15:13:00,343.0150146484375,343.19000244140625,342.9599914550781,343.1440124511719,29608
2026-08-20 15:14:00,2026-08-20,15:14:00,343.1700134277344,343.1700134277344,342.9400939941406,342.9700012207031,23467
2026-08-20 15:15:00,2026-08-20,15:15:00,342.9700012207031,343.2900085449219,342.9700012207031,343.2099914550781,37224
2026-08-20 15:16:00,2026-08-20,15:16:00,343.239990234375,343.29998779296875,343.1400146484375,343.1990966796875,28020
2026-08-20 15:17:00,2026-08-20,15:17:00,343.20001220703125,343.20001220703125,342.94000244140625,342.9939880371094,28007
2026-08-20 15:18:00,2026-08-20,15:18:00,342.9800109863281,343.1199951171875,342.8999938964844,343.0199890136719,45190
2026-08-20 15:19:00,2026-08-20,15:19:00,343.0400085449219,343.1300048828125,342.510009765625,342.6099853515625,69436
2026-08-20 15:20:00,2026-08-20,15:20:00,342.62860107421875,342.7398986816406,342.510986328125,342.6499938964844,25459
2026-08-20 15:21:00,2026-08-20,15:21:00,342.6499938964844,343.0,342.6300964355469,342.92999267578125,26569
2026-08-20 15:22:00,2026-08-20,15:22:00,342.92999267578125,343.3599853515625,342.92999267578125,343.2900085449219,46113
2026-08-20 15:23:00,2026-08-20,15:23:00,343.29998779296875,343.5,343.28741455078125,343.5,48776
2026-08-20 15:24:00,2026-08-20,15:24:00,343.5,343.5398864746094,343.30010986328125,343.3500061035156,31939
2026-08-20 15:25:00,2026-08-20,15:25:00,343.4200134277344,343.54998779296875,343.3301086425781,343.3301086425781,35757
2026-08-20 15:26:00,2026-08-20,15:26:00,343.3500061035156,343.3900146484375,343.1600036621094,343.3667907714844,36858
2026-08-20 15:27:00,2026-08-20,15:27:00,343.3099975585937,343.3398132324219,342.95001220703125,342.97369384765625,31944
2026-08-20 15:28:00,2026-08-20,15:28:00,342.9599914550781,343.2950134277344,342.8800048828125,343.2950134277344,30554
2026-08-20 15:29:00,2026-08-20,15:29:00,343.2699890136719,343.3800048828125,343.1776123046875,343.32501220703125,31681
2026-08-20 15:30:00,2026-08-20,15:30:00,343.3500061035156,343.6300048828125,343.3500061035156,343.42010498046875,48046
2026-08-20 15:31:00,2026-08-20,15:31:00,343.4549865722656,343.5889892578125,343.3999938964844,343.5,22611
2026-08-20 15:32:00,2026-08-20,15:32:00,343.5400085449219,343.8800048828125,343.489990234375,343.79998779296875,43563
2026-08-20 15:33:00,2026-08-20,15:33:00,343.80499267578125,343.8999938964844,343.5599975585937,343.57000732421875,38543
2026-08-20 15:34:00,2026-08-20,15:34:00,343.57000732421875,343.6199951171875,343.1099853515625,343.3699951171875,49953
2026-08-20 15:35:00,2026-08-20,15:35:00,343.3550109863281,343.4599914550781,343.239990234375,343.4320068359375,50422
2026-08-20 15:36:00,2026-08-20,15:36:00,343.4349975585937,343.7900085449219,343.3800048828125,343.739990234375,36494
2026-08-20 15:37:00,2026-08-20,15:37:00,343.70001220703125,343.79998779296875,343.64599609375,343.6650085449219,33312
2026-08-20 15:38:00,2026-08-20,15:38:00,343.6300964355469,343.75,343.5199890136719,343.739990234375,37723
2026-08-20 15:39:00,2026-08-20,15:39:00,343.73541259765625,343.9598999023437,343.63739013671875,343.63739013671875,52572
2026-08-20 15:40:00,2026-08-20,15:40:00,343.6997985839844,343.989990234375,343.6400146484375,343.75,40224
2026-08-20 15:41:00,2026-08-20,15:41:00,343.7799987792969,344.1099853515625,343.7200012207031,344.0799865722656,47723
2026-08-20 15:42:00,2026-08-20,15:42:00,344.04010009765625,344.1299133300781,343.5799865722656,343.6700134277344,46848
2026-08-20 15:43:00,2026-08-20,15:43:00,343.6099853515625,343.75,343.5299987792969,343.635009765625,32027
2026-08-20 15:44:00,2026-08-20,15:44:00,343.60009765625,343.7098999023437,343.4349975585937,343.6000061035156,39325
2026-08-20 15:45:00,2026-08-20,15:45:00,343.6099853515625,343.75,343.45001220703125,343.4649963378906,37956
2026-08-20 15:46:00,2026-08-20,15:46:00,343.4800109863281,343.4800109863281,343.1401062011719,343.20001220703125,51805
2026-08-20 15:47:00,2026-08-20,15:47:00,343.2250061035156,343.55499267578125,343.2250061035156,343.30810546875,55134
2026-08-20 15:48:00,2026-08-20,15:48:00,343.2900085449219,343.32989501953125,343.04998779296875,343.31988525390625,40387
2026-08-20 15:49:00,2026-08-20,15:49:00,343.2749938964844,343.6000061035156,343.2300109863281,343.5799865722656,58398
2026-08-20 15:50:00,2026-08-20,15:50:00,343.5400085449219,344.1400146484375,343.5299987792969,344.04998779296875,103684
2026-08-20 15:51:00,2026-08-20,15:51:00,344.1000061035156,344.1400146484375,343.9052124023437,343.989013671875,68996
2026-08-20 15:52:00,2026-08-20,15:52:00,343.989990234375,344.1000061035156,343.79998779296875,344.0400085449219,71567
2026-08-20 15:53:00,2026-08-20,15:53:00,344.07000732421875,344.2799987792969,343.95001220703125,344.1600036621094,90548
2026-08-20 15:54:00,2026-08-20,15:54:00,344.0899963378906,344.19000244140625,342.95001220703125,343.4599914550781,180464
2026-08-20 15:55:00,2026-08-20,15:55:00,343.5599975585937,344.1400146484375,343.2900085449219,344.0599975585937,148888
2026-08-20 15:56:00,2026-08-20,15:56:00,344.0899963378906,344.67999267578125,344.04010009765625,344.67999267578125,122993
2026-08-20 15:57:00,2026-08-20,15:57:00,344.69000244140625,345.1000061035156,344.67999267578125,345.0,188965
2026-08-20 15:58:00,2026-08-20,15:58:00,345.0,345.2699890136719,344.9700012207031,345.2699890136719,242330
2026-08-20 15:59:00,2026-08-20,15:59:00,345.2699890136719,345.3599853515625,345.0,345.2799987792969,593264
2026-08-21 09:30:00,2026-08-21,09:30:00,349.7550048828125,351.57989501953125,347.989990234375,350.260009765625,2161183
2026-08-21 09:31:00,2026-08-21,09:31:00,350.29998779296875,350.489990234375,348.20001220703125,348.3363037109375,205951
2026-08-21 09:32:00,2026-08-21,09:32:00,348.2200012207031,349.2398986816406,347.1304931640625,348.3900146484375,201877
2026-08-21 09:33:00,2026-08-21,09:33:00,348.64990234375,348.9100036621094,346.8999938964844,347.5450134277344,225266
2026-08-21 09:34:00,2026-08-21,09:34:00,347.75,348.5799865722656,347.6600036621094,348.1449890136719,132323
2026-08-21 09:35:00,2026-08-21,09:35:00,348.1400146484375,348.9100036621094,347.9464111328125,348.6849975585937,133119
2026-08-21 09:36:00,2026-08-21,09:36:00,348.7449951171875,348.91461181640625,347.7806091308594,348.20001220703125,136917
2026-08-21 09:37:00,2026-08-21,09:37:00,348.1849975585937,348.6600036621094,347.79998779296875,348.2701110839844,74517
2026-08-21 09:38:00,2026-08-21,09:38:00,348.3699951171875,348.8500061035156,348.0199890136719,348.7698974609375,87596
2026-08-21 09:39:00,2026-08-21,09:39:00,348.69500732421875,349.28680419921875,348.42010498046875,349.17498779296875,127091
2026-08-21 09:40:00,2026-08-21,09:40:00,349.1499938964844,349.489990234375,348.6099853515625,348.8500061035156,154998
2026-08-21 09:41:00,2026-08-21,09:41:00,348.8500061035156,349.0599975585937,348.50048828125,349.0050048828125,80971
2026-08-21 09:42:00,2026-08-21,09:42:00,349.010009765625,349.8699951171875,349.010009765625,349.6000061035156,106963
2026-08-21 09:43:00,2026-08-21,09:43:00,349.5700988769531,350.3500061035156,349.3599853515625,350.3500061035156,178088
2026-08-21 09:44:00,2026-08-21,09:44:00,350.2200927734375,350.5899963378906,348.3800048828125,348.9049987792969,231447
2026-08-21 09:45:00,2026-08-21,09:45:00,348.8500061035156,349.19219970703125,348.0,348.3800964355469,150894
2026-08-21 09:46:00,2026-08-21,09:46:00,348.5400085449219,350.1000061035156,348.510009765625,349.760009765625,142375
2026-08-21 09:47:00,2026-08-21,09:47:00,349.69500732421875,350.0899963378906,349.1099853515625,349.760009765625,102577
2026-08-21 09:48:00,2026-08-21,09:48:00,349.82000732421875,350.1000061035156,349.2799987792969,349.3949890136719,71056
2026-08-21 09:49:00,2026-08-21,09:49:00,349.3699951171875,350.42950439453125,349.010009765625,350.41558837890625,153705
2026-08-21 09:50:00,2026-08-21,09:50:00,350.4800109863281,351.1499938964844,350.4200134277344,350.54998779296875,257131
2026-08-21 09:51:00,2026-08-21,09:51:00,350.54998779296875,351.0299987792969,349.2033996582031,349.9549865722656,175073
2026-08-21 09:52:00,2026-08-21,09:52:00,349.9349975585937,350.0400085449219,348.9849853515625,349.989990234375,136478
2026-08-21 09:53:00,2026-08-21,09:53:00,349.9700012207031,351.70001220703125,349.8999938964844,350.80499267578125,250745
2026-08-21 09:54:00,2026-08-21,09:54:00,350.79998779296875,350.95001220703125,349.45001220703125,350.2799987792969,191817
2026-08-21 09:55:00,2026-08-21,09:55:00,350.3299865722656,351.1596984863281,350.25,350.4150085449219,104242
2026-08-21 09:56:00,2026-08-21,09:56:00,350.3514099121094,350.57000732421875,349.8700866699219,350.44500732421875,102810
2026-08-21 09:57:00,2026-08-21,09:57:00,350.5,351.19000244140625,350.44500732421875,350.7799987792969,107010
2026-08-21 09:58:00,2026-08-21,09:58:00,350.8099975585937,352.239990234375,350.7799987792969,352.1849975585937,301972
2026-08-21 09:59:00,2026-08-21,09:59:00,352.1622009277344,354.8783874511719,352.1622009277344,354.364990234375,582985
2026-08-21 10:00:00,2026-08-21,10:00:00,354.3699951171875,354.95001220703125,352.7099914550781,354.409912109375,491959
2026-08-21 10:01:00,2026-08-21,10:01:00,354.375,355.3966064453125,354.3099975585937,355.32000732421875,584646
2026-08-21 10:02:00,2026-08-21,10:02:00,355.2900085449219,355.6449890136719,354.6199951171875,355.11041259765625,387026
2026-08-21 10:03:00,2026-08-21,10:03:00,354.9599914550781,355.9096984863281,354.7699890136719,355.61248779296875,248522
2026-08-21 10:04:00,2026-08-21,10:04:00,355.6600036621094,356.6400146484375,355.6300048828125,356.6099853515625,301506
2026-08-21 10:05:00,2026-08-21,10:05:00,356.6600036621094,357.97100830078125,356.5010070800781,357.9306945800781,415151
2026-08-21 10:06:00,2026-08-21,10:06:00,357.9549865722656,359.1050109863281,357.5299987792969,358.489990234375,558571
2026-08-21 10:07:00,2026-08-21,10:07:00,358.489990234375,358.95001220703125,357.79998779296875,358.9002990722656,444373
2026-08-21 10:08:00,2026-08-21,10:08:00,358.9100036621094,359.7099914550781,358.8149108886719,359.3699951171875,419793
2026-08-21 10:09:00,2026-08-21,10:09:00,359.3999938964844,359.5,358.5400085449219,358.7550048828125,337568
2026-08-21 10:10:00,2026-08-21,10:10:00,358.74481201171875,359.6700134277344,358.67999267578125,359.5950012207031,288866
2026-08-21 10:11:00,2026-08-21,10:11:00,359.5920104980469,359.8599853515625,358.7099914550781,358.9100036621094,337073
2026-08-21 10:12:00,2026-08-21,10:12:00,358.9150085449219,359.0450134277344,358.1300048828125,358.6400146484375,260488
2026-08-21 10:13:00,2026-08-21,10:13:00,358.69000244140625,359.25,357.9200134277344,358.0249938964844,305393
2026-08-21 10:14:00,2026-08-21,10:14:00,358.0249938964844,358.2200012207031,357.4005126953125,357.614990234375,293377
2026-08-21 10:15:00,2026-08-21,10:15:00,357.5799865722656,358.80499267578125,357.5799865722656,358.7900085449219,237095
2026-08-21 10:16:00,2026-08-21,10:16:00,358.739990234375,359.0899963378906,357.9700012207031,358.8349914550781,294396
2026-08-21 10:17:00,2026-08-21,10:17:00,358.8399963378906,359.0794982910156,357.5,358.2799987792969,187483
2026-08-21 10:18:00,2026-08-21,10:18:00,358.2349853515625,358.64990234375,357.67999267578125,357.87060546875,174440
2026-08-21 10:19:00,2026-08-21,10:19:00,357.94000244140625,358.3800048828125,357.82000732421875,358.114990234375,163798
2026-08-21 10:20:00,2026-08-21,10:20:00,358.1199951171875,358.3999938964844,357.3699951171875,357.3999938964844,167944
2026-08-21 10:21:00,2026-08-21,10:21:00,357.4100036621094,357.4700012207031,355.5199890136719,356.42999267578125,331102
2026-08-21 10:22:00,2026-08-21,10:22:00,356.45001220703125,357.3500061035156,356.0710144042969,356.6549987792969,248504
2026-08-21 10:23:00,2026-08-21,10:23:00,356.6549987792969,357.4800109863281,356.2200012207031,356.7308044433594,174891
2026-08-21 10:24:00,2026-08-21,10:24:00,356.889892578125,357.8299865722656,356.75,357.7721862792969,145427
2026-08-21 10:25:00,2026-08-21,10:25:00,357.8500061035156,359.2699890136719,357.6400146484375,358.1408996582031,299802
2026-08-21 10:26:00,2026-08-21,10:26:00,358.2099914550781,359.2799987792969,358.1199951171875,359.17498779296875,158126
2026-08-21 10:27:00,2026-08-21,10:27:00,359.2298889160156,359.8999938964844,359.06500244140625,359.4949951171875,305895
2026-08-21 10:28:00,2026-08-21,10:28:00,359.489990234375,361.6499938964844,359.489990234375,361.0899963378906,638758
2026-08-21 10:29:00,2026-08-21,10:29:00,361.1099853515625,361.2699890136719,359.7200927734375,359.8026123046875,265926
2026-08-21 10:30:00,2026-08-21,10:30:00,359.760009765625,361.3599853515625,359.6099853515625,360.8793029785156,255973
2026-08-21 10:31:00,2026-08-21,10:31:00,360.85650634765625,361.0,359.6000061035156,359.6099853515625,195629
2026-08-21 10:32:00,2026-08-21,10:32:00,359.82000732421875,360.05499267578125,358.9100036621094,359.0950012207031,211285
2026-08-21 10:33:00,2026-08-21,10:33:00,359.0950012207031,359.17999267578125,357.9200134277344,358.32000732421875,228734
2026-08-21 10:34:00,2026-08-21,10:34:00,358.30499267578125,358.6400146484375,357.69000244140625,358.04998779296875,200774
2026-08-21 10:35:00,2026-08-21,10:35:00,357.8976135253906,358.0,356.8500061035156,357.3299865722656,178316
2026-08-21 10:36:00,2026-08-21,10:36:00,357.29998779296875,357.3099975585937,355.8599853515625,356.375,221942
2026-08-21 10:37:00,2026-08-21,10:37:00,356.375,356.6199951171875,356.0801086425781,356.20001220703125,121104
2026-08-21 10:38:00,2026-08-21,10:38:00,356.1499938964844,356.2099914550781,355.6401062011719,356.123291015625,106155
2026-08-21 10:39:00,2026-08-21,10:39:00,356.0299987792969,356.260009765625,355.2699890136719,355.3800048828125,116757
2026-08-21 10:40:00,2026-08-21,10:40:00,355.3900146484375,356.25,355.32000732421875,356.12908935546875,156913
2026-08-21 10:41:00,2026-08-21,10:41:00,356.0600891113281,356.3800048828125,355.7099914550781,355.8999938964844,155215
2026-08-21 10:42:00,2026-08-21,10:42:00,355.9119873046875,356.0400085449219,355.6700134277344,355.7550048828125,69601
2026-08-21 10:43:00,2026-08-21,10:43:00,355.7650146484375,356.1199951171875,355.5199890136719,355.9898986816406,72947
2026-08-21 10:44:00,2026-08-21,10:44:00,355.9549865722656,356.4800109863281,355.7699890136719,356.3999938964844,82760
2026-08-21 10:45:00,2026-08-21,10:45:00,356.385009765625,357.5799865722656,356.3299865722656,357.385009765625,193471
2026-08-21 10:46:00,2026-08-21,10:46:00,357.3699951171875,358.1000061035156,357.1700134277344,357.80499267578125,187760
2026-08-21 10:47:00,2026-08-21,10:47:00,357.7950134277344,357.8399963378906,356.9100036621094,357.2099914550781,111244
2026-08-21 10:48:00,2026-08-21,10:48:00,357.1600036621094,357.25,356.9100036621094,357.0849914550781,86823
2026-08-21 10:49:00,2026-08-21,10:49:00,357.0668029785156,357.4798889160156,357.0668029785156,357.3605041503906,44702
2026-08-21 10:50:00,2026-08-21,10:50:00,357.385009765625,358.3099975585937,357.2807006835937,358.2749938964844,135888
2026-08-21 10:51:00,2026-08-21,10:51:00,358.2699890136719,358.6899108886719,358.1499938964844,358.4200134277344,132528
2026-08-21 10:52:00,2026-08-21,10:52:00,358.3599853515625,358.510009765625,358.010009765625,358.1700134277344,106419
2026-08-21 10:53:00,2026-08-21,10:53:00,358.1499938964844,358.7300109863281,357.8999938964844,357.9599914550781,125138
2026-08-21 10:54:00,2026-08-21,10:54:00,357.94000244140625,358.5,357.926513671875,358.3116149902344,57833
2026-08-21 10:55:00,2026-08-21,10:55:00,358.2799987792969,359.864990234375,358.2799987792969,359.70001220703125,168750
2026-08-21 10:56:00,2026-08-21,10:56:00,359.7699890136719,360.6600036621094,359.4800109863281,360.614990234375,235747
2026-08-21 10:57:00,2026-08-21,10:57:00,360.6099853515625,361.3200073242188,360.4599914550781,360.8894958496094,264817
2026-08-21 10:58:00,2026-08-21,10:58:00,360.8799133300781,361.4500122070313,360.37109375,360.3900146484375,184685
2026-08-21 10:59:00,2026-08-21,10:59:00,360.3900146484375,361.05999755859375,360.3900146484375,361.0299987792969,174601
2026-08-21 11:00:00,2026-08-21,11:00:00,361.0700073242188,361.6196899414063,360.4800109863281,361.3999938964844,281193
2026-08-21 11:01:00,2026-08-21,11:01:00,361.3699951171875,361.9400024414063,361.3699951171875,361.7200012207031,191581
2026-08-21 11:02:00,2026-08-21,11:02:00,361.760009765625,362.3999938964844,361.1199951171875,362.30999755859375,289704
2026-08-21 11:03:00,2026-08-21,11:03:00,362.3599853515625,363.0798950195313,362.0382995605469,362.9360961914063,305652
2026-08-21 11:04:00,2026-08-21,11:04:00,362.9898986816406,363.3500061035156,362.55999755859375,363.1199951171875,261760
2026-08-21 11:05:00,2026-08-21,11:05:00,363.1799926757813,363.5150146484375,363.0499877929688,363.3500061035156,246716
2026-08-21 11:06:00,2026-08-21,11:06:00,363.3299865722656,364.0994873046875,362.7200927734375,364.0499877929688,426985
2026-08-21 11:07:00,2026-08-21,11:07:00,364.0499877929688,364.1299133300781,363.4049987792969,363.6799011230469,401827
2026-08-21 11:08:00,2026-08-21,11:08:00,363.6549987792969,363.9800109863281,362.5501098632813,362.875,355018
2026-08-21 11:09:00,2026-08-21,11:09:00,362.8800048828125,363.0,362.3703002929688,362.4200134277344,192697
2026-08-21 11:10:00,2026-08-21,11:10:00,362.3999938964844,362.8500061035156,361.7203979492188,362.0069885253906,240737
2026-08-21 11:11:00,2026-08-21,11:11:00,362.0015869140625,362.5400085449219,361.5299987792969,362.1099853515625,181778
2026-08-21 11:12:00,2026-08-21,11:12:00,362.1099853515625,362.6489868164063,362.0,362.5499877929688,115653
2026-08-21 11:13:00,2026-08-21,11:13:00,362.5899963378906,362.6700134277344,362.1700134277344,362.2800903320313,107391
2026-08-21 11:14:00,2026-08-21,11:14:00,362.3150024414063,362.3599853515625,361.6400146484375,361.8200073242188,170749
2026-08-21 11:15:00,2026-08-21,11:15:00,361.8200073242188,362.0899963378906,361.2200012207031,361.3800048828125,177244
2026-08-21 11:16:00,2026-08-21,11:16:00,361.30999755859375,361.4800109863281,360.6000061035156,360.6099853515625,172472
2026-08-21 11:17:00,2026-08-21,11:17:00,360.56549072265625,361.2000122070313,360.4173889160156,360.6499938964844,159344
2026-08-21 11:18:00,2026-08-21,11:18:00,360.6499938964844,360.989990234375,360.6000061035156,360.7756958007813,93561
2026-08-21 11:19:00,2026-08-21,11:19:00,360.75,360.9162902832031,360.5199890136719,360.6549987792969,101801
2026-08-21 11:20:00,2026-08-21,11:20:00,360.6749877929688,360.9617919921875,360.260009765625,360.2999877929688,124385
2026-08-21 11:21:00,2026-08-21,11:21:00,360.2999877929688,360.6452026367188,359.9700012207031,360.4599914550781,152353
2026-08-21 11:22:00,2026-08-21,11:22:00,360.4599914550781,360.5400085449219,359.9700012207031,360.1400146484375,102305
2026-08-21 11:23:00,2026-08-21,11:23:00,360.1600036621094,360.4198913574219,359.6199951171875,359.7799987792969,128607
2026-08-21 11:24:00,2026-08-21,11:24:00,359.79998779296875,359.9464111328125,358.5740051269531,358.6200866699219,177448
2026-08-21 11:25:00,2026-08-21,11:25:00,358.6268920898437,358.95001220703125,358.54998779296875,358.6400146484375,112128
2026-08-21 11:26:00,2026-08-21,11:26:00,358.6351013183594,359.14990234375,358.4110107421875,359.0799865722656,129114
2026-08-21 11:27:00,2026-08-21,11:27:00,359.1050109863281,359.3299865722656,358.7101135253906,358.7900085449219,97172
2026-08-21 11:28:00,2026-08-21,11:28:00,358.8299865722656,359.0498962402344,358.6700134277344,358.9599914550781,63076
2026-08-21 11:29:00,2026-08-21,11:29:00,358.9800109863281,359.0050048828125,358.6600036621094,358.9649963378906,83696
2026-08-21 11:30:00,2026-08-21,11:30:00,358.9649963378906,359.29998779296875,358.7900085449219,358.9800109863281,104388
2026-08-21 11:31:00,2026-08-21,11:31:00,359.0,359.0599975585937,358.6000061035156,358.8800048828125,84724
2026-08-21 11:32:00,2026-08-21,11:32:00,358.8550109863281,359.54119873046875,358.8550109863281,359.45001220703125,113850
2026-08-21 11:33:00,2026-08-21,11:33:00,359.5,359.70001220703125,359.29998779296875,359.5199890136719,88214
2026-08-21 11:34:00,2026-08-21,11:34:00,359.4599914550781,359.989990234375,359.45001220703125,359.885009765625,158017
2026-08-21 11:35:00,2026-08-21,11:35:00,359.8800048828125,360.5,359.8399963378906,360.5,146676
2026-08-21 11:36:00,2026-08-21,11:36:00,360.4750061035156,361.3900146484375,360.4700012207031,361.2799987792969,154387
2026-08-21 11:37:00,2026-08-21,11:37:00,361.1700134277344,361.3699035644531,360.37200927734375,360.625,116666
2026-08-21 11:38:00,2026-08-21,11:38:00,360.6300048828125,360.9999084472656,360.2799987792969,360.93499755859375,100645
2026-08-21 11:39:00,2026-08-21,11:39:00,360.93499755859375,361.7000122070313,360.8066101074219,361.64990234375,122120
2026-08-21 11:40:00,2026-08-21,11:40:00,361.625,362.1400146484375,361.3001098632813,362.1400146484375,204725
2026-08-21 11:41:00,2026-08-21,11:41:00,362.1400146484375,363.1300048828125,362.1400146484375,363.0249938964844,184019
2026-08-21 11:42:00,2026-08-21,11:42:00,363.0,363.6300048828125,362.9800109863281,363.4201049804688,156943
2026-08-21 11:43:00,2026-08-21,11:43:00,363.4590148925781,363.8599853515625,363.3420104980469,363.6570129394531,148383
2026-08-21 11:44:00,2026-08-21,11:44:00,363.6600036621094,363.8500061035156,363.3999938964844,363.4700012207031,145756
2026-08-21 11:45:00,2026-08-21,11:45:00,363.4700012207031,363.9599914550781,363.3949890136719,363.7850036621094,133987
2026-08-21 11:46:00,2026-08-21,11:46:00,363.80999755859375,363.8900146484375,363.3999938964844,363.43499755859375,121639
2026-08-21 11:47:00,2026-08-21,11:47:00,363.43499755859375,363.4800109863281,362.9599914550781,363.1799926757813,190328
2026-08-21 11:48:00,2026-08-21,11:48:00,363.1499938964844,363.3500061035156,362.2099914550781,362.4800109863281,167989
2026-08-21 11:49:00,2026-08-21,11:49:00,362.4500122070313,362.8200073242188,361.9133911132813,362.1597900390625,164274
2026-08-21 11:50:00,2026-08-21,11:50:00,362.25,363.1000061035156,362.25,363.1000061035156,129566
2026-08-21 11:51:00,2026-08-21,11:51:00,363.0899963378906,364.2999877929688,363.05999755859375,364.239990234375,276212
2026-08-21 11:52:00,2026-08-21,11:52:00,364.2200012207031,364.4800109863281,363.39068603515625,363.739990234375,201412
2026-08-21 11:53:00,2026-08-21,11:53:00,363.7300109863281,363.7799987792969,362.6600036621094,362.6900024414063,158415
2026-08-21 11:54:00,2026-08-21,11:54:00,362.6749877929688,363.1167907714844,362.2000122070313,362.8200073242188,146449
2026-08-21 11:55:00,2026-08-21,11:55:00,362.75,363.1600036621094,362.7200012207031,362.9938049316406,82608
2026-08-21 11:56:00,2026-08-21,11:56:00,363.0,363.1300048828125,362.6000061035156,362.6300048828125,62356
2026-08-21 11:57:00,2026-08-21,11:57:00,362.6300964355469,362.6400146484375,361.5718994140625,361.6000061035156,169640
2026-08-21 11:58:00,2026-08-21,11:58:00,361.639892578125,362.1799926757813,361.4599914550781,362.1754150390625,141471
2026-08-21 11:59:00,2026-08-21,11:59:00,362.125,362.5700073242188,362.0201110839844,362.5400085449219,96167
2026-08-21 12:00:00,2026-08-21,12:00:00,362.5450134277344,362.75,362.2561950683594,362.3599853515625,78796
2026-08-21 12:01:00,2026-08-21,12:01:00,362.3349914550781,362.55999755859375,361.8800048828125,361.8800048828125,73277
2026-08-21 12:02:00,2026-08-21,12:02:00,361.9100036621094,362.2799072265625,361.7799987792969,362.1400146484375,95382
2026-08-21 12:03:00,2026-08-21,12:03:00,362.1799926757813,362.2999877929688,361.9299926757813,362.10009765625,80612
2026-08-21 12:04:00,2026-08-21,12:04:00,362.1099853515625,362.1400146484375,361.3299865722656,361.4537048339844,60133
2026-08-21 12:05:00,2026-08-21,12:05:00,361.43499755859375,361.9100036621094,361.010009765625,361.9100036621094,129291
2026-08-21 12:06:00,2026-08-21,12:06:00,361.9498901367188,362.0,361.4800109863281,361.7749938964844,76825
2026-08-21 12:07:00,2026-08-21,12:07:00,361.7550964355469,361.7999877929688,361.4500122070313,361.6099853515625,72083
2026-08-21 12:08:00,2026-08-21,12:08:00,361.6050109863281,361.7999877929688,361.5181884765625,361.610107421875,55182
2026-08-21 12:09:00,2026-08-21,12:09:00,361.6400146484375,361.6899108886719,360.760009765625,360.9299926757813,90020
2026-08-21 12:10:00,2026-08-21,12:10:00,360.9450073242188,361.2999877929688,360.8949890136719,361.18109130859375,119348
2026-08-21 12:11:00,2026-08-21,12:11:00,361.2149963378906,361.4399108886719,361.1400146484375,361.364990234375,59371
2026-08-21 12:12:00,2026-08-21,12:12:00,361.3500061035156,361.9154968261719,361.3399963378906,361.875,84999
2026-08-21 12:13:00,2026-08-21,12:13:00,361.9100036621094,362.3599853515625,361.7099914550781,362.3150024414063,111369
2026-08-21 12:14:00,2026-08-21,12:14:00,362.2976989746094,362.3599853515625,362.1199951171875,362.1950073242188,88631
2026-08-21 12:15:00,2026-08-21,12:15:00,362.2200012207031,362.4436950683594,362.0,362.2999877929688,78525
2026-08-21 12:16:00,2026-08-21,12:16:00,362.3160095214844,362.5899963378906,362.1099853515625,362.5267028808594,81859
2026-08-21 12:17:00,2026-08-21,12:17:00,362.5450134277344,363.4400024414063,362.5300903320313,363.3800048828125,142121
2026-08-21 12:18:00,2026-08-21,12:18:00,363.375,363.4500122070313,362.9200134277344,363.0411987304688,95283
2026-08-21 12:19:00,2026-08-21,12:19:00,363.0506896972656,363.1000061035156,362.6401062011719,362.7799987792969,95477
2026-08-21 12:20:00,2026-08-21,12:20:00,362.781005859375,362.781005859375,362.260009765625,362.7300109863281,124718
2026-08-21 12:21:00,2026-08-21,12:21:00,362.7000122070313,363.8200073242188,362.7000122070313,363.2449951171875,166848
2026-08-21 12:22:00,2026-08-21,12:22:00,363.3150024414063,363.48870849609375,363.1199951171875,363.376708984375,78138
2026-08-21 12:23:00,2026-08-21,12:23:00,363.3399963378906,363.4194946289063,363.1799926757813,363.3800048828125,48225
2026-08-21 12:24:00,2026-08-21,12:24:00,363.3800048828125,363.83990478515625,363.2799987792969,363.510009765625,96449
2026-08-21 12:25:00,2026-08-21,12:25:00,363.4100036621094,363.8699951171875,363.4100036621094,363.8299865722656,99787
2026-08-21 12:26:00,2026-08-21,12:26:00,363.8251037597656,363.9500122070313,363.6199951171875,363.6600036621094,90820
2026-08-21 12:27:00,2026-08-21,12:27:00,363.6628112792969,363.7000122070313,362.8800048828125,363.01080322265625,199129
2026-08-21 12:28:00,2026-08-21,12:28:00,363.0400085449219,363.5,363.0400085449219,363.43499755859375,65810
2026-08-21 12:29:00,2026-08-21,12:29:00,363.4700012207031,363.6300048828125,363.2799987792969,363.3699951171875,76475
2026-08-21 12:30:00,2026-08-21,12:30:00,363.3699951171875,363.3699951171875,362.9599914550781,363.2850036621094,80928
2026-08-21 12:31:00,2026-08-21,12:31:00,363.3200073242188,363.5794982910156,363.2008056640625,363.2778930664063,71699
2026-08-21 12:32:00,2026-08-21,12:32:00,363.2536010742188,363.5698852539063,363.1192932128906,363.4599914550781,63735
2026-08-21 12:33:00,2026-08-21,12:33:00,363.4800109863281,363.7699890136719,363.4500122070313,363.5799865722656,426811
2026-08-21 12:34:00,2026-08-21,12:34:00,363.6000061035156,363.7744140625,363.4910888671875,363.5499877929688,72707
2026-08-21 12:35:00,2026-08-21,12:35:00,363.5299987792969,363.6698913574219,363.3999938964844,363.4169921875,48372
2026-08-21 12:36:00,2026-08-21,12:36:00,363.41009521484375,363.5499877929688,363.3500061035156,363.489990234375,37208
2026-08-21 12:37:00,2026-08-21,12:37:00,363.4625854492188,363.5299987792969,363.30999755859375,363.3900146484375,34231
2026-08-21 12:38:00,2026-08-21,12:38:00,363.37200927734375,363.55999755859375,363.2601013183594,363.5098876953125,52961
2026-08-21 12:39:00,2026-08-21,12:39:00,363.5289001464844,363.6199951171875,363.3500061035156,363.5700073242188,86867
2026-08-21 12:40:00,2026-08-21,12:40:00,363.5499877929688,363.5899963378906,363.2799987792969,363.489990234375,43220
2026-08-21 12:41:00,2026-08-21,12:41:00,363.4800109863281,363.6998901367188,363.4500122070313,363.56439208984375,50233
2026-08-21 12:42:00,2026-08-21,12:42:00,363.4700012207031,363.5700073242188,363.4100036621094,363.4649963378906,46876
2026-08-21 12:43:00,2026-08-21,12:43:00,363.5,363.5599060058594,363.2999877929688,363.510009765625,43238
2026-08-21 12:44:00,2026-08-21,12:44:00,363.5499877929688,363.55999755859375,363.3800048828125,363.4500122070313,52170
2026-08-21 12:45:00,2026-08-21,12:45:00,363.468505859375,363.5400085449219,363.2999877929688,363.4100036621094,52926
2026-08-21 12:46:00,2026-08-21,12:46:00,363.3800048828125,363.639892578125,363.2999877929688,363.43499755859375,63826
2026-08-21 12:47:00,2026-08-21,12:47:00,363.4400024414063,363.7000122070313,363.3901062011719,363.51458740234375,58115
2026-08-21 12:48:00,2026-08-21,12:48:00,363.55999755859375,363.8399963378906,363.5400085449219,363.80999755859375,83227
2026-08-21 12:49:00,2026-08-21,12:49:00,363.8049926757813,364.2300109863281,363.7699890136719,364.0613098144531,207233
2026-08-21 12:50:00,2026-08-21,12:50:00,364.0799865722656,364.1900024414063,363.5299987792969,363.8533020019531,126200
2026-08-21 12:51:00,2026-08-21,12:51:00,363.8450012207031,364.3399963378906,363.8450012207031,364.1700134277344,122953
2026-08-21 12:52:00,2026-08-21,12:52:00,364.1500854492188,364.2799072265625,363.8299865722656,364.2250061035156,78916
2026-08-21 12:53:00,2026-08-21,12:53:00,364.1799926757813,364.2674865722656,363.864990234375,364.0499877929688,66362
2026-08-21 12:54:00,2026-08-21,12:54:00,364.0318908691406,364.260009765625,363.9299926757813,364.2349853515625,72018
2026-08-21 12:55:00,2026-08-21,12:55:00,364.2099914550781,364.3550109863281,363.9100036621094,364.0499877929688,111593
2026-08-21 12:56:00,2026-08-21,12:56:00,364.0450134277344,364.4400024414063,363.80999755859375,364.4200134277344,91723
2026-08-21 12:57:00,2026-08-21,12:57:00,364.4400024414063,364.6899108886719,364.1900024414063,364.6650085449219,151997
2026-08-21 12:58:00,2026-08-21,12:58:00,364.6650085449219,364.9400024414063,364.5899963378906,364.8800048828125,139296
2026-08-21 12:59:00,2026-08-21,12:59:00,364.8800048828125,364.8900146484375,364.2999877929688,364.3340148925781,123407
2026-08-21 13:00:00,2026-08-21,13:00:00,364.3299865722656,364.739990234375,364.2699890136719,364.635009765625,120934
2026-08-21 13:01:00,2026-08-21,13:01:00,364.6300048828125,364.6400146484375,364.4400939941406,364.635009765625,47666
2026-08-21 13:02:00,2026-08-21,13:02:00,364.6199951171875,364.8699951171875,364.5400085449219,364.8349914550781,94444
2026-08-21 13:03:00,2026-08-21,13:03:00,364.8349914550781,364.989990234375,364.4800109863281,364.5050048828125,137093
2026-08-21 13:04:00,2026-08-21,13:04:00,364.5050048828125,364.6978149414063,363.8150024414063,363.8999938964844,217188
2026-08-21 13:05:00,2026-08-21,13:05:00,363.8800048828125,364.6700134277344,363.860107421875,364.489990234375,118498
2026-08-21 13:06:00,2026-08-21,13:06:00,364.489990234375,364.8139953613281,364.0700988769531,364.7650146484375,112482
2026-08-21 13:07:00,2026-08-21,13:07:00,364.7749938964844,364.9100036621094,364.1499938964844,364.1900024414063,90583
2026-08-21 13:08:00,2026-08-21,13:08:00,364.1500854492188,364.6000061035156,364.1500854492188,364.2615051269531,68030
2026-08-21 13:09:00,2026-08-21,13:09:00,364.2999877929688,364.2999877929688,363.3420104980469,363.3420104980469,103586
2026-08-21 13:10:00,2026-08-21,13:10:00,363.3599853515625,363.6050109863281,362.8999938964844,363.0723876953125,176124
2026-08-21 13:11:00,2026-08-21,13:11:00,363.1099853515625,363.6499938964844,363.0,363.4400024414063,142489
2026-08-21 13:12:00,2026-08-21,13:12:00,363.4400024414063,363.9679870605469,363.3900146484375,363.6900024414063,70820
2026-08-21 13:13:00,2026-08-21,13:13:00,363.7250061035156,363.7800903320313,363.1199951171875,363.2539978027344,138405
2026-08-21 13:14:00,2026-08-21,13:14:00,363.239990234375,363.6000061035156,363.2219848632813,363.6000061035156,55271
2026-08-21 13:15:00,2026-08-21,13:15:00,363.6000061035156,363.6199951171875,363.239990234375,363.4500122070313,49176
2026-08-21 13:16:00,2026-08-21,13:16:00,363.4500122070313,363.9400024414063,363.4299926757813,363.6600036621094,106382
2026-08-21 13:17:00,2026-08-21,13:17:00,363.6199951171875,363.6549987792969,363.2799987792969,363.3699951171875,55178
2026-08-21 13:18:00,2026-08-21,13:18:00,363.4200134277344,363.9500122070313,363.3699951171875,363.8699951171875,82462
2026-08-21 13:19:00,2026-08-21,13:19:00,363.9299011230469,363.9299011230469,363.55999755859375,363.6000061035156,35366
2026-08-21 13:20:00,2026-08-21,13:20:00,363.5799865722656,364.3200073242188,363.5499877929688,364.1799926757813,92443
2026-08-21 13:21:00,2026-08-21,13:21:00,364.2019958496094,364.3399963378906,364.0555114746094,364.1900024414063,54724
2026-08-21 13:22:00,2026-08-21,13:22:00,364.1799926757813,364.3500061035156,363.6300048828125,363.6600036621094,76566
2026-08-21 13:23:00,2026-08-21,13:23:00,363.6796875,364.0,363.4400024414063,363.7502136230469,100074
2026-08-21 13:24:00,2026-08-21,13:24:00,363.75,363.8999938964844,363.55999755859375,363.6499938964844,63858
2026-08-21 13:25:00,2026-08-21,13:25:00,363.6099853515625,363.7049865722656,363.3900146484375,363.43798828125,46878
2026-08-21 13:26:00,2026-08-21,13:26:00,363.4200134277344,363.4200134277344,362.9000854492188,363.3349914550781,96609
2026-08-21 13:27:00,2026-08-21,13:27:00,363.3349914550781,363.5,363.2099914550781,363.43499755859375,45726
2026-08-21 13:28:00,2026-08-21,13:28:00,363.4249877929688,363.8500061035156,363.3699951171875,363.7349853515625,79841
2026-08-21 13:29:00,2026-08-21,13:29:00,363.7099914550781,363.8699951171875,363.5599060058594,363.5599060058594,43627
2026-08-21 13:30:00,2026-08-21,13:30:00,363.6199951171875,363.7200012207031,363.3200073242188,363.43499755859375,36640
2026-08-21 13:31:00,2026-08-21,13:31:00,363.4601135253906,363.7499084472656,363.3500061035156,363.6799926757813,46003
2026-08-21 13:32:00,2026-08-21,13:32:00,363.715087890625,363.8500061035156,363.5,363.5450134277344,42517
2026-08-21 13:33:00,2026-08-21,13:33:00,363.5450134277344,363.8049926757813,363.510009765625,363.6300048828125,30769
2026-08-21 13:34:00,2026-08-21,13:34:00,363.635009765625,363.8500061035156,363.5914001464844,363.6749877929688,47358
2026-08-21 13:35:00,2026-08-21,13:35:00,363.6310119628906,363.7699890136719,363.510009765625,363.6499938964844,43699
2026-08-21 13:36:00,2026-08-21,13:36:00,363.6875915527344,364.5285034179688,363.6700134277344,364.4049987792969,118603
2026-08-21 13:37:00,2026-08-21,13:37:00,364.43499755859375,364.4866027832031,363.7999877929688,364.010009765625,78110
2026-08-21 13:38:00,2026-08-21,13:38:00,364.0199890136719,364.3800048828125,363.840087890625,363.9700012207031,65193
2026-08-21 13:39:00,2026-08-21,13:39:00,363.9500122070313,364.1099853515625,363.7000122070313,363.8569946289063,99838
2026-08-21 13:40:00,2026-08-21,13:40:00,363.885009765625,363.9100036621094,363.3409118652344,363.4849853515625,80779
2026-08-21 13:41:00,2026-08-21,13:41:00,363.489990234375,363.8299865722656,363.4599914550781,363.7000122070313,63911
2026-08-21 13:42:00,2026-08-21,13:42:00,363.7449951171875,363.9695129394531,363.6300048828125,363.6600036621094,40741
2026-08-21 13:43:00,2026-08-21,13:43:00,363.6300048828125,363.739990234375,363.4500122070313,363.5799865722656,48041
2026-08-21 13:44:00,2026-08-21,13:44:00,363.5799865722656,363.6000061035156,363.1600036621094,363.3150024414063,71687
2026-08-21 13:45:00,2026-08-21,13:45:00,363.3150024414063,363.5899963378906,363.2900085449219,363.4599914550781,44462
2026-08-21 13:46:00,2026-08-21,13:46:00,363.4599914550781,363.64990234375,363.3634948730469,363.5199890136719,25943
2026-08-21 13:47:00,2026-08-21,13:47:00,363.5299987792969,363.5700073242188,363.3900146484375,363.510009765625,23799
2026-08-21 13:48:00,2026-08-21,13:48:00,363.5299987792969,363.6099853515625,363.260009765625,363.30999755859375,31040
2026-08-21 13:49:00,2026-08-21,13:49:00,363.2999877929688,363.3900146484375,362.9599914550781,363.0799865722656,59669
2026-08-21 13:50:00,2026-08-21,13:50:00,363.0899963378906,363.3905029296875,363.0277099609375,363.3299865722656,47935
2026-08-21 13:51:00,2026-08-21,13:51:00,363.3399963378906,363.4704895019531,363.2999877929688,363.3699951171875,37365
2026-08-21 13:52:00,2026-08-21,13:52:00,363.3900146484375,363.4100036621094,363.0000915527344,363.03509521484375,30970
2026-08-21 13:53:00,2026-08-21,13:53:00,363.0400085449219,363.1300048828125,362.7000122070313,363.0299987792969,104351
2026-08-21 13:54:00,2026-08-21,13:54:00,363.0650024414063,363.1499938964844,362.8001098632813,362.9750061035156,53626
2026-08-21 13:55:00,2026-08-21,13:55:00,362.9750061035156,363.1400146484375,362.9200134277344,363.0404052734375,39212
2026-08-21 13:56:00,2026-08-21,13:56:00,363.0350036621094,363.1900024414063,363.0199890136719,363.125,34760
2026-08-21 13:57:00,2026-08-21,13:57:00,363.1481018066406,363.3200073242188,362.8399963378906,362.8599853515625,83719
2026-08-21 13:58:00,2026-08-21,13:58:00,362.8999938964844,363.0,362.7522888183594,362.8999938964844,67211
2026-08-21 13:59:00,2026-08-21,13:59:00,362.8900146484375,362.9100036621094,362.5400085449219,362.6600036621094,75840
2026-08-21 14:00:00,2026-08-21,14:00:00,362.6300048828125,362.7799987792969,362.5201110839844,362.6499938964844,54316
2026-08-21 14:01:00,2026-08-21,14:01:00,362.6499938964844,363.2000122070313,362.6499938964844,362.9599914550781,75875
2026-08-21 14:02:00,2026-08-21,14:02:00,362.8569946289063,362.9299926757813,362.6680908203125,362.7999877929688,57674
2026-08-21 14:03:00,2026-08-21,14:03:00,362.8500061035156,362.9800109863281,362.8299865722656,362.8301086425781,31005
2026-08-21 14:04:00,2026-08-21,14:04:00,362.8299865722656,363.4100036621094,362.8200073242188,363.3200073242188,63248
2026-08-21 14:05:00,2026-08-21,14:05:00,363.2950134277344,363.6099853515625,363.1600036621094,363.30999755859375,51461
2026-08-21 14:06:00,2026-08-21,14:06:00,363.30999755859375,363.8500061035156,363.3001098632813,363.5549926757813,110141
2026-08-21 14:07:00,2026-08-21,14:07:00,363.5628051757813,363.6300048828125,363.3800048828125,363.489990234375,32252
2026-08-21 14:08:00,2026-08-21,14:08:00,363.45550537109375,363.6998901367188,363.4100036621094,363.5899963378906,25288
2026-08-21 14:09:00,2026-08-21,14:09:00,363.5700073242188,363.5750122070313,363.239990234375,363.3299865722656,42599
2026-08-21 14:10:00,2026-08-21,14:10:00,363.3250122070313,363.6050109863281,363.2900085449219,363.29010009765625,39878
2026-08-21 14:11:00,2026-08-21,14:11:00,363.29010009765625,363.3799133300781,363.0000915527344,363.2999877929688,54671
2026-08-21 14:12:00,2026-08-21,14:12:00,363.2799987792969,363.6000061035156,363.2000122070313,363.5,33681
2026-08-21 14:13:00,2026-08-21,14:13:00,363.5700073242188,363.7099914550781,363.5400085449219,363.5799865722656,40583
2026-08-21 14:14:00,2026-08-21,14:14:00,363.5950012207031,363.5950012207031,363.3299865722656,363.3800048828125,28881
2026-08-21 14:15:00,2026-08-21,14:15:00,363.385009765625,363.4299926757813,363.2000122070313,363.3399963378906,27895
2026-08-21 14:16:00,2026-08-21,14:16:00,363.3500061035156,363.4500122070313,363.2200012207031,363.4249877929688,34057
2026-08-21 14:17:00,2026-08-21,14:17:00,363.4599914550781,363.4700012207031,363.239990234375,363.3550109863281,21975
2026-08-21 14:18:00,2026-08-21,14:18:00,363.3200073242188,363.4200134277344,363.1799926757813,363.2674865722656,31190
2026-08-21 14:19:00,2026-08-21,14:19:00,363.25,363.7799987792969,363.25,363.6900024414063,46054
2026-08-21 14:20:00,2026-08-21,14:20:00,363.70989990234375,364.1799926757813,363.614990234375,364.1300048828125,108573
2026-08-21 14:21:00,2026-08-21,14:21:00,364.1300048828125,364.7000122070313,364.1000061035156,364.7000122070313,120757
2026-08-21 14:22:00,2026-08-21,14:22:00,364.6700134277344,364.7099914550781,364.33599853515625,364.510009765625,60977
2026-08-21 14:23:00,2026-08-21,14:23:00,364.4800109863281,364.510009765625,364.0650024414063,364.1400146484375,69977
2026-08-21 14:24:00,2026-08-21,14:24:00,364.1400146484375,364.2699890136719,363.9100036621094,363.9700012207031,64311
2026-08-21 14:25:00,2026-08-21,14:25:00,363.9700012207031,364.0499877929688,363.6600036621094,363.6701049804688,87158
2026-08-21 14:26:00,2026-08-21,14:26:00,363.6700134277344,364.1400146484375,363.6400146484375,364.1099853515625,58370
2026-08-21 14:27:00,2026-08-21,14:27:00,364.0899963378906,364.1900024414063,363.989990234375,364.1200866699219,40969
2026-08-21 14:28:00,2026-08-21,14:28:00,364.1300048828125,364.5499877929688,364.1300048828125,364.5199890136719,79435
2026-08-21 14:29:00,2026-08-21,14:29:00,364.5199890136719,364.5499877929688,364.2900085449219,364.3150024414063,49680
2026-08-21 14:30:00,2026-08-21,14:30:00,364.3299865722656,364.5799865722656,364.1700134277344,364.2460021972656,66372
2026-08-21 14:31:00,2026-08-21,14:31:00,364.2349853515625,364.4100036621094,364.1199951171875,364.3951110839844,43244
2026-08-21 14:32:00,2026-08-21,14:32:00,364.3699951171875,364.6000061035156,364.2300109863281,364.3699951171875,53755
2026-08-21 14:33:00,2026-08-21,14:33:00,364.3599853515625,364.4299011230469,364.2000122070313,364.3599853515625,43221
2026-08-21 14:34:00,2026-08-21,14:34:00,364.3294067382813,364.3900146484375,364.0300903320313,364.25,53763
2026-08-21 14:35:00,2026-08-21,14:35:00,364.239990234375,364.3599853515625,364.0499877929688,364.1000061035156,36258
2026-08-21 14:36:00,2026-08-21,14:36:00,364.05999755859375,364.3599853515625,363.9700012207031,364.2999877929688,72451
2026-08-21 14:37:00,2026-08-21,14:37:00,364.2999877929688,364.5799865722656,364.2099914550781,364.375,73499
2026-08-21 14:38:00,2026-08-21,14:38:00,364.3984069824219,364.60400390625,364.3500061035156,364.5085144042969,61755
2026-08-21 14:39:00,2026-08-21,14:39:00,364.5299987792969,364.5899963378906,364.2900085449219,364.5499877929688,43103
2026-08-21 14:40:00,2026-08-21,14:40:00,364.5700073242188,364.9400024414063,364.4700012207031,364.7200012207031,129794
2026-08-21 14:41:00,2026-08-21,14:41:00,364.7200012207031,364.7799987792969,364.5,364.5,70793
2026-08-21 14:42:00,2026-08-21,14:42:00,364.510009765625,364.5299987792969,364.05999755859375,364.1499938964844,101139
2026-08-21 14:43:00,2026-08-21,14:43:00,364.2300109863281,364.28369140625,363.9299926757813,364.135009765625,41219
2026-08-21 14:44:00,2026-08-21,14:44:00,364.1499938964844,364.2550048828125,363.80999755859375,364.0249938964844,81510
2026-08-21 14:45:00,2026-08-21,14:45:00,364.0,364.1900024414063,363.9599914550781,364.0,47549
2026-08-21 14:46:00,2026-08-21,14:46:00,364.0,364.2900085449219,363.8399963378906,364.1687927246094,59759
2026-08-21 14:47:00,2026-08-21,14:47:00,364.1499938964844,364.489990234375,364.1300048828125,364.385009765625,59464
2026-08-21 14:48:00,2026-08-21,14:48:00,364.3999938964844,364.6698913574219,364.3742980957031,364.4299926757813,83147
2026-08-21 14:49:00,2026-08-21,14:49:00,364.4299926757813,364.7099914550781,364.3900146484375,364.6950073242188,64705
2026-08-21 14:50:00,2026-08-21,14:50:00,364.7099914550781,364.989990234375,364.6199951171875,364.6799926757813,161856
2026-08-21 14:51:00,2026-08-21,14:51:00,364.6799926757813,364.8999938964844,364.6799926757813,364.8700866699219,69756
2026-08-21 14:52:00,2026-08-21,14:52:00,364.885009765625,365.3699951171875,364.875,365.3699035644531,373496
2026-08-21 14:53:00,2026-08-21,14:53:00,365.3399963378906,365.3699951171875,364.7900085449219,365.2250061035156,123450
2026-08-21 14:54:00,2026-08-21,14:54:00,365.2250061035156,365.30999755859375,365.0,365.1300048828125,81002
2026-08-21 14:55:00,2026-08-21,14:55:00,365.1300048828125,365.3500061035156,364.4200134277344,364.7349853515625,222559
2026-08-21 14:56:00,2026-08-21,14:56:00,364.7099914550781,364.80999755859375,364.33990478515625,364.440185546875,133954
2026-08-21 14:57:00,2026-08-21,14:57:00,364.510009765625,364.66259765625,364.4100036621094,364.6099853515625,40863
2026-08-21 14:58:00,2026-08-21,14:58:00,364.6000061035156,364.7900085449219,364.5,364.7200012207031,76116
2026-08-21 14:59:00,2026-08-21,14:59:00,364.7099914550781,364.7099914550781,364.1499938964844,364.4599914550781,57357
2026-08-21 15:00:00,2026-08-21,15:00:00,364.4599914550781,364.7000122070313,364.3763122558594,364.6050109863281,58004
2026-08-21 15:01:00,2026-08-21,15:01:00,364.6050109863281,365.1900024414063,364.5899963378906,364.989990234375,89633
2026-08-21 15:02:00,2026-08-21,15:02:00,364.9805908203125,365.2898864746094,364.8999938964844,365.1099853515625,64216
2026-08-21 15:03:00,2026-08-21,15:03:00,365.1799926757813,365.3198852539063,365.1199951171875,365.2300109863281,79640
2026-08-21 15:04:00,2026-08-21,15:04:00,365.2650146484375,365.2650146484375,364.3599853515625,364.3599853515625,68372
2026-08-21 15:05:00,2026-08-21,15:05:00,364.3599853515625,364.9498901367188,364.3599853515625,364.7449951171875,81261
2026-08-21 15:06:00,2026-08-21,15:06:00,364.8250122070313,365.2000122070313,364.80999755859375,365.0050048828125,62327
2026-08-21 15:07:00,2026-08-21,15:07:00,365.0299987792969,365.760009765625,365.010009765625,365.7200012207031,200392
2026-08-21 15:08:00,2026-08-21,15:08:00,365.7000122070313,365.9800109863281,365.6499938964844,365.9400024414063,155074
2026-08-21 15:09:00,2026-08-21,15:09:00,365.9299926757813,365.9700012207031,365.7000122070313,365.8949890136719,91005
2026-08-21 15:10:00,2026-08-21,15:10:00,365.8800964355469,365.989990234375,365.6199951171875,365.7937927246094,108627
2026-08-21 15:11:00,2026-08-21,15:11:00,365.7937927246094,365.8200073242188,365.5849914550781,365.7300109863281,79513
2026-08-21 15:12:00,2026-08-21,15:12:00,365.7300109863281,365.8800048828125,364.5499877929688,364.8599853515625,260225
2026-08-21 15:13:00,2026-08-21,15:13:00,364.8800048828125,365.0150146484375,364.6799926757813,364.80999755859375,70306
2026-08-21 15:14:00,2026-08-21,15:14:00,364.80999755859375,364.8299865722656,364.010009765625,364.0549926757813,95885
2026-08-21 15:15:00,2026-08-21,15:15:00,364.0549926757813,364.1499938964844,363.5199890136719,363.7650146484375,175090
2026-08-21 15:16:00,2026-08-21,15:16:00,363.760009765625,363.8049926757813,363.1000061035156,363.1400146484375,107967
2026-08-21 15:17:00,2026-08-21,15:17:00,363.1099853515625,363.7099914550781,362.9200134277344,363.3800048828125,137578
2026-08-21 15:18:00,2026-08-21,15:18:00,363.4249877929688,364.1000061035156,363.3800048828125,364.0299987792969,105733
2026-08-21 15:19:00,2026-08-21,15:19:00,364.0,364.05999755859375,363.5400085449219,363.568603515625,74242
2026-08-21 15:20:00,2026-08-21,15:20:00,363.489990234375,363.6199951171875,363.239990234375,363.5700073242188,60767
2026-08-21 15:21:00,2026-08-21,15:21:00,363.5799865722656,364.5700073242188,363.5101013183594,364.2247009277344,169502
2026-08-21 15:22:00,2026-08-21,15:22:00,364.1600036621094,364.3599853515625,363.9800109863281,364.1799926757813,62418
2026-08-21 15:23:00,2026-08-21,15:23:00,364.2200012207031,364.3599853515625,364.1000061035156,364.30999755859375,63001
2026-08-21 15:24:00,2026-08-21,15:24:00,364.2900085449219,364.5700073242188,364.2699890136719,364.4750061035156,61037
2026-08-21 15:25:00,2026-08-21,15:25:00,364.4800109863281,364.8399963378906,364.3999938964844,364.6700134277344,100052
2026-08-21 15:26:00,2026-08-21,15:26:00,364.6998901367188,365.0799865722656,364.4805908203125,365.0799865722656,153284
2026-08-21 15:27:00,2026-08-21,15:27:00,365.0400085449219,365.4750061035156,364.8800964355469,365.0450134277344,163388
2026-08-21 15:28:00,2026-08-21,15:28:00,365.0450134277344,365.2099914550781,364.7799987792969,364.8200073242188,105655
2026-08-21 15:29:00,2026-08-21,15:29:00,364.8200073242188,364.8200073242188,364.1400146484375,364.1400146484375,110091
2026-08-21 15:30:00,2026-08-21,15:30:00,364.1499938964844,364.4690856933594,364.0299987792969,364.0750122070313,105618
2026-08-21 15:31:00,2026-08-21,15:31:00,364.0499877929688,365.0,363.9599914550781,364.875,139036
2026-08-21 15:32:00,2026-08-21,15:32:00,364.8699951171875,365.1900024414063,364.7999877929688,365.0199890136719,110129
2026-08-21 15:33:00,2026-08-21,15:33:00,365.0400085449219,365.2300109863281,365.0,365.2000122070313,72424
2026-08-21 15:34:00,2026-08-21,15:34:00,365.1900024414063,365.4700012207031,364.85009765625,365.1199951171875,140118
2026-08-21 15:35:00,2026-08-21,15:35:00,365.1199951171875,365.4200134277344,364.9089965820313,365.2799987792969,94003
2026-08-21 15:36:00,2026-08-21,15:36:00,365.3599853515625,365.5,365.2720031738281,365.3900146484375,91087
2026-08-21 15:37:00,2026-08-21,15:37:00,365.3999938964844,365.8200073242188,365.3200073242188,365.7799987792969,198398
2026-08-21 15:38:00,2026-08-21,15:38:00,365.7799987792969,366.3800048828125,365.6900024414063,366.3299865722656,246451
2026-08-21 15:39:00,2026-08-21,15:39:00,366.3450012207031,366.5,366.1300048828125,366.2000122070313,165698
2026-08-21 15:40:00,2026-08-21,15:40:00,366.2200012207031,366.260009765625,365.6600036621094,365.7449951171875,147284
2026-08-21 15:41:00,2026-08-21,15:41:00,365.7449951171875,365.75,365.4700012207031,365.5863952636719,185571
2026-08-21 15:42:00,2026-08-21,15:42:00,365.5950012207031,365.6400146484375,365.2300109863281,365.2699890136719,125831
2026-08-21 15:43:00,2026-08-21,15:43:00,365.2999877929688,365.33990478515625,364.4200134277344,364.7300109863281,214433
2026-08-21 15:44:00,2026-08-21,15:44:00,364.7000122070313,364.9798889160156,364.5799865722656,364.9400024414063,146016
2026-08-21 15:45:00,2026-08-21,15:45:00,364.9599914550781,365.3949890136719,364.8200073242188,365.0499877929688,164101
2026-08-21 15:46:00,2026-08-21,15:46:00,365.0499877929688,365.24951171875,364.8200073242188,365.1499938964844,147094
2026-08-21 15:47:00,2026-08-21,15:47:00,365.2000122070313,365.3299865722656,365.010009765625,365.2850036621094,98348
2026-08-21 15:48:00,2026-08-21,15:48:00,365.2898864746094,365.5,365.260009765625,365.2799987792969,107143
2026-08-21 15:49:00,2026-08-21,15:49:00,365.2950134277344,365.4800109863281,364.8699951171875,364.989990234375,139168
2026-08-21 15:50:00,2026-08-21,15:50:00,364.9500122070313,365.1499938964844,364.489990234375,364.5400085449219,169826
2026-08-21 15:51:00,2026-08-21,15:51:00,364.5499877929688,364.7300109863281,364.4400024414063,364.510009765625,158722
2026-08-21 15:52:00,2026-08-21,15:52:00,364.5,364.5499877929688,364.2000122070313,364.3200073242188,146845
2026-08-21 15:53:00,2026-08-21,15:53:00,364.2999877929688,364.4299926757813,363.9100036621094,363.93499755859375,180930
2026-08-21 15:54:00,2026-08-21,15:54:00,363.9299926757813,363.9599914550781,363.010009765625,363.0499877929688,272820
2026-08-21 15:55:00,2026-08-21,15:55:00,363.0450134277344,363.1400146484375,361.6199951171875,362.4849853515625,494395
2026-08-21 15:56:00,2026-08-21,15:56:00,362.5,363.1600036621094,362.1600036621094,363.0499877929688,321932
2026-08-21 15:57:00,2026-08-21,15:57:00,363.0350036621094,363.25,362.9299926757813,363.0549926757813,334450
2026-08-21 15:58:00,2026-08-21,15:58:00,363.0299987792969,363.4299926757813,362.9200134277344,362.9800109863281,352746
2026-08-21 15:59:00,2026-08-21,15:59:00,362.989990234375,363.1000061035156,362.4400024414063,362.8800048828125,731861
2026-08-24 09:30:00,2026-08-24,09:30:00,361.75,363.24,358.36,358.525,1670482
2026-08-24 09:31:00,2026-08-24,09:31:00,358.55,358.67,357.3,358.25,250579
2026-08-24 09:32:00,2026-08-24,09:32:00,358.2799,358.41,356.62,356.68,244474
2026-08-24 09:33:00,2026-08-24,09:33:00,356.7,356.7,355.1,355.1,216586
2026-08-24 09:34:00,2026-08-24,09:34:00,355.13,355.77,354.78,355.28,376302
2026-08-24 09:35:00,2026-08-24,09:35:00,355.15,355.4195,354.5301,354.787,264403
2026-08-24 09:36:00,2026-08-24,09:36:00,354.72,354.81,354.1701,354.63,205214
2026-08-24 09:37:00,2026-08-24,09:37:00,354.6,354.67,353.5901,353.665,193096
2026-08-24 09:38:00,2026-08-24,09:38:00,353.625,353.75,352.89,353.275,258018
2026-08-24 09:39:00,2026-08-24,09:39:00,353.265,354.0799,353.07,353.58,325071
2026-08-24 09:40:00,2026-08-24,09:40:00,354.22,354.34,353.33,354.22,199856
2026-08-24 09:41:00,2026-08-24,09:41:00,354.23,354.2799,353.39,353.6807,192233
2026-08-24 09:42:00,2026-08-24,09:42:00,353.71,353.98,353.22,353.33,175673
2026-08-24 09:43:00,2026-08-24,09:43:00,353.285,353.5188,352.975,353.1541,178479
2026-08-24 09:44:00,2026-08-24,09:44:00,353.01,353.22,352.5,352.5025,184432
2026-08-24 09:45:00,2026-08-24,09:45:00,351.86,352.8,351.58,351.86,322692
2026-08-24 09:46:00,2026-08-24,09:46:00,351.89,353.44,351.89,353.41,176388
2026-08-24 09:47:00,2026-08-24,09:47:00,353.415,353.88,353.0,353.475,169689
2026-08-24 09:48:00,2026-08-24,09:48:00,353.4201,354.37,353.4201,354.1198,195905
2026-08-24 09:49:00,2026-08-24,09:49:00,354.13,354.237,353.0701,353.153,167120
2026-08-24 09:50:00,2026-08-24,09:50:00,353.16,353.23,352.6092,353.145,198601
2026-08-24 09:51:00,2026-08-24,09:51:00,353.18,353.5,353.01,353.1,83159
2026-08-24 09:52:00,2026-08-24,09:52:00,353.0989,353.5929,352.93,352.995,97802
2026-08-24 09:53:00,2026-08-24,09:53:00,352.96,353.2549,352.43,352.9829,126983
2026-08-24 09:54:00,2026-08-24,09:54:00,353.055,353.33,352.7308,353.11,76749
2026-08-24 09:55:00,2026-08-24,09:55:00,353.12,353.6,352.98,353.425,96212
2026-08-24 09:56:00,2026-08-24,09:56:00,353.42,353.87,353.1092,353.7225,100320
2026-08-24 09:57:00,2026-08-24,09:57:00,353.725,354.16,353.56,353.94,90829
2026-08-24 09:58:00,2026-08-24,09:58:00,353.94,354.26,353.92,354.075,82548
2026-08-24 09:59:00,2026-08-24,09:59:00,354.08,354.42,353.82,353.99,134970
2026-08-24 10:00:00,2026-08-24,10:00:00,353.635,354.0893,353.4505,353.635,99523
2026-08-24 10:01:00,2026-08-24,10:01:00,353.5,353.84,353.2,353.7425,115802
2026-08-24 10:02:00,2026-08-24,10:02:00,353.74,353.8025,352.61,352.77,127533
2026-08-24 10:03:00,2026-08-24,10:03:00,353.15,353.25,352.62,353.15,99378
2026-08-24 10:04:00,2026-08-24,10:04:00,353.17,353.68,352.98,353.405,70844
2026-08-24 10:05:00,2026-08-24,10:05:00,353.405,353.7499,353.21,353.6562,66457
2026-08-24 10:06:00,2026-08-24,10:06:00,353.695,354.0899,353.41,353.7401,69726
2026-08-24 10:07:00,2026-08-24,10:07:00,353.73,354.5,353.71,354.11,158172
2026-08-24 10:08:00,2026-08-24,10:08:00,354.13,354.25,353.8209,354.152,79488
2026-08-24 10:09:00,2026-08-24,10:09:00,354.086,354.27,353.7,353.7725,98204
2026-08-24 10:10:00,2026-08-24,10:10:00,353.7999,354.2399,353.44,354.0601,98676
2026-08-24 10:11:00,2026-08-24,10:11:00,354.28,354.31,353.79,353.995,70581
2026-08-24 10:12:00,2026-08-24,10:12:00,354.05,354.425,353.97,354.37,109111
2026-08-24 10:13:00,2026-08-24,10:13:00,354.33,354.3899,354.0401,354.195,42579
2026-08-24 10:14:00,2026-08-24,10:14:00,354.22,354.48,353.75,353.84,103735
2026-08-24 10:15:00,2026-08-24,10:15:00,353.8421,354.15,353.51,354.0,102103
2026-08-24 10:16:00,2026-08-24,10:16:00,354.055,354.71,353.8697,354.15,103813
2026-08-24 10:17:00,2026-08-24,10:17:00,354.115,354.2499,353.8,353.9,8718582
2026-08-24 10:18:00,2026-08-24,10:18:00,353.885,354.35,353.71,354.29,70658
2026-08-24 10:19:00,2026-08-24,10:19:00,354.32,354.4,353.9515,354.21,58326
2026-08-24 10:20:00,2026-08-24,10:20:00,354.21,354.75,354.2,354.73,76892
2026-08-24 10:21:00,2026-08-24,10:21:00,354.7437,354.99,354.3126,354.92,115597
2026-08-24 10:22:00,2026-08-24,10:22:00,354.52,355.03,354.46,354.52,9167291
2026-08-24 10:23:00,2026-08-24,10:23:00,354.545,354.81,354.23,354.5377,99826
2026-08-24 10:24:00,2026-08-24,10:24:00,354.535,354.6799,354.03,354.37,67691
2026-08-24 10:25:00,2026-08-24,10:25:00,354.3226,354.39,353.7,353.88,80935
2026-08-24 10:26:00,2026-08-24,10:26:00,353.85,354.2099,353.52,353.95,94136
2026-08-24 10:27:00,2026-08-24,10:27:00,353.94,354.4532,353.8101,353.86,64519
2026-08-24 10:28:00,2026-08-24,10:28:00,353.855,354.71,353.8101,354.6412,68230
2026-08-24 10:29:00,2026-08-24,10:29:00,354.635,354.72,354.2717,354.43,45137
2026-08-24 10:30:00,2026-08-24,10:30:00,354.4248,354.7905,354.16,354.61,54152
2026-08-24 10:31:00,2026-08-24,10:31:00,354.675,355.2499,354.5,355.185,100375
2026-08-24 10:32:00,2026-08-24,10:32:00,355.175,355.68,355.07,355.475,143134
2026-08-24 10:33:00,2026-08-24,10:33:00,355.52,356.34,355.51,356.095,204061
2026-08-24 10:34:00,2026-08-24,10:34:00,356.11,356.84,356.095,356.8001,160984
2026-08-24 10:35:00,2026-08-24,10:35:00,356.8299,356.9899,356.66,356.9139,147491
2026-08-24 10:36:00,2026-08-24,10:36:00,356.92,357.6431,356.77,357.6431,210237
2026-08-24 10:37:00,2026-08-24,10:37:00,357.595,358.07,357.595,358.04,211526
2026-08-24 10:38:00,2026-08-24,10:38:00,358.04,358.06,357.65,357.912,213230
2026-08-24 10:39:00,2026-08-24,10:39:00,357.9015,358.05,357.6,357.785,110828
2026-08-24 10:40:00,2026-08-24,10:40:00,357.785,358.0,357.6,357.65,96262
2026-08-24 10:41:00,2026-08-24,10:41:00,357.64,358.13,357.61,357.9225,108095
2026-08-24 10:42:00,2026-08-24,10:42:00,357.922,358.0,357.4,357.545,86786
2026-08-24 10:43:00,2026-08-24,10:43:00,357.548,358.14,357.545,357.78,138819
2026-08-24 10:44:00,2026-08-24,10:44:00,357.765,358.32,357.75,358.27,120969
2026-08-24 10:45:00,2026-08-24,10:45:00,358.23,358.4,357.8512,358.1399,115845
2026-08-24 10:46:00,2026-08-24,10:46:00,358.14,358.18,356.7484,357.0701,182396
2026-08-24 10:47:00,2026-08-24,10:47:00,357.075,357.56,357.03,357.48,88471
2026-08-24 10:48:00,2026-08-24,10:48:00,357.475,357.99,357.3516,357.76,59803
2026-08-24 10:49:00,2026-08-24,10:49:00,357.715,357.86,357.54,357.79,58115
2026-08-24 10:50:00,2026-08-24,10:50:00,357.81,357.87,357.44,357.5801,57052
2026-08-24 10:51:00,2026-08-24,10:51:00,357.65,357.69,357.14,357.33,61204
2026-08-24 10:52:00,2026-08-24,10:52:00,357.27,357.96,357.27,357.7,55073
2026-08-24 10:53:00,2026-08-24,10:53:00,357.74,357.83,357.51,357.67,41971
2026-08-24 10:54:00,2026-08-24,10:54:00,357.6801,358.2199,357.54,358.0,84959
2026-08-24 10:55:00,2026-08-24,10:55:00,358.01,358.3499,357.8,358.34,70893
2026-08-24 10:56:00,2026-08-24,10:56:00,358.24,358.65,358.2201,358.49,104348
2026-08-24 10:57:00,2026-08-24,10:57:00,358.44,358.67,358.2,358.27,117528
2026-08-24 10:58:00,2026-08-24,10:58:00,358.24,358.54,358.08,358.2,88248
2026-08-24 10:59:00,2026-08-24,10:59:00,358.0805,358.32,357.9405,358.0805,13068008
2026-08-24 11:00:00,2026-08-24,11:00:00,358.105,358.27,357.42,357.66,154899
2026-08-24 11:01:00,2026-08-24,11:01:00,357.64,358.0706,357.51,357.98,73401
2026-08-24 11:02:00,2026-08-24,11:02:00,358.0,358.47,357.88,358.415,73636
2026-08-24 11:03:00,2026-08-24,11:03:00,358.405,358.7,358.24,358.285,13451072
2026-08-24 11:04:00,2026-08-24,11:04:00,358.24,358.4,357.9,357.9,78804
2026-08-24 11:05:00,2026-08-24,11:05:00,357.455,358.0,357.35,357.455,13596636
2026-08-24 11:06:00,2026-08-24,11:06:00,357.4,358.13,357.15,358.13,100408
2026-08-24 11:07:00,2026-08-24,11:07:00,358.13,358.24,357.8301,358.0189,81649
2026-08-24 11:08:00,2026-08-24,11:08:00,357.97,358.05,357.6701,357.846,32380
2026-08-24 11:09:00,2026-08-24,11:09:00,357.865,357.98,357.38,357.38,73845
2026-08-24 11:10:00,2026-08-24,11:10:00,357.33,357.6099,356.93,357.4101,80486
2026-08-24 11:11:00,2026-08-24,11:11:00,357.55,357.9655,357.25,357.8696,52933
2026-08-24 11:12:00,2026-08-24,11:12:00,357.89,358.09,357.6625,357.98,49434
2026-08-24 11:13:00,2026-08-24,11:13:00,357.97,358.5,357.97,358.04,92430
2026-08-24 11:14:00,2026-08-24,11:14:00,358.03,358.185,357.89,358.095,52126
2026-08-24 11:15:00,2026-08-24,11:15:00,358.095,358.29,357.7685,357.8501,49872
2026-08-24 11:16:00,2026-08-24,11:16:00,357.85,358.1744,357.81,357.97,37105
2026-08-24 11:17:00,2026-08-24,11:17:00,357.9894,358.18,357.92,357.95,36754
2026-08-24 11:18:00,2026-08-24,11:18:00,358.0,358.16,357.9201,358.1,30973
2026-08-24 11:19:00,2026-08-24,11:19:00,358.105,358.18,357.8,357.93,37818
2026-08-24 11:20:00,2026-08-24,11:20:00,357.99,358.03,357.09,357.27,80237
2026-08-24 11:21:00,2026-08-24,11:21:00,357.36,357.61,356.9,357.515,72447
2026-08-24 11:22:00,2026-08-24,11:22:00,357.57,357.8536,357.39,357.81,121518
2026-08-24 11:23:00,2026-08-24,11:23:00,357.835,358.22,357.83,358.04,100283
2026-08-24 11:24:00,2026-08-24,11:24:00,358.0605,358.11,357.5001,357.635,44947
2026-08-24 11:25:00,2026-08-24,11:25:00,357.655,357.93,357.57,357.65,28472
2026-08-24 11:26:00,2026-08-24,11:26:00,357.65,357.7599,357.52,357.66,20792
2026-08-24 11:27:00,2026-08-24,11:27:00,357.66,357.94,356.88,357.12,189534
2026-08-24 11:28:00,2026-08-24,11:28:00,357.13,357.52,356.99,357.38,61149
2026-08-24 11:29:00,2026-08-24,11:29:00,357.32,357.91,357.32,357.41,77904
2026-08-24 11:30:00,2026-08-24,11:30:00,357.5199,357.6,357.07,357.365,71275
2026-08-24 11:31:00,2026-08-24,11:31:00,357.365,357.4,356.57,356.7643,97513
2026-08-24 11:32:00,2026-08-24,11:32:00,356.8457,356.98,356.5488,356.77,70897
2026-08-24 11:33:00,2026-08-24,11:33:00,357.055,357.12,356.42,357.055,87707
2026-08-24 11:34:00,2026-08-24,11:34:00,357.02,357.2,356.8,356.87,55008
2026-08-24 11:35:00,2026-08-24,11:35:00,356.98,356.98,356.31,356.36,77675
2026-08-24 11:36:00,2026-08-24,11:36:00,356.36,356.47,355.95,356.09,80789
2026-08-24 11:37:00,2026-08-24,11:37:00,356.09,356.35,355.8,356.06,115646
2026-08-24 11:38:00,2026-08-24,11:38:00,356.08,356.3499,355.95,356.18,54021
2026-08-24 11:39:00,2026-08-24,11:39:00,356.185,356.638,356.132,356.615,49253
2026-08-24 11:40:00,2026-08-24,11:40:00,356.615,357.13,356.59,357.02,106590
2026-08-24 11:41:00,2026-08-24,11:41:00,357.02,357.25,356.72,357.16,139049
2026-08-24 11:42:00,2026-08-24,11:42:00,357.09,357.44,356.98,357.404,77359
2026-08-24 11:43:00,2026-08-24,11:43:00,357.45,357.51,357.1,357.1,74607
2026-08-24 11:44:00,2026-08-24,11:44:00,357.1,357.5,357.0,357.44,34176
2026-08-24 11:45:00,2026-08-24,11:45:00,357.3801,358.24,357.38,358.07,106195
2026-08-24 11:46:00,2026-08-24,11:46:00,357.8152,358.18,357.7105,357.8152,60047
2026-08-24 11:47:00,2026-08-24,11:47:00,357.79,358.14,357.765,357.99,66311
2026-08-24 11:48:00,2026-08-24,11:48:00,357.94,358.08,357.35,357.35,56757
2026-08-24 11:49:00,2026-08-24,11:49:00,357.31,357.3199,356.67,356.68,69215
2026-08-24 11:50:00,2026-08-24,11:50:00,356.68,356.8299,356.4,356.69,69257
2026-08-24 11:51:00,2026-08-24,11:51:00,356.64,356.78,356.29,356.705,48850
2026-08-24 11:52:00,2026-08-24,11:52:00,356.705,356.97,356.5509,356.77,44655
2026-08-24 11:53:00,2026-08-24,11:53:00,357.095,357.0999,356.6739,357.095,16945094
2026-08-24 11:54:00,2026-08-24,11:54:00,357.095,357.095,356.5875,356.5875,46532
2026-08-24 11:55:00,2026-08-24,11:55:00,356.55,356.61,356.18,356.47,55175
2026-08-24 11:56:00,2026-08-24,11:56:00,356.4814,356.5299,356.1201,356.26,37541
2026-08-24 11:57:00,2026-08-24,11:57:00,356.29,356.29,355.68,355.805,95423
2026-08-24 11:58:00,2026-08-24,11:58:00,355.77,355.8099,355.42,355.72,67515
2026-08-24 11:59:00,2026-08-24,11:59:00,355.7,356.14,355.67,356.0722,77279
2026-08-24 12:00:00,2026-08-24,12:00:00,356.095,356.28,355.65,355.65,54169
2026-08-24 12:01:00,2026-08-24,12:01:00,355.64,355.9512,355.51,355.8,50507
2026-08-24 12:02:00,2026-08-24,12:02:00,355.8796,356.07,355.63,355.8796,56947
2026-08-24 12:03:00,2026-08-24,12:03:00,355.88,356.13,355.7101,355.9,39435
2026-08-24 12:04:00,2026-08-24,12:04:00,355.84,356.13,355.83,355.94,28260
2026-08-24 12:05:00,2026-08-24,12:05:00,355.97,356.24,355.88,356.07,166916
2026-08-24 12:06:00,2026-08-24,12:06:00,356.02,356.02,355.69,355.8101,46738
2026-08-24 12:07:00,2026-08-24,12:07:00,355.7948,355.84,355.6201,355.795,36280
2026-08-24 12:08:00,2026-08-24,12:08:00,355.795,356.07,355.75,355.985,25486
2026-08-24 12:09:00,2026-08-24,12:09:00,356.02,356.15,355.95,355.985,18993
2026-08-24 12:10:00,2026-08-24,12:10:00,355.9775,356.19,355.81,356.065,38274
2026-08-24 12:11:00,2026-08-24,12:11:00,356.03,356.26,356.0,356.06,29728
2026-08-24 12:12:00,2026-08-24,12:12:00,356.06,356.136,355.84,356.04,17525
2026-08-24 12:13:00,2026-08-24,12:13:00,355.99,356.25,355.955,356.08,48479
2026-08-24 12:14:00,2026-08-24,12:14:00,356.08,356.1,355.9101,356.01,25669
2026-08-24 12:15:00,2026-08-24,12:15:00,355.96,356.68,355.96,356.5,66177
2026-08-24 12:16:00,2026-08-24,12:16:00,356.49,356.7425,356.28,356.615,74870
2026-08-24 12:17:00,2026-08-24,12:17:00,356.6,356.8,356.45,356.45,53862
2026-08-24 12:18:00,2026-08-24,12:18:00,356.505,356.75,356.44,356.64,40713
2026-08-24 12:19:00,2026-08-24,12:19:00,356.595,356.7899,356.55,356.6147,41570
2026-08-24 12:20:00,2026-08-24,12:20:00,356.6,356.84,356.56,356.675,45740
2026-08-24 12:21:00,2026-08-24,12:21:00,356.6634,356.95,356.6634,356.94,38004
2026-08-24 12:22:00,2026-08-24,12:22:00,356.935,357.1899,356.6611,356.7172,47779
2026-08-24 12:23:00,2026-08-24,12:23:00,356.675,356.74,356.43,356.6796,43450
2026-08-24 12:24:00,2026-08-24,12:24:00,356.68,356.77,356.58,356.68,29341
2026-08-24 12:25:00,2026-08-24,12:25:00,356.69,356.81,356.59,356.765,19260
2026-08-24 12:26:00,2026-08-24,12:26:00,356.79,357.25,356.6401,357.1301,39820
2026-08-24 12:27:00,2026-08-24,12:27:00,357.14,357.28,356.97,356.975,64074
2026-08-24 12:28:00,2026-08-24,12:28:00,356.975,357.15,356.8917,357.075,35278
2026-08-24 12:29:00,2026-08-24,12:29:00,357.03,357.085,356.85,356.975,25187
2026-08-24 12:30:00,2026-08-24,12:30:00,357.0,357.13,356.83,357.0,35895
2026-08-24 12:31:00,2026-08-24,12:31:00,356.93,356.93,356.41,356.79,86220
2026-08-24 12:32:00,2026-08-24,12:32:00,356.745,356.9,356.62,356.8,31237
2026-08-24 12:33:00,2026-08-24,12:33:00,356.7806,356.9,356.7,356.865,24204
2026-08-24 12:34:00,2026-08-24,12:34:00,356.84,356.95,356.73,356.749,26380
2026-08-24 12:35:00,2026-08-24,12:35:00,356.7,356.7447,356.34,356.3407,37809
2026-08-24 12:36:00,2026-08-24,12:36:00,356.38,356.57,356.22,356.375,69367
2026-08-24 12:37:00,2026-08-24,12:37:00,356.4175,356.5,356.03,356.083,50580
2026-08-24 12:38:00,2026-08-24,12:38:00,356.06,356.07,355.2655,355.445,127465
2026-08-24 12:39:00,2026-08-24,12:39:00,355.445,355.58,355.1,355.352,89730
2026-08-24 12:40:00,2026-08-24,12:40:00,355.305,355.3499,354.87,354.91,110133
2026-08-24 12:41:00,2026-08-24,12:41:00,354.89,355.1199,354.6287,355.04,75647
2026-08-24 12:42:00,2026-08-24,12:42:00,355.1,355.19,354.98,355.04,48453
2026-08-24 12:43:00,2026-08-24,12:43:00,355.0,355.13,354.84,354.88,38910
2026-08-24 12:44:00,2026-08-24,12:44:00,354.87,355.05,354.73,354.82,64391
2026-08-24 12:45:00,2026-08-24,12:45:00,354.9,354.96,354.81,354.9,42773
2026-08-24 12:46:00,2026-08-24,12:46:00,354.95,355.02,354.75,354.76,38830
2026-08-24 12:47:00,2026-08-24,12:47:00,354.8,355.27,354.68,355.045,87651
2026-08-24 12:48:00,2026-08-24,12:48:00,355.02,355.11,354.81,354.86,45467
2026-08-24 12:49:00,2026-08-24,12:49:00,355.0,355.03,354.75,355.0,34268
2026-08-24 12:50:00,2026-08-24,12:50:00,355.0288,355.05,354.8,354.88,24372
2026-08-24 12:51:00,2026-08-24,12:51:00,354.83,354.92,354.56,354.61,85058
2026-08-24 12:52:00,2026-08-24,12:52:00,354.67,354.93,354.6,354.765,36498
2026-08-24 12:53:00,2026-08-24,12:53:00,354.809,354.8999,354.74,354.8,21699
2026-08-24 12:54:00,2026-08-24,12:54:00,354.8,354.83,354.65,354.76,29879
2026-08-24 12:55:00,2026-08-24,12:55:00,354.7,354.7699,354.4601,354.57,89409
2026-08-24 12:56:00,2026-08-24,12:56:00,354.58,354.88,354.35,354.82,85980
2026-08-24 12:57:00,2026-08-24,12:57:00,354.85,355.0506,354.7501,354.805,20292484
2026-08-24 12:58:00,2026-08-24,12:58:00,354.77,355.1,354.77,354.9,42073
2026-08-24 12:59:00,2026-08-24,12:59:00,354.93,355.16,354.85,355.13,45988
2026-08-24 13:00:00,2026-08-24,13:00:00,355.1,355.1,355.1,355.1,40285
2026-08-24 13:01:00,2026-08-24,13:01:00,355.06,355.15,354.8,354.9101,47662
2026-08-24 13:02:00,2026-08-24,13:02:00,354.92,355.04,354.752,354.7866,33597
2026-08-24 13:03:00,2026-08-24,13:03:00,354.84,355.21,354.8398,355.195,23095
2026-08-24 13:04:00,2026-08-24,13:04:00,355.21,355.43,355.0401,355.2883,56073
2026-08-24 13:05:00,2026-08-24,13:05:00,355.3135,355.417,355.13,355.3068,57641
2026-08-24 13:06:00,2026-08-24,13:06:00,355.38,355.57,355.28,355.5399,64771
2026-08-24 13:07:00,2026-08-24,13:07:00,355.5,355.94,355.5,355.9299,89567
2026-08-24 13:08:00,2026-08-24,13:08:00,355.9,356.05,355.8,355.91,77588
2026-08-24 13:09:00,2026-08-24,13:09:00,355.88,356.03,355.7,355.96,43542
2026-08-24 13:10:00,2026-08-24,13:10:00,355.92,356.1,355.74,355.825,50253
2026-08-24 13:11:00,2026-08-24,13:11:00,355.834,356.1,355.7401,356.057,38742
2026-08-24 13:12:00,2026-08-24,13:12:00,356.07,356.3,355.97,356.275,61207
2026-08-24 13:13:00,2026-08-24,13:13:00,356.27,356.35,356.1,356.155,35661
2026-08-24 13:14:00,2026-08-24,13:14:00,356.15,356.15,355.91,356.06,47879
2026-08-24 13:15:00,2026-08-24,13:15:00,356.02,356.0699,355.82,355.87,50286
2026-08-24 13:16:00,2026-08-24,13:16:00,355.83,355.9225,355.3,355.76,64004
2026-08-24 13:17:00,2026-08-24,13:17:00,355.87,356.29,355.827,356.2015,48255
2026-08-24 13:18:00,2026-08-24,13:18:00,356.18,356.2899,355.94,356.23,49031
2026-08-24 13:19:00,2026-08-24,13:19:00,356.19,356.34,355.93,355.93,50795
2026-08-24 13:20:00,2026-08-24,13:20:00,355.96,356.5495,355.8878,356.13,88291
2026-08-24 13:21:00,2026-08-24,13:21:00,356.1317,356.25,355.89,356.11,60751
2026-08-24 13:22:00,2026-08-24,13:22:00,356.11,356.3,356.037,356.19,42714
2026-08-24 13:23:00,2026-08-24,13:23:00,356.11,356.4,356.01,356.3083,26896
2026-08-24 13:24:00,2026-08-24,13:24:00,356.265,356.43,356.04,356.06,21673688
2026-08-24 13:25:00,2026-08-24,13:25:00,356.15,356.1599,355.65,356.025,53220
2026-08-24 13:26:00,2026-08-24,13:26:00,356.025,356.38,356.0,356.29,48433
2026-08-24 13:27:00,2026-08-24,13:27:00,356.24,356.72,356.15,356.6,64315
2026-08-24 13:28:00,2026-08-24,13:28:00,356.6,356.94,356.55,356.73,80285
2026-08-24 13:29:00,2026-08-24,13:29:00,356.7,356.8,356.4701,356.58,47647
2026-08-24 13:30:00,2026-08-24,13:30:00,356.58,356.79,356.46,356.74,43317
2026-08-24 13:31:00,2026-08-24,13:31:00,356.73,356.745,356.35,356.45,35892
2026-08-24 13:32:00,2026-08-24,13:32:00,356.45,356.56,355.91,355.99,60831
2026-08-24 13:33:00,2026-08-24,13:33:00,355.945,356.03,355.45,355.625,104690
2026-08-24 13:34:00,2026-08-24,13:34:00,355.66,355.66,355.18,355.2078,66939
2026-08-24 13:35:00,2026-08-24,13:35:00,355.235,355.43,355.06,355.215,53190
2026-08-24 13:36:00,2026-08-24,13:36:00,355.215,355.72,355.2001,355.54,51770
2026-08-24 13:37:00,2026-08-24,13:37:00,355.55,355.62,355.4,355.49,36965
2026-08-24 13:38:00,2026-08-24,13:38:00,355.42,355.72,355.26,355.26,49447
2026-08-24 13:39:00,2026-08-24,13:39:00,355.29,355.51,355.22,355.51,31445
2026-08-24 13:40:00,2026-08-24,13:40:00,355.465,355.52,355.04,355.0595,33332
2026-08-24 13:41:00,2026-08-24,13:41:00,355.03,355.0783,354.76,355.015,80791
2026-08-24 13:42:00,2026-08-24,13:42:00,355.015,355.0957,354.77,354.8,31218
2026-08-24 13:43:00,2026-08-24,13:43:00,354.8199,354.97,354.68,354.81,43093
2026-08-24 13:44:00,2026-08-24,13:44:00,354.815,354.95,354.7475,354.7754,21652
2026-08-24 13:45:00,2026-08-24,13:45:00,354.74,354.8899,354.58,354.625,42176
2026-08-24 13:46:00,2026-08-24,13:46:00,354.65,354.69,354.19,354.215,95798
2026-08-24 13:47:00,2026-08-24,13:47:00,354.2,354.34,354.12,354.2,71644
2026-08-24 13:48:00,2026-08-24,13:48:00,354.2,354.4,354.09,354.11,55868
2026-08-24 13:49:00,2026-08-24,13:49:00,354.135,354.25,353.8801,353.99,90587
2026-08-24 13:50:00,2026-08-24,13:50:00,353.97,354.22,353.82,354.2,63714
2026-08-24 13:51:00,2026-08-24,13:51:00,354.185,354.29,353.9586,354.06,62062
2026-08-24 13:52:00,2026-08-24,13:52:00,354.09,354.13,353.7985,353.81,66183
2026-08-24 13:53:00,2026-08-24,13:53:00,353.83,354.02,353.64,353.68,74506
2026-08-24 13:54:00,2026-08-24,13:54:00,353.69,353.79,353.5201,353.74,96230
2026-08-24 13:55:00,2026-08-24,13:55:00,353.76,353.88,353.67,353.76,64369
2026-08-24 13:56:00,2026-08-24,13:56:00,353.8084,353.93,353.67,353.73,42871
2026-08-24 13:57:00,2026-08-24,13:57:00,353.705,354.07,353.6801,353.84,52866
2026-08-24 13:58:00,2026-08-24,13:58:00,353.8613,354.0,353.8,353.965,49152
2026-08-24 13:59:00,2026-08-24,13:59:00,353.972,353.972,353.8,353.87,40516
2026-08-24 14:00:00,2026-08-24,14:00:00,353.87,353.96,353.8,353.855,37823
2026-08-24 14:01:00,2026-08-24,14:01:00,353.855,354.0,353.73,353.9599,23758615
2026-08-24 14:02:00,2026-08-24,14:02:00,354.048,354.245,353.92,354.048,65703
2026-08-24 14:03:00,2026-08-24,14:03:00,354.01,354.1311,353.9076,354.0212,29638
2026-08-24 14:04:00,2026-08-24,14:04:00,354.045,354.045,353.8001,353.99,27286
2026-08-24 14:05:00,2026-08-24,14:05:00,353.99,354.34,353.9826,354.3399,66783
2026-08-24 14:06:00,2026-08-24,14:06:00,354.32,354.5,354.23,354.3999,51537
2026-08-24 14:07:00,2026-08-24,14:07:00,354.365,354.66,354.31,354.4208,56262
2026-08-24 14:08:00,2026-08-24,14:08:00,354.46,354.5,354.28,354.42,29430
2026-08-24 14:09:00,2026-08-24,14:09:00,354.46,354.7,354.38,354.59,41776
2026-08-24 14:10:00,2026-08-24,14:10:00,354.5801,354.64,354.15,354.255,58490
2026-08-24 14:11:00,2026-08-24,14:11:00,354.255,354.5599,354.18,354.415,31086
2026-08-24 14:12:00,2026-08-24,14:12:00,354.425,354.4799,354.2,354.26,41165
2026-08-24 14:13:00,2026-08-24,14:13:00,354.26,354.4799,354.2,354.3796,24739
2026-08-24 14:14:00,2026-08-24,14:14:00,354.47,354.57,354.29,354.37,29541
2026-08-24 14:15:00,2026-08-24,14:15:00,354.34,354.6,354.34,354.37,30014
2026-08-24 14:16:00,2026-08-24,14:16:00,354.35,354.47,354.23,354.295,44377
2026-08-24 14:17:00,2026-08-24,14:17:00,354.26,354.26,353.93,354.07,66653
2026-08-24 14:18:00,2026-08-24,14:18:00,354.13,354.18,353.44,353.53,81131
2026-08-24 14:19:00,2026-08-24,14:19:00,353.57,353.6,353.33,353.355,51515
2026-08-24 14:20:00,2026-08-24,14:20:00,353.355,353.4099,353.05,353.13,89119
2026-08-24 14:21:00,2026-08-24,14:21:00,353.17,353.5599,353.16,353.5265,41639
2026-08-24 14:22:00,2026-08-24,14:22:00,353.5498,353.85,353.44,353.44,75203
2026-08-24 14:23:00,2026-08-24,14:23:00,353.5014,353.5014,353.14,353.24,39770
2026-08-24 14:24:00,2026-08-24,14:24:00,353.29,353.39,353.12,353.15,28106
2026-08-24 14:25:00,2026-08-24,14:25:00,353.145,353.2499,352.87,352.92,65504
2026-08-24 14:26:00,2026-08-24,14:26:00,352.92,353.07,352.9,353.03,72155
2026-08-24 14:27:00,2026-08-24,14:27:00,353.03,353.19,352.75,352.77,52536
2026-08-24 14:28:00,2026-08-24,14:28:00,352.8,353.13,352.73,353.08,40233
2026-08-24 14:29:00,2026-08-24,14:29:00,353.09,353.2,353.0,353.1668,38112
2026-08-24 14:30:00,2026-08-24,14:30:00,353.14,353.19,352.97,353.055,56207
2026-08-24 14:31:00,2026-08-24,14:31:00,353.055,353.32,353.01,353.2634,46353
2026-08-24 14:32:00,2026-08-24,14:32:00,353.2498,353.49,353.23,353.4248,51432
2026-08-24 14:33:00,2026-08-24,14:33:00,353.48,353.57,353.17,353.27,81015
2026-08-24 14:34:00,2026-08-24,14:34:00,353.3,353.3,352.93,353.065,46704
2026-08-24 14:35:00,2026-08-24,14:35:00,353.065,353.18,352.72,352.93,44275
2026-08-24 14:36:00,2026-08-24,14:36:00,352.885,352.96,352.56,352.64,56556
2026-08-24 14:37:00,2026-08-24,14:37:00,352.62,352.7662,352.58,352.66,40437
2026-08-24 14:38:00,2026-08-24,14:38:00,352.7594,352.96,352.61,352.885,37717
2026-08-24 14:39:00,2026-08-24,14:39:00,352.885,352.9,352.6884,352.8,27399
2026-08-24 14:40:00,2026-08-24,14:40:00,352.82,352.9,352.7,352.855,33504
2026-08-24 14:41:00,2026-08-24,14:41:00,352.8999,352.905,352.695,352.895,33828
2026-08-24 14:42:00,2026-08-24,14:42:00,352.895,352.925,352.62,352.6682,29673
2026-08-24 14:43:00,2026-08-24,14:43:00,352.64,352.75,352.45,352.7,48362
2026-08-24 14:44:00,2026-08-24,14:44:00,352.7099,352.72,352.4699,352.62,38798
2026-08-24 14:45:00,2026-08-24,14:45:00,352.63,352.75,352.19,352.24,68950
2026-08-24 14:46:00,2026-08-24,14:46:00,352.18,352.24,351.82,351.883,125586
2026-08-24 14:47:00,2026-08-24,14:47:00,351.89,351.9899,351.42,351.5718,179926
2026-08-24 14:48:00,2026-08-24,14:48:00,351.57,351.6099,351.3,351.48,71240
2026-08-24 14:49:00,2026-08-24,14:49:00,351.4977,351.66,351.3,351.3,73906
2026-08-24 14:50:00,2026-08-24,14:50:00,351.31,351.44,351.14,351.25,79873
2026-08-24 14:51:00,2026-08-24,14:51:00,351.23,351.36,351.05,351.0851,66261
2026-08-24 14:52:00,2026-08-24,14:52:00,351.07,351.12,350.37,350.55,190338
2026-08-24 14:53:00,2026-08-24,14:53:00,350.54,350.76,350.25,350.26,84516
2026-08-24 14:54:00,2026-08-24,14:54:00,350.255,350.38,350.07,350.11,136714
2026-08-24 14:55:00,2026-08-24,14:55:00,350.11,350.14,349.76,349.84,389318
2026-08-24 14:56:00,2026-08-24,14:56:00,349.83,349.9376,349.52,349.54,114918
2026-08-24 14:57:00,2026-08-24,14:57:00,349.54,349.54,348.83,348.94,190409
2026-08-24 14:58:00,2026-08-24,14:58:00,348.955,349.01,348.6201,348.835,173967
2026-08-24 14:59:00,2026-08-24,14:59:00,348.88,348.905,348.6,348.749,96697
2026-08-24 15:00:00,2026-08-24,15:00:00,348.74,348.9,348.42,348.51,137318
2026-08-24 15:01:00,2026-08-24,15:01:00,348.5339,349.15,348.3314,349.04,186099
2026-08-24 15:02:00,2026-08-24,15:02:00,349.1099,349.1199,348.7051,348.77,116583
2026-08-24 15:03:00,2026-08-24,15:03:00,348.77,348.776,348.32,348.42,103107
2026-08-24 15:04:00,2026-08-24,15:04:00,348.425,348.5961,348.26,348.48,95131
2026-08-24 15:05:00,2026-08-24,15:05:00,348.52,348.87,348.48,348.81,89939
2026-08-24 15:06:00,2026-08-24,15:06:00,348.78,349.11,348.66,349.035,89319
2026-08-24 15:07:00,2026-08-24,15:07:00,349.08,349.5,348.95,349.2044,164574
2026-08-24 15:08:00,2026-08-24,15:08:00,349.21,349.21,348.81,349.105,66764
2026-08-24 15:09:00,2026-08-24,15:09:00,349.105,349.4892,349.1,349.39,87430
2026-08-24 15:10:00,2026-08-24,15:10:00,349.33,349.55,349.14,349.34,74980
2026-08-24 15:11:00,2026-08-24,15:11:00,349.33,350.5974,349.28,350.54,171970
2026-08-24 15:12:00,2026-08-24,15:12:00,350.54,350.8,350.11,350.12,167857
2026-08-24 15:13:00,2026-08-24,15:13:00,350.11,350.16,349.521,349.59,118099
2026-08-24 15:14:00,2026-08-24,15:14:00,349.65,349.86,349.3821,349.73,86328
2026-08-24 15:15:00,2026-08-24,15:15:00,349.61,349.71,349.3,349.37,66429
2026-08-24 15:16:00,2026-08-24,15:16:00,349.35,349.6499,349.3,349.6,57278
2026-08-24 15:17:00,2026-08-24,15:17:00,349.6,350.08,349.6,350.05,64782
2026-08-24 15:18:00,2026-08-24,15:18:00,350.1,350.47,350.0,350.385,70301
2026-08-24 15:19:00,2026-08-24,15:19:00,350.3521,350.54,350.23,350.3,73740
2026-08-24 15:20:00,2026-08-24,15:20:00,350.26,350.4,349.91,350.215,91019
2026-08-24 15:21:00,2026-08-24,15:21:00,350.215,350.5899,350.17,350.485,64541
2026-08-24 15:22:00,2026-08-24,15:22:00,350.475,350.57,350.3005,350.41,71727
2026-08-24 15:23:00,2026-08-24,15:23:00,350.41,350.73,350.4,350.537,56198
2026-08-24 15:24:00,2026-08-24,15:24:00,350.57,350.7,350.47,350.53,44672
2026-08-24 15:25:00,2026-08-24,15:25:00,350.51,350.78,350.4001,350.6,68618
2026-08-24 15:26:00,2026-08-24,15:26:00,350.56,350.78,350.56,350.755,47521
2026-08-24 15:27:00,2026-08-24,15:27:00,350.73,351.0974,350.69,350.97,126870
2026-08-24 15:28:00,2026-08-24,15:28:00,350.97,351.19,350.94,351.1799,103766
2026-08-24 15:29:00,2026-08-24,15:29:00,351.155,351.2799,351.0,351.14,81491
2026-08-24 15:30:00,2026-08-24,15:30:00,351.18,351.5999,351.06,351.5312,114918
2026-08-24 15:31:00,2026-08-24,15:31:00,351.56,351.63,351.23,351.345,95206
2026-08-24 15:32:00,2026-08-24,15:32:00,351.345,351.45,350.41,350.5101,135658
2026-08-24 15:33:00,2026-08-24,15:33:00,350.53,350.9299,350.49,350.8983,82428
2026-08-24 15:34:00,2026-08-24,15:34:00,350.93,351.029,350.51,350.57,64660
2026-08-24 15:35:00,2026-08-24,15:35:00,350.29,350.65,350.27,350.29,103552
2026-08-24 15:36:00,2026-08-24,15:36:00,350.31,350.37,349.92,349.97,120972
2026-08-24 15:37:00,2026-08-24,15:37:00,349.97,350.0254,349.61,349.76,115198
2026-08-24 15:38:00,2026-08-24,15:38:00,349.79,349.93,349.64,349.73,85445
2026-08-24 15:39:00,2026-08-24,15:39:00,349.685,349.83,349.5801,349.64,65618
2026-08-24 15:40:00,2026-08-24,15:40:00,349.67,349.9,349.64,349.78,89323
2026-08-24 15:41:00,2026-08-24,15:41:00,349.74,349.77,348.97,349.14,154347
2026-08-24 15:42:00,2026-08-24,15:42:00,349.15,349.3494,348.86,348.86,74440
2026-08-24 15:43:00,2026-08-24,15:43:00,348.88,349.0,348.74,348.8748,98961
2026-08-24 15:44:00,2026-08-24,15:44:00,348.88,348.965,348.7,348.83,74888
2026-08-24 15:45:00,2026-08-24,15:45:00,348.82,348.86,348.57,348.68,102351
2026-08-24 15:46:00,2026-08-24,15:46:00,348.71,348.99,348.4,348.645,123396
2026-08-24 15:47:00,2026-08-24,15:47:00,348.66,349.15,348.59,348.905,109083
2026-08-24 15:48:00,2026-08-24,15:48:00,348.88,349.21,348.83,349.2099,78070
2026-08-24 15:49:00,2026-08-24,15:49:00,349.15,349.28,348.89,349.28,88259
2026-08-24 15:50:00,2026-08-24,15:50:00,349.3,349.66,349.1471,349.195,107821
2026-08-24 15:51:00,2026-08-24,15:51:00,349.2,349.57,349.19,349.5,160589
2026-08-24 15:52:00,2026-08-24,15:52:00,349.57,349.78,349.43,349.6125,107520
2026-08-24 15:53:00,2026-08-24,15:53:00,349.6,349.91,349.56,349.77,128857
2026-08-24 15:54:00,2026-08-24,15:54:00,349.7858,350.39,349.7858,350.33,136577
2026-08-24 15:55:00,2026-08-24,15:55:00,350.39,350.48,349.96,350.22,192369
2026-08-24 15:56:00,2026-08-24,15:56:00,350.2,350.48,349.97,350.02,171656
2026-08-24 15:57:00,2026-08-24,15:57:00,349.97,350.03,349.44,349.74,171426
2026-08-24 15:58:00,2026-08-24,15:58:00,349.74,349.955,349.69,349.83,206643
2026-08-24 15:59:00,2026-08-24,15:59:00,349.85,349.85,348.92,348.94,587229
2026-08-25 09:30:00,2026-08-25,09:30:00,350.87,350.87,350.87,350.87,989014
2026-08-25 09:31:00,2026-08-25,09:31:00,350.69,350.96,349.61,350.19,179303
2026-08-25 09:32:00,2026-08-25,09:32:00,350.11,351.31,349.6034,351.11,158090
2026-08-25 09:33:00,2026-08-25,09:33:00,350.95,351.8,350.57,350.95,1464290
2026-08-25 09:34:00,2026-08-25,09:34:00,350.8801,351.43,349.2003,349.32,146997
2026-08-25 09:35:00,2026-08-25,09:35:00,349.29,350.7184,349.21,350.575,132343
2026-08-25 09:36:00,2026-08-25,09:36:00,350.48,350.8499,349.62,350.39,97749
2026-08-25 09:37:00,2026-08-25,09:37:00,350.43,350.68,350.11,350.475,68552
2026-08-25 09:38:00,2026-08-25,09:38:00,350.6,350.8692,349.8433,350.41,140140
2026-08-25 09:39:00,2026-08-25,09:39:00,350.505,351.0,349.65,350.78,101321
2026-08-25 09:40:00,2026-08-25,09:40:00,350.78,351.69,350.675,351.32,151186
2026-08-25 09:41:00,2026-08-25,09:41:00,351.27,352.24,351.21,351.6001,147798
2026-08-25 09:42:00,2026-08-25,09:42:00,351.67,352.04,350.9811,351.385,136315
2026-08-25 09:43:00,2026-08-25,09:43:00,351.35,352.11,350.95,352.11,103773
2026-08-25 09:44:00,2026-08-25,09:44:00,352.11,352.2199,351.4,351.825,107701
2026-08-25 09:45:00,2026-08-25,09:45:00,351.82,352.28,351.54,351.98,120881
2026-08-25 09:46:00,2026-08-25,09:46:00,351.98,352.55,351.65,352.31,94226
2026-08-25 09:47:00,2026-08-25,09:47:00,352.31,353.08,352.25,352.845,177477
2026-08-25 09:48:00,2026-08-25,09:48:00,352.84,353.14,352.4,352.61,212532
2026-08-25 09:49:00,2026-08-25,09:49:00,352.7,352.83,352.05,352.155,117738
2026-08-25 09:50:00,2026-08-25,09:50:00,352.1501,352.9495,352.03,352.44,101609
2026-08-25 09:51:00,2026-08-25,09:51:00,352.44,352.77,352.345,352.62,56561
2026-08-25 09:52:00,2026-08-25,09:52:00,352.605,352.86,351.31,351.9499,227332
2026-08-25 09:53:00,2026-08-25,09:53:00,351.8996,352.42,351.36,352.3201,119867
2026-08-25 09:54:00,2026-08-25,09:54:00,352.42,352.83,352.1,352.13,125179
2026-08-25 09:55:00,2026-08-25,09:55:00,352.16,352.59,351.51,352.2,161650
2026-08-25 09:56:00,2026-08-25,09:56:00,352.2,352.94,352.03,352.485,100978
2026-08-25 09:57:00,2026-08-25,09:57:00,352.485,352.59,350.86,351.225,113500
2026-08-25 09:58:00,2026-08-25,09:58:00,351.225,352.0,350.97,351.99,94771
2026-08-25 09:59:00,2026-08-25,09:59:00,352.0,352.01,351.1105,351.305,55361
2026-08-25 10:00:00,2026-08-25,10:00:00,351.34,351.8612,350.91,351.2201,118381
2026-08-25 10:01:00,2026-08-25,10:01:00,351.315,351.8093,350.91,351.727,83011
2026-08-25 10:02:00,2026-08-25,10:02:00,351.5577,351.6999,350.99,351.1,81057
2026-08-25 10:03:00,2026-08-25,10:03:00,351.07,351.99,351.03,351.5924,69217
2026-08-25 10:04:00,2026-08-25,10:04:00,351.57,352.15,351.42,352.04,84591
2026-08-25 10:05:00,2026-08-25,10:05:00,352.08,352.9,351.9105,352.512,116288
2026-08-25 10:06:00,2026-08-25,10:06:00,352.545,353.32,352.53,352.8501,162116
2026-08-25 10:07:00,2026-08-25,10:07:00,352.92,353.5,352.7989,353.2176,127572
2026-08-25 10:08:00,2026-08-25,10:08:00,353.15,353.38,351.6605,352.23,538378
2026-08-25 10:09:00,2026-08-25,10:09:00,352.235,352.56,351.2,352.495,112729
2026-08-25 10:10:00,2026-08-25,10:10:00,352.465,352.89,352.2785,352.82,79198
2026-08-25 10:11:00,2026-08-25,10:11:00,352.85,353.33,352.5303,352.7425,129379
2026-08-25 10:12:00,2026-08-25,10:12:00,352.84,353.14,351.97,352.085,90718
2026-08-25 10:13:00,2026-08-25,10:13:00,352.105,352.365,351.23,351.5001,121425
2026-08-25 10:14:00,2026-08-25,10:14:00,351.654,351.67,350.24,350.5234,128797
2026-08-25 10:15:00,2026-08-25,10:15:00,350.5145,351.85,350.27,351.775,154794
2026-08-25 10:16:00,2026-08-25,10:16:00,351.74,352.1599,351.39,351.6299,117558
2026-08-25 10:17:00,2026-08-25,10:17:00,351.46,351.61,350.52,350.63,88906
2026-08-25 10:18:00,2026-08-25,10:18:00,350.6907,350.8199,350.1,350.395,78615
2026-08-25 10:19:00,2026-08-25,10:19:00,350.34,350.87,350.17,350.39,106596
2026-08-25 10:20:00,2026-08-25,10:20:00,350.44,351.3999,350.25,351.36,66202
2026-08-25 10:21:00,2026-08-25,10:21:00,351.3446,351.47,351.0507,351.1,62518
2026-08-25 10:22:00,2026-08-25,10:22:00,351.1,352.1,351.05,352.035,101329
2026-08-25 10:23:00,2026-08-25,10:23:00,352.0899,352.3,351.79,352.13,72114
2026-08-25 10:24:00,2026-08-25,10:24:00,352.17,352.8422,351.87,352.66,103634
2026-08-25 10:25:00,2026-08-25,10:25:00,352.6614,353.09,352.4801,352.55,116830
2026-08-25 10:26:00,2026-08-25,10:26:00,352.555,353.3,352.3,352.89,103410
2026-08-25 10:27:00,2026-08-25,10:27:00,352.915,352.99,351.91,352.082,77423
2026-08-25 10:28:00,2026-08-25,10:28:00,352.0699,352.0699,351.08,351.33,82014
2026-08-25 10:29:00,2026-08-25,10:29:00,351.36,351.79,351.12,351.265,53916
2026-08-25 10:30:00,2026-08-25,10:30:00,351.1,351.5,350.01,351.2405,214300
2026-08-25 10:31:00,2026-08-25,10:31:00,351.58,351.59,351.02,351.58,66241
2026-08-25 10:32:00,2026-08-25,10:32:00,351.7,352.3799,351.48,352.12,94582
2026-08-25 10:33:00,2026-08-25,10:33:00,352.174,352.625,351.83,352.4441,93294
2026-08-25 10:34:00,2026-08-25,10:34:00,352.4709,352.6199,351.43,351.46,235095
2026-08-25 10:35:00,2026-08-25,10:35:00,351.5527,352.03,351.535,351.78,38792
2026-08-25 10:36:00,2026-08-25,10:36:00,351.83,352.6,351.76,352.5323,57130
2026-08-25 10:37:00,2026-08-25,10:37:00,352.5337,352.65,352.0733,352.27,53816
2026-08-25 10:38:00,2026-08-25,10:38:00,352.26,352.943,352.01,352.85,55726
2026-08-25 10:39:00,2026-08-25,10:39:00,352.805,352.94,352.61,352.78,47406
2026-08-25 10:40:00,2026-08-25,10:40:00,352.8,352.81,352.01,352.125,72847
2026-08-25 10:41:00,2026-08-25,10:41:00,352.15,352.2483,351.92,352.055,52427
2026-08-25 10:42:00,2026-08-25,10:42:00,352.055,352.055,351.41,351.59,73270
2026-08-25 10:43:00,2026-08-25,10:43:00,351.61,352.36,351.4702,352.27,61344
2026-08-25 10:44:00,2026-08-25,10:44:00,352.275,352.285,351.82,352.03,24362
2026-08-25 10:45:00,2026-08-25,10:45:00,352.02,352.08,351.56,351.56,50411
2026-08-25 10:46:00,2026-08-25,10:46:00,351.56,351.65,350.91,351.01,72677
2026-08-25 10:47:00,2026-08-25,10:47:00,351.0,351.5,350.9401,351.39,55556
2026-08-25 10:48:00,2026-08-25,10:48:00,351.35,351.35,350.51,350.77,90931
2026-08-25 10:49:00,2026-08-25,10:49:00,350.7596,350.814,350.24,350.43,79621
2026-08-25 10:50:00,2026-08-25,10:50:00,350.4,350.57,350.01,350.505,69710
2026-08-25 10:51:00,2026-08-25,10:51:00,350.515,350.73,350.09,350.65,60390
2026-08-25 10:52:00,2026-08-25,10:52:00,350.67,350.8599,350.33,350.7765,70728
2026-08-25 10:53:00,2026-08-25,10:53:00,350.83,351.0411,350.7414,350.89,53124
2026-08-25 10:54:00,2026-08-25,10:54:00,350.9153,351.02,350.44,350.5699,61947
2026-08-25 10:55:00,2026-08-25,10:55:00,350.545,350.68,350.44,350.52,10049020
2026-08-25 10:56:00,2026-08-25,10:56:00,350.51,350.64,350.21,350.2729,51042
2026-08-25 10:57:00,2026-08-25,10:57:00,350.245,350.5,350.01,350.4942,46601
2026-08-25 10:58:00,2026-08-25,10:58:00,350.475,350.86,350.42,350.83,53432
2026-08-25 10:59:00,2026-08-25,10:59:00,350.795,351.2462,350.69,351.01,88263
2026-08-25 11:00:00,2026-08-25,11:00:00,350.94,351.08,350.87,350.94,30904
2026-08-25 11:01:00,2026-08-25,11:01:00,350.925,351.02,350.5246,350.56,48768
2026-08-25 11:02:00,2026-08-25,11:02:00,350.5,350.87,350.5,350.66,31221
2026-08-25 11:03:00,2026-08-25,11:03:00,350.69,350.8,350.49,350.62,32794
2026-08-25 11:04:00,2026-08-25,11:04:00,350.6525,350.67,350.03,350.27,53952
2026-08-25 11:05:00,2026-08-25,11:05:00,350.2,350.34,349.97,350.06,84166
2026-08-25 11:06:00,2026-08-25,11:06:00,350.0,350.06,349.8301,350.0475,50256
2026-08-25 11:07:00,2026-08-25,11:07:00,350.0659,350.6,349.8801,350.3625,100925
2026-08-25 11:08:00,2026-08-25,11:08:00,350.335,350.66,350.2,350.52,81555
2026-08-25 11:09:00,2026-08-25,11:09:00,350.555,350.959,350.47,350.87,51166
2026-08-25 11:10:00,2026-08-25,11:10:00,350.87,351.44,350.81,351.2,76100
2026-08-25 11:11:00,2026-08-25,11:11:00,351.167,351.5399,351.0501,351.46,56395
2026-08-25 11:12:00,2026-08-25,11:12:00,351.46,351.53,351.2901,351.4183,39419
2026-08-25 11:13:00,2026-08-25,11:13:00,351.56,351.65,351.26,351.56,11102527
2026-08-25 11:14:00,2026-08-25,11:14:00,351.83,351.8951,351.4895,351.83,56014
2026-08-25 11:15:00,2026-08-25,11:15:00,351.86,352.1899,351.82,352.105,89536
2026-08-25 11:16:00,2026-08-25,11:16:00,352.105,352.325,352.0,352.2209,97333
2026-08-25 11:17:00,2026-08-25,11:17:00,352.1913,352.52,352.1805,352.415,81208
2026-08-25 11:18:00,2026-08-25,11:18:00,351.98,352.43,351.96,351.98,11487223
2026-08-25 11:19:00,2026-08-25,11:19:00,352.11,352.38,351.87,352.11,11542812
2026-08-25 11:20:00,2026-08-25,11:20:00,352.18,352.79,352.12,352.675,83457
2026-08-25 11:21:00,2026-08-25,11:21:00,352.72,353.02,352.6,352.81,131728
2026-08-25 11:22:00,2026-08-25,11:22:00,352.81,353.06,352.7101,353.0299,11823764
2026-08-25 11:23:00,2026-08-25,11:23:00,352.98,353.14,352.42,352.52,99058
2026-08-25 11:24:00,2026-08-25,11:24:00,352.57,352.8199,352.4425,352.61,59943
2026-08-25 11:25:00,2026-08-25,11:25:00,352.66,353.09,352.51,353.035,73340
2026-08-25 11:26:00,2026-08-25,11:26:00,353.035,353.38,352.81,353.3,111279
2026-08-25 11:27:00,2026-08-25,11:27:00,353.265,353.65,353.04,353.39,142703
2026-08-25 11:28:00,2026-08-25,11:28:00,353.385,354.12,353.34,353.66,172124
2026-08-25 11:29:00,2026-08-25,11:29:00,353.68,354.53,353.55,354.375,163703
2026-08-25 11:30:00,2026-08-25,11:30:00,354.375,354.8775,354.15,354.7301,133007
2026-08-25 11:31:00,2026-08-25,11:31:00,354.7301,354.77,353.81,353.835,176658
2026-08-25 11:32:00,2026-08-25,11:32:00,353.835,354.1,353.41,353.89,102214
2026-08-25 11:33:00,2026-08-25,11:33:00,353.86,354.23,353.25,353.9375,134547
2026-08-25 11:34:00,2026-08-25,11:34:00,353.99,354.1,353.54,353.94,57352
2026-08-25 11:35:00,2026-08-25,11:35:00,353.9178,354.68,353.71,353.765,102953
2026-08-25 11:36:00,2026-08-25,11:36:00,353.76,353.83,353.2,353.235,67449
2026-08-25 11:37:00,2026-08-25,11:37:00,353.24,353.76,352.7301,352.975,98230
2026-08-25 11:38:00,2026-08-25,11:38:00,352.975,353.1692,352.67,352.9599,73022
2026-08-25 11:39:00,2026-08-25,11:39:00,352.93,353.24,352.82,353.08,57837
2026-08-25 11:40:00,2026-08-25,11:40:00,353.09,353.1599,352.8,352.86,35514
2026-08-25 11:41:00,2026-08-25,11:41:00,352.22,352.95,352.17,352.22,13785380
2026-08-25 11:42:00,2026-08-25,11:42:00,352.2599,352.36,351.85,351.895,134249
2026-08-25 11:43:00,2026-08-25,11:43:00,351.87,352.48,351.86,352.4484,75722
2026-08-25 11:44:00,2026-08-25,11:44:00,352.443,352.58,352.2201,352.35,67795
2026-08-25 11:45:00,2026-08-25,11:45:00,352.3101,352.3101,351.65,352.14,83059
2026-08-25 11:46:00,2026-08-25,11:46:00,352.09,352.16,351.78,351.86,14186031
2026-08-25 11:47:00,2026-08-25,11:47:00,351.84,351.99,351.76,351.832,45151
2026-08-25 11:48:00,2026-08-25,11:48:00,351.79,351.79,351.42,351.71,84270
2026-08-25 11:49:00,2026-08-25,11:49:00,351.67,351.73,351.54,351.6,41018
2026-08-25 11:50:00,2026-08-25,11:50:00,351.57,351.89,351.33,351.855,62673
2026-08-25 11:51:00,2026-08-25,11:51:00,351.855,352.209,351.64,352.14,63518
2026-08-25 11:52:00,2026-08-25,11:52:00,352.14,352.72,352.1001,352.49,109911
2026-08-25 11:53:00,2026-08-25,11:53:00,352.53,353.45,352.53,353.41,110162
2026-08-25 11:54:00,2026-08-25,11:54:00,353.47,353.5,353.2,353.415,74715
2026-08-25 11:55:00,2026-08-25,11:55:00,353.415,353.88,353.3923,353.57,90201
2026-08-25 11:56:00,2026-08-25,11:56:00,353.6,353.85,353.51,353.75,45582
2026-08-25 11:57:00,2026-08-25,11:57:00,353.76,353.95,353.51,353.59,59016
2026-08-25 11:58:00,2026-08-25,11:58:00,353.64,353.95,353.6,353.7464,47342
2026-08-25 11:59:00,2026-08-25,11:59:00,353.671,353.75,353.45,353.495,51806
2026-08-25 12:00:00,2026-08-25,12:00:00,353.48,354.2,353.454,354.08,85910
2026-08-25 12:01:00,2026-08-25,12:01:00,354.11,354.12,353.84,354.11,41985
2026-08-25 12:02:00,2026-08-25,12:02:00,354.09,354.34,354.06,354.1899,51640
2026-08-25 12:03:00,2026-08-25,12:03:00,354.18,354.32,353.9,354.105,46424
2026-08-25 12:04:00,2026-08-25,12:04:00,354.08,354.2,353.905,353.9738,44957
2026-08-25 12:05:00,2026-08-25,12:05:00,353.94,354.04,353.6,353.6,51377
2026-08-25 12:06:00,2026-08-25,12:06:00,353.63,353.9473,353.55,353.83,46944
2026-08-25 12:07:00,2026-08-25,12:07:00,353.84,354.03,353.71,353.8,53493
2026-08-25 12:08:00,2026-08-25,12:08:00,353.85,354.1,353.7526,354.035,32623
2026-08-25 12:09:00,2026-08-25,12:09:00,354.035,354.09,353.91,353.975,25129
2026-08-25 12:10:00,2026-08-25,12:10:00,353.975,354.25,353.88,354.2198,49218
2026-08-25 12:11:00,2026-08-25,12:11:00,354.225,354.5,354.02,354.09,83363
2026-08-25 12:12:00,2026-08-25,12:12:00,354.07,354.1,353.71,353.72,50413
2026-08-25 12:13:00,2026-08-25,12:13:00,353.78,353.84,353.35,353.84,76732
2026-08-25 12:14:00,2026-08-25,12:14:00,353.815,353.91,353.67,353.91,23611
2026-08-25 12:15:00,2026-08-25,12:15:00,353.95,354.38,353.9101,354.3799,61180
2026-08-25 12:16:00,2026-08-25,12:16:00,354.41,354.48,354.25,354.3261,59322
2026-08-25 12:17:00,2026-08-25,12:17:00,354.3178,354.37,354.07,354.08,33963
2026-08-25 12:18:00,2026-08-25,12:18:00,354.1099,354.2999,353.9706,354.24,29876
2026-08-25 12:19:00,2026-08-25,12:19:00,354.2122,354.2885,353.8959,354.18,61695
2026-08-25 12:20:00,2026-08-25,12:20:00,354.139,354.15,353.8201,353.86,42681
2026-08-25 12:21:00,2026-08-25,12:21:00,353.865,353.99,353.81,353.96,20551
2026-08-25 12:22:00,2026-08-25,12:22:00,353.975,354.07,353.74,353.75,33978
2026-08-25 12:23:00,2026-08-25,12:23:00,353.73,353.97,353.677,353.9622,22266
2026-08-25 12:24:00,2026-08-25,12:24:00,353.91,354.12,353.88,354.1,30755
2026-08-25 12:25:00,2026-08-25,12:25:00,354.1,354.36,354.0,354.36,42779
2026-08-25 12:26:00,2026-08-25,12:26:00,354.35,354.35,354.16,354.19,54023
2026-08-25 12:27:00,2026-08-25,12:27:00,354.19,354.39,354.19,354.25,27476
2026-08-25 12:28:00,2026-08-25,12:28:00,354.25,354.43,354.22,354.4,36073
2026-08-25 12:29:00,2026-08-25,12:29:00,354.4,354.46,354.32,354.4399,39367
2026-08-25 12:30:00,2026-08-25,12:30:00,354.4114,354.76,354.4,354.68,68825
2026-08-25 12:31:00,2026-08-25,12:31:00,354.66,354.8199,354.46,354.5599,65967
2026-08-25 12:32:00,2026-08-25,12:32:00,354.53,354.76,354.53,354.725,23671
2026-08-25 12:33:00,2026-08-25,12:33:00,354.7,354.78,354.56,354.57,42180
2026-08-25 12:34:00,2026-08-25,12:34:00,354.595,354.7,354.55,354.595,35347
2026-08-25 12:35:00,2026-08-25,12:35:00,354.59,354.65,354.41,354.4699,50205
2026-08-25 12:36:00,2026-08-25,12:36:00,354.43,354.59,354.33,354.545,39422
2026-08-25 12:37:00,2026-08-25,12:37:00,354.58,354.93,354.52,354.88,75168
2026-08-25 12:38:00,2026-08-25,12:38:00,354.89,355.2,354.72,355.015,162181
2026-08-25 12:39:00,2026-08-25,12:39:00,355.015,355.3499,354.99,355.285,74629
2026-08-25 12:40:00,2026-08-25,12:40:00,355.315,355.315,354.85,354.8706,58695
2026-08-25 12:41:00,2026-08-25,12:41:00,354.85,355.15,354.735,354.735,57860
2026-08-25 12:42:00,2026-08-25,12:42:00,354.7309,354.9799,354.72,354.85,35434
2026-08-25 12:43:00,2026-08-25,12:43:00,354.85,354.98,354.78,354.82,32906
2026-08-25 12:44:00,2026-08-25,12:44:00,354.86,354.98,354.54,354.59,45620
2026-08-25 12:45:00,2026-08-25,12:45:00,354.607,354.77,354.51,354.7,45832
2026-08-25 12:46:00,2026-08-25,12:46:00,354.705,355.93,354.705,355.77,168348
2026-08-25 12:47:00,2026-08-25,12:47:00,355.7201,355.91,355.48,355.481,96456
2026-08-25 12:48:00,2026-08-25,12:48:00,355.48,355.64,355.36,355.615,56208
2026-08-25 12:49:00,2026-08-25,12:49:00,355.6,356.32,355.6,356.19,106050
2026-08-25 12:50:00,2026-08-25,12:50:00,356.19,356.23,355.78,356.1205,103694
2026-08-25 12:51:00,2026-08-25,12:51:00,356.1201,356.625,355.9801,356.53,93713
2026-08-25 12:52:00,2026-08-25,12:52:00,356.53,356.8,356.5,356.76,110661
2026-08-25 12:53:00,2026-08-25,12:53:00,356.72,356.8059,356.52,356.6,87596
2026-08-25 12:54:00,2026-08-25,12:54:00,356.6,356.67,356.3412,356.5805,61478
2026-08-25 12:55:00,2026-08-25,12:55:00,356.62,356.72,356.4,356.41,54408
2026-08-25 12:56:00,2026-08-25,12:56:00,356.47,356.71,356.3,356.71,52387
2026-08-25 12:57:00,2026-08-25,12:57:00,356.69,357.0,356.66,356.845,105331
2026-08-25 12:58:00,2026-08-25,12:58:00,356.565,356.85,356.46,356.565,81921
2026-08-25 12:59:00,2026-08-25,12:59:00,356.53,356.74,356.3142,356.3142,64660
2026-08-25 13:00:00,2026-08-25,13:00:00,356.335,356.5,355.66,355.72,127528
2026-08-25 13:01:00,2026-08-25,13:01:00,355.76,355.9799,355.2601,355.31,122198
2026-08-25 13:02:00,2026-08-25,13:02:00,355.32,355.5,354.77,355.02,91780
2026-08-25 13:03:00,2026-08-25,13:03:00,354.72,355.0546,354.52,354.72,73948
2026-08-25 13:04:00,2026-08-25,13:04:00,354.69,354.7241,354.195,354.35,89119
2026-08-25 13:05:00,2026-08-25,13:05:00,354.3,354.69,354.04,354.285,73283
2026-08-25 13:06:00,2026-08-25,13:06:00,354.28,354.28,353.61,353.6386,94500
2026-08-25 13:07:00,2026-08-25,13:07:00,353.65,353.86,353.4301,353.6499,85788
2026-08-25 13:08:00,2026-08-25,13:08:00,353.61,353.78,352.92,353.11,100872
2026-08-25 13:09:00,2026-08-25,13:09:00,353.2,353.3,352.8,352.9301,71789
2026-08-25 13:10:00,2026-08-25,13:10:00,352.93,352.955,352.43,352.49,82323
2026-08-25 13:11:00,2026-08-25,13:11:00,352.41,352.442,351.93,352.115,116610
2026-08-25 13:12:00,2026-08-25,13:12:00,352.115,352.2999,351.94,352.12,99842
2026-08-25 13:13:00,2026-08-25,13:13:00,352.08,352.3899,352.07,352.3899,85745
2026-08-25 13:14:00,2026-08-25,13:14:00,352.34,352.71,352.34,352.5428,92470
2026-08-25 13:15:00,2026-08-25,13:15:00,352.57,352.595,351.97,352.01,81057
2026-08-25 13:16:00,2026-08-25,13:16:00,351.97,352.23,351.87,352.04,83193
2026-08-25 13:17:00,2026-08-25,13:17:00,352.04,352.42,352.0201,352.21,74884
2026-08-25 13:18:00,2026-08-25,13:18:00,352.23,352.49,352.1594,352.37,50017
2026-08-25 13:19:00,2026-08-25,13:19:00,352.4,352.46,352.14,352.41,67084
2026-08-25 13:20:00,2026-08-25,13:20:00,352.423,353.0,352.36,352.84,134560
2026-08-25 13:21:00,2026-08-25,13:21:00,352.87,353.2,352.79,353.145,90960
2026-08-25 13:22:00,2026-08-25,13:22:00,353.1582,353.25,353.03,353.21,86200
2026-08-25 13:23:00,2026-08-25,13:23:00,353.18,353.39,352.82,353.305,125512
2026-08-25 13:24:00,2026-08-25,13:24:00,353.305,353.4719,353.04,353.09,54469
2026-08-25 13:25:00,2026-08-25,13:25:00,353.09,353.09,352.74,352.7444,53502
2026-08-25 13:26:00,2026-08-25,13:26:00,352.7799,353.2,352.74,353.16,54654
2026-08-25 13:27:00,2026-08-25,13:27:00,353.12,353.17,353.0,353.165,28713
2026-08-25 13:28:00,2026-08-25,13:28:00,353.165,353.5,353.13,353.45,45603
2026-08-25 13:29:00,2026-08-25,13:29:00,353.475,353.53,353.3,353.53,47587
2026-08-25 13:30:00,2026-08-25,13:30:00,353.52,353.5799,353.42,353.45,40717
2026-08-25 13:31:00,2026-08-25,13:31:00,353.4334,353.52,352.9713,353.1901,70323
2026-08-25 13:32:00,2026-08-25,13:32:00,353.235,353.235,353.02,353.1801,33341
2026-08-25 13:33:00,2026-08-25,13:33:00,353.235,353.75,353.23,353.7005,48891
2026-08-25 13:34:00,2026-08-25,13:34:00,353.7431,353.85,353.58,353.765,59291
2026-08-25 13:35:00,2026-08-25,13:35:00,353.765,353.79,353.04,353.235,69142
2026-08-25 13:36:00,2026-08-25,13:36:00,353.3,353.3999,353.01,353.06,25391
2026-08-25 13:37:00,2026-08-25,13:37:00,353.06,353.16,352.89,353.04,42057
2026-08-25 13:38:00,2026-08-25,13:38:00,353.04,353.26,352.9301,353.22,28768
2026-08-25 13:39:00,2026-08-25,13:39:00,353.24,353.4,353.1801,353.23,24674
2026-08-25 13:40:00,2026-08-25,13:40:00,353.23,353.3799,353.07,353.1,21924
2026-08-25 13:41:00,2026-08-25,13:41:00,353.07,353.16,353.03,353.085,23234
2026-08-25 13:42:00,2026-08-25,13:42:00,353.04,353.2859,353.03,353.27,22603
2026-08-25 13:43:00,2026-08-25,13:43:00,353.24,353.28,353.1201,353.1899,16921
2026-08-25 13:44:00,2026-08-25,13:44:00,353.15,353.195,352.95,353.0599,20531
2026-08-25 13:45:00,2026-08-25,13:45:00,353.01,353.15,352.91,353.015,12896
2026-08-25 13:46:00,2026-08-25,13:46:00,353.05,353.27,353.0145,353.17,51360
2026-08-25 13:47:00,2026-08-25,13:47:00,353.2,353.43,353.07,353.34,21203
2026-08-25 13:48:00,2026-08-25,13:48:00,353.3321,353.49,353.31,353.46,32881
2026-08-25 13:49:00,2026-08-25,13:49:00,353.46,353.6199,353.4,353.5069,44531
2026-08-25 13:50:00,2026-08-25,13:50:00,353.56,353.6,353.27,353.4,26463
2026-08-25 13:51:00,2026-08-25,13:51:00,353.4,353.49,353.3298,353.49,14770
2026-08-25 13:52:00,2026-08-25,13:52:00,353.475,353.58,353.2401,353.3255,27031
2026-08-25 13:53:00,2026-08-25,13:53:00,353.34,353.5,353.23,353.3827,28026
2026-08-25 13:54:00,2026-08-25,13:54:00,353.43,353.69,353.35,353.45,38127
2026-08-25 13:55:00,2026-08-25,13:55:00,353.43,353.45,353.27,353.34,12415
2026-08-25 13:56:00,2026-08-25,13:56:00,353.38,353.45,353.1201,353.16,31625
2026-08-25 13:57:00,2026-08-25,13:57:00,353.13,353.2299,353.01,353.05,28008
2026-08-25 13:58:00,2026-08-25,13:58:00,353.09,353.18,353.02,353.13,13533
2026-08-25 13:59:00,2026-08-25,13:59:00,353.16,353.41,353.1,353.3,22303
2026-08-25 14:00:00,2026-08-25,14:00:00,353.315,353.5585,353.3,353.49,23220
2026-08-25 14:01:00,2026-08-25,14:01:00,353.52,353.52,353.05,353.06,38271
2026-08-25 14:02:00,2026-08-25,14:02:00,353.075,353.28,353.0401,353.19,16358
2026-08-25 14:03:00,2026-08-25,14:03:00,353.17,353.37,353.155,353.33,18464
2026-08-25 14:04:00,2026-08-25,14:04:00,353.335,353.37,353.2,353.23,13927
2026-08-25 14:05:00,2026-08-25,14:05:00,353.18,353.2899,353.07,353.2,16858
2026-08-25 14:06:00,2026-08-25,14:06:00,353.2,353.33,353.07,353.115,19171
2026-08-25 14:07:00,2026-08-25,14:07:00,353.15,353.23,352.9,352.9765,54149
2026-08-25 14:08:00,2026-08-25,14:08:00,352.96,353.04,352.75,352.885,48395
2026-08-25 14:09:00,2026-08-25,14:09:00,352.8705,353.01,352.79,352.92,20567
2026-08-25 14:10:00,2026-08-25,14:10:00,352.92,353.07,352.91,353.005,21906
2026-08-25 14:11:00,2026-08-25,14:11:00,352.99,353.06,352.86,352.96,21043
2026-08-25 14:12:00,2026-08-25,14:12:00,352.96,353.0,352.92,352.955,2525
2026-08-25 14:13:00,2026-08-25,14:13:00,348.95,352.89,348.95,352.79,36173
2026-08-25 14:14:00,2026-08-25,14:14:00,352.785,352.96,352.76,352.93,21539
2026-08-25 14:15:00,2026-08-25,14:15:00,352.93,353.14,352.9,353.09,26488
2026-08-25 14:16:00,2026-08-25,14:16:00,353.12,353.14,352.95,352.99,25379
2026-08-25 14:17:00,2026-08-25,14:17:00,352.985,353.015,352.38,352.485,98735
2026-08-25 14:18:00,2026-08-25,14:18:00,352.47,352.69,352.38,352.45,34874
2026-08-25 14:19:00,2026-08-25,14:19:00,352.4999,352.4999,352.27,352.33,52788
2026-08-25 14:20:00,2026-08-25,14:20:00,352.28,352.45,352.187,352.24,43435
2026-08-25 14:21:00,2026-08-25,14:21:00,352.25,352.38,352.2,352.33,23044
2026-08-25 14:22:00,2026-08-25,14:22:00,352.3472,352.49,352.25,352.32,36192
2026-08-25 14:23:00,2026-08-25,14:23:00,352.345,352.4699,352.31,352.41,17717
2026-08-25 14:24:00,2026-08-25,14:24:00,352.4,352.44,352.07,352.07,26806
2026-08-25 14:25:00,2026-08-25,14:25:00,352.07,352.075,351.55,351.63,115910
2026-08-25 14:26:00,2026-08-25,14:26:00,351.62,351.84,351.58,351.67,38496
2026-08-25 14:27:00,2026-08-25,14:27:00,351.65,351.9195,351.63,351.82,36102
2026-08-25 14:28:00,2026-08-25,14:28:00,351.78,351.97,351.75,351.97,25019
2026-08-25 14:29:00,2026-08-25,14:29:00,351.97,352.03,351.835,351.87,37488
2026-08-25 14:30:00,2026-08-25,14:30:00,351.87,352.19,351.8466,352.125,64416
2026-08-25 14:31:00,2026-08-25,14:31:00,352.13,352.22,351.91,351.96,42655
2026-08-25 14:32:00,2026-08-25,14:32:00,351.94,351.99,351.62,351.63,36685
2026-08-25 14:33:00,2026-08-25,14:33:00,351.68,352.1,351.6799,352.075,33010
2026-08-25 14:34:00,2026-08-25,14:34:00,352.0405,352.2,352.0405,352.14,41959
2026-08-25 14:35:00,2026-08-25,14:35:00,352.12,352.1899,352.04,352.07,23753
2026-08-25 14:36:00,2026-08-25,14:36:00,352.04,352.07,351.72,351.7675,28995
2026-08-25 14:37:00,2026-08-25,14:37:00,351.72,352.0,351.7,351.89,28421
2026-08-25 14:38:00,2026-08-25,14:38:00,351.9367,352.0,351.81,351.83,30687
2026-08-25 14:39:00,2026-08-25,14:39:00,351.92,352.14,351.875,352.0101,20121
2026-08-25 14:40:00,2026-08-25,14:40:00,352.07,352.1699,352.0,352.13,44025
2026-08-25 14:41:00,2026-08-25,14:41:00,352.13,352.23,352.08,352.145,27705
2026-08-25 14:42:00,2026-08-25,14:42:00,352.15,352.15,351.72,351.85,40215
2026-08-25 14:43:00,2026-08-25,14:43:00,351.85,351.9058,351.73,351.84,23280
2026-08-25 14:44:00,2026-08-25,14:44:00,351.87,352.09,351.72,351.9675,27927
2026-08-25 14:45:00,2026-08-25,14:45:00,351.96,352.3518,351.94,352.33,56690
2026-08-25 14:46:00,2026-08-25,14:46:00,352.35,352.5,352.35,352.41,42848
2026-08-25 14:47:00,2026-08-25,14:47:00,352.39,352.4899,352.26,352.45,35569
2026-08-25 14:48:00,2026-08-25,14:48:00,352.445,352.63,352.39,352.54,35969
2026-08-25 14:49:00,2026-08-25,14:49:00,352.6,352.7299,352.51,352.68,34973
2026-08-25 14:50:00,2026-08-25,14:50:00,352.7187,352.88,352.51,352.8001,46602
2026-08-25 14:51:00,2026-08-25,14:51:00,352.86,353.13,352.83,353.025,77894
2026-08-25 14:52:00,2026-08-25,14:52:00,353.02,353.4,352.94,353.21,63904
2026-08-25 14:53:00,2026-08-25,14:53:00,353.2094,353.25,353.0,353.17,69046
2026-08-25 14:54:00,2026-08-25,14:54:00,353.14,353.27,353.101,353.25,32152
2026-08-25 14:55:00,2026-08-25,14:55:00,353.26,353.4373,353.167,353.26,46073
2026-08-25 14:56:00,2026-08-25,14:56:00,353.29,353.45,353.2301,353.415,45381
2026-08-25 14:57:00,2026-08-25,14:57:00,353.425,353.7,353.34,353.58,50470
2026-08-25 14:58:00,2026-08-25,14:58:00,353.578,353.69,353.29,353.5099,50908
2026-08-25 14:59:00,2026-08-25,14:59:00,353.498,353.62,353.06,353.11,69567
2026-08-25 15:00:00,2026-08-25,15:00:00,353.12,353.6,353.11,353.49,51075
2026-08-25 15:01:00,2026-08-25,15:01:00,353.49,353.59,353.2001,353.255,37642
2026-08-25 15:02:00,2026-08-25,15:02:00,353.29,353.43,353.1,353.12,41617
2026-08-25 15:03:00,2026-08-25,15:03:00,353.0801,353.17,352.665,352.76,105588
2026-08-25 15:04:00,2026-08-25,15:04:00,352.6925,352.98,352.627,352.93,47886
2026-08-25 15:05:00,2026-08-25,15:05:00,352.93,353.16,352.89,353.09,39598
2026-08-25 15:06:00,2026-08-25,15:06:00,353.03,353.1059,352.6801,352.775,25538
2026-08-25 15:07:00,2026-08-25,15:07:00,352.83,352.83,352.5605,352.605,32789
2026-08-25 15:08:00,2026-08-25,15:08:00,352.605,352.66,352.33,352.4199,43452
2026-08-25 15:09:00,2026-08-25,15:09:00,352.39,352.42,352.03,352.3,47745
2026-08-25 15:10:00,2026-08-25,15:10:00,352.31,352.38,352.19,352.265,24323
2026-08-25 15:11:00,2026-08-25,15:11:00,352.265,352.355,352.13,352.13,21528
2026-08-25 15:12:00,2026-08-25,15:12:00,352.13,352.16,351.9101,351.92,35910
2026-08-25 15:13:00,2026-08-25,15:13:00,351.9899,352.23,351.9,352.2,40197
2026-08-25 15:14:00,2026-08-25,15:14:00,352.2,352.23,351.99,352.01,23065
2026-08-25 15:15:00,2026-08-25,15:15:00,352.045,352.1,351.89,352.07,36765
2026-08-25 15:16:00,2026-08-25,15:16:00,352.05,352.1299,351.86,351.955,29863
2026-08-25 15:17:00,2026-08-25,15:17:00,351.9,351.9999,351.8701,351.965,12104
2026-08-25 15:18:00,2026-08-25,15:18:00,351.965,352.14,351.94,352.05,40090
2026-08-25 15:19:00,2026-08-25,15:19:00,352.025,352.08,351.88,351.91,36611
2026-08-25 15:20:00,2026-08-25,15:20:00,351.91,351.93,351.59,351.6682,62461
2026-08-25 15:21:00,2026-08-25,15:21:00,351.63,351.73,351.44,351.506,41739
2026-08-25 15:22:00,2026-08-25,15:22:00,351.47,351.57,351.41,351.52,28947
2026-08-25 15:23:00,2026-08-25,15:23:00,351.4905,351.61,351.4501,351.61,24809
2026-08-25 15:24:00,2026-08-25,15:24:00,351.61,351.73,351.57,351.7,48160
2026-08-25 15:25:00,2026-08-25,15:25:00,351.565,351.675,351.5,351.565,16231
2026-08-25 15:26:00,2026-08-25,15:26:00,351.59,351.625,351.5177,351.57,13409
2026-08-25 15:27:00,2026-08-25,15:27:00,351.53,351.59,351.46,351.4986,18032
2026-08-25 15:28:00,2026-08-25,15:28:00,351.51,351.67,351.5,351.62,24880
2026-08-25 15:29:00,2026-08-25,15:29:00,351.615,351.75,351.38,351.39,35583
2026-08-25 15:30:00,2026-08-25,15:30:00,351.42,351.7408,351.38,351.705,33512
2026-08-25 15:31:00,2026-08-25,15:31:00,351.705,351.81,351.5906,351.755,24328
2026-08-25 15:32:00,2026-08-25,15:32:00,351.775,351.9795,351.63,351.662,55093
2026-08-25 15:33:00,2026-08-25,15:33:00,351.63,351.88,351.62,351.755,23437
2026-08-25 15:34:00,2026-08-25,15:34:00,351.765,351.89,351.67,351.8899,21166
2026-08-25 15:35:00,2026-08-25,15:35:00,351.84,351.87,351.6351,351.67,24048
2026-08-25 15:36:00,2026-08-25,15:36:00,351.7,351.9199,351.6401,351.845,24557
2026-08-25 15:37:00,2026-08-25,15:37:00,351.839,351.85,351.57,351.65,23693
2026-08-25 15:38:00,2026-08-25,15:38:00,351.61,351.67,351.49,351.54,34913
2026-08-25 15:39:00,2026-08-25,15:39:00,351.545,351.74,351.5184,351.6404,27943
2026-08-25 15:40:00,2026-08-25,15:40:00,351.665,352.01,351.64,351.975,53684
2026-08-25 15:41:00,2026-08-25,15:41:00,351.975,352.19,351.94,352.1404,73901
2026-08-25 15:42:00,2026-08-25,15:42:00,352.17,352.23,352.09,352.18,37080
2026-08-25 15:43:00,2026-08-25,15:43:00,352.18,352.2798,351.92,351.94,43112
2026-08-25 15:44:00,2026-08-25,15:44:00,351.92,351.92,350.92,351.13,103851
2026-08-25 15:45:00,2026-08-25,15:45:00,351.12,351.3159,351.03,351.0701,54061
2026-08-25 15:46:00,2026-08-25,15:46:00,351.04,351.11,350.7,350.73,51697
2026-08-25 15:47:00,2026-08-25,15:47:00,350.7,351.2195,350.7,351.1,51999
2026-08-25 15:48:00,2026-08-25,15:48:00,351.11,351.48,351.05,351.4701,60933
2026-08-25 15:49:00,2026-08-25,15:49:00,351.4315,351.59,351.2103,351.302,65303
2026-08-25 15:50:00,2026-08-25,15:50:00,351.055,351.3,350.91,351.055,65122
2026-08-25 15:51:00,2026-08-25,15:51:00,351.03,351.04,350.71,350.91,52102
2026-08-25 15:52:00,2026-08-25,15:52:00,350.91,350.925,350.62,350.685,60924
2026-08-25 15:53:00,2026-08-25,15:53:00,350.65,350.7753,350.55,350.7753,52363
2026-08-25 15:54:00,2026-08-25,15:54:00,350.755,350.755,350.11,350.25,142720
2026-08-25 15:55:00,2026-08-25,15:55:00,350.25,350.47,349.95,350.1072,168156
2026-08-25 15:56:00,2026-08-25,15:56:00,350.085,350.47,349.92,349.96,109249
2026-08-25 15:57:00,2026-08-25,15:57:00,349.99,350.53,349.9382,350.52,102949
2026-08-25 15:58:00,2026-08-25,15:58:00,350.54,350.6464,350.27,350.27,129844
2026-08-25 15:59:00,2026-08-25,15:59:00,350.275,350.38,350.12,350.15,396216
2026-08-26 09:30:00,2026-08-26,09:30:00,345.25,345.4100036621094,342.8999938964844,343.614990234375,1147172
2026-08-26 09:31:00,2026-08-26,09:31:00,343.4100036621094,344.4200134277344,342.8999938964844,344.0150146484375,166311
2026-08-26 09:32:00,2026-08-26,09:32:00,344.1199951171875,344.260009765625,342.5299987792969,343.1549987792969,206639
2026-08-26 09:33:00,2026-08-26,09:33:00,343.2200012207031,344.54998779296875,343.0801086425781,343.5199890136719,191010
2026-08-26 09:34:00,2026-08-26,09:34:00,343.7189025878906,343.94000244140625,343.1199951171875,343.7189025878906,184126
2026-08-26 09:35:00,2026-08-26,09:35:00,343.5799865722656,344.1737060546875,343.5,343.885009765625,148455
2026-08-26 09:36:00,2026-08-26,09:36:00,343.8900146484375,343.9299011230469,342.610107421875,343.5,196341
2026-08-26 09:37:00,2026-08-26,09:37:00,343.4549865722656,344.7300109863281,343.1499938964844,344.7298889160156,152301
2026-08-26 09:38:00,2026-08-26,09:38:00,344.6400146484375,344.82989501953125,344.2099914550781,344.67999267578125,167833
2026-08-26 09:39:00,2026-08-26,09:39:00,344.6300048828125,346.67999267578125,344.45050048828125,346.5856018066406,239586
2026-08-26 09:40:00,2026-08-26,09:40:00,346.6400146484375,347.6099853515625,346.3999938964844,347.1449890136719,313495
2026-08-26 09:41:00,2026-08-26,09:41:00,347.239990234375,347.8599853515625,346.80999755859375,347.625,169405
2026-08-26 09:42:00,2026-08-26,09:42:00,347.60888671875,347.7200012207031,346.6835021972656,347.4150085449219,167587
2026-08-26 09:43:00,2026-08-26,09:43:00,347.3301086425781,348.7127990722656,347.3236999511719,348.5849914550781,228243
2026-08-26 09:44:00,2026-08-26,09:44:00,348.5849914550781,349.20001220703125,347.9303894042969,348.42999267578125,182746
2026-08-26 09:45:00,2026-08-26,09:45:00,348.5,350.6000061035156,348.42999267578125,350.4700927734375,283836
2026-08-26 09:46:00,2026-08-26,09:46:00,350.6199951171875,351.3999938964844,350.0400085449219,350.6730041503906,264341
2026-08-26 09:47:00,2026-08-26,09:47:00,350.635009765625,351.3900146484375,350.20001220703125,351.3450012207031,149666
2026-08-26 09:48:00,2026-08-26,09:48:00,351.30999755859375,351.92999267578125,350.239990234375,350.4649963378906,221066
2026-08-26 09:49:00,2026-08-26,09:49:00,348.7900085449219,350.7300109863281,348.7699890136719,348.8699951171875,4961707
2026-08-26 09:50:00,2026-08-26,09:50:00,348.7699890136719,349.0400085449219,346.8240966796875,346.9100036621094,235971
2026-08-26 09:51:00,2026-08-26,09:51:00,346.9100036621094,348.0078125,346.5199890136719,347.8999938964844,190499
2026-08-26 09:52:00,2026-08-26,09:52:00,347.9599914550781,348.8570861816406,347.7300109863281,348.0799865722656,190774
2026-08-26 09:53:00,2026-08-26,09:53:00,348.05999755859375,348.3757019042969,347.55999755859375,347.8399963378906,84807
2026-08-26 09:54:00,2026-08-26,09:54:00,347.9200134277344,348.3194885253906,347.6099853515625,348.2300109863281,66214
2026-08-26 09:55:00,2026-08-26,09:55:00,347.9549865722656,348.5,347.6000061035156,347.95001220703125,68575
2026-08-26 09:56:00,2026-08-26,09:56:00,347.9599914550781,349.0,347.9208984375,348.8099060058594,118922
2026-08-26 09:57:00,2026-08-26,09:57:00,348.6499938964844,348.88299560546875,348.5199890136719,348.7250061035156,77861
2026-08-26 09:58:00,2026-08-26,09:58:00,348.70001220703125,349.39990234375,348.6300048828125,348.9729919433594,96313
2026-08-26 09:59:00,2026-08-26,09:59:00,348.9700012207031,349.1098937988281,348.6000061035156,348.8861999511719,78893
2026-08-26 10:00:00,2026-08-26,10:00:00,349.0199890136719,349.1099853515625,348.54998779296875,348.94000244140625,69209
2026-08-26 10:01:00,2026-08-26,10:01:00,348.9010009765625,349.0498962402344,348.3999938964844,348.8999938964844,51653
2026-08-26 10:02:00,2026-08-26,10:02:00,348.8999938964844,348.8999938964844,347.70001220703125,347.82940673828125,81162
2026-08-26 10:03:00,2026-08-26,10:03:00,347.8450012207031,348.7499084472656,347.764404296875,348.56500244140625,83966
2026-08-26 10:04:00,2026-08-26,10:04:00,348.510009765625,348.8599853515625,348.30010986328125,348.489990234375,69923
2026-08-26 10:05:00,2026-08-26,10:05:00,348.5299987792969,348.66949462890625,348.1300964355469,348.44000244140625,42021
2026-08-26 10:06:00,2026-08-26,10:06:00,348.3599853515625,348.5,347.9555969238281,348.4849853515625,52454
2026-08-26 10:07:00,2026-08-26,10:07:00,348.4750061035156,348.7900085449219,348.18701171875,348.56500244140625,49343
2026-08-26 10:08:00,2026-08-26,10:08:00,348.2200012207031,348.6499938964844,348.20001220703125,348.2200012207031,50267
2026-08-26 10:09:00,2026-08-26,10:09:00,348.239990234375,348.4200134277344,347.91009521484375,348.2200012207031,41165
2026-08-26 10:10:00,2026-08-26,10:10:00,348.30999755859375,348.7300109863281,348.110107421875,348.29998779296875,50561
2026-08-26 10:11:00,2026-08-26,10:11:00,348.2950134277344,348.8299865722656,348.20001220703125,348.6000061035156,54611
2026-08-26 10:12:00,2026-08-26,10:12:00,348.6199951171875,348.69989013671875,348.29998779296875,348.385009765625,50498
2026-08-26 10:13:00,2026-08-26,10:13:00,348.385009765625,348.7300109863281,348.2099914550781,348.6440124511719,55286
2026-08-26 10:14:00,2026-08-26,10:14:00,348.6600036621094,349.1300048828125,348.5299987792969,348.9599914550781,85805
2026-08-26 10:15:00,2026-08-26,10:15:00,348.94000244140625,348.9519958496094,348.5400085449219,348.7850036621094,53536
2026-08-26 10:16:00,2026-08-26,10:16:00,348.79998779296875,349.0899963378906,348.4909973144531,348.9100036621094,47496
2026-08-26 10:17:00,2026-08-26,10:17:00,348.8500061035156,349.5799865722656,348.80999755859375,349.30999755859375,92380
2026-08-26 10:18:00,2026-08-26,10:18:00,349.29888916015625,349.4599914550781,348.9800109863281,349.3399963378906,56965
2026-08-26 10:19:00,2026-08-26,10:19:00,349.3399963378906,349.6600036621094,348.9200134277344,349.1675109863281,65617
2026-08-26 10:20:00,2026-08-26,10:20:00,348.7200012207031,349.25,348.6231994628906,348.7200012207031,7424870
2026-08-26 10:21:00,2026-08-26,10:21:00,348.7049865722656,348.760009765625,348.0299987792969,348.0299987792969,76399
2026-08-26 10:22:00,2026-08-26,10:22:00,348.0950012207031,348.1499938964844,347.7701110839844,347.910888671875,101368
2026-08-26 10:23:00,2026-08-26,10:23:00,347.8949890136719,348.0400085449219,347.3399963378906,347.3900146484375,75374
2026-08-26 10:24:00,2026-08-26,10:24:00,347.34039306640625,347.5190124511719,346.7099914550781,346.7699890136719,128250
2026-08-26 10:25:00,2026-08-26,10:25:00,346.739990234375,346.9283142089844,346.29998779296875,346.3500061035156,109160
2026-08-26 10:26:00,2026-08-26,10:26:00,346.3100891113281,346.54998779296875,345.8999938964844,345.95001220703125,103366
2026-08-26 10:27:00,2026-08-26,10:27:00,345.9750061035156,346.07501220703125,345.6700134277344,345.75,93046
2026-08-26 10:28:00,2026-08-26,10:28:00,345.79998779296875,346.0599060058594,345.55010986328125,345.9971923828125,83832
2026-08-26 10:29:00,2026-08-26,10:29:00,346.0199890136719,346.3299865722656,345.92999267578125,346.25,65943
2026-08-26 10:30:00,2026-08-26,10:30:00,346.25,346.9800109863281,346.13189697265625,346.8999938964844,113367
2026-08-26 10:31:00,2026-08-26,10:31:00,346.8800048828125,347.010009765625,346.1600036621094,346.3143005371094,107683
2026-08-26 10:32:00,2026-08-26,10:32:00,346.29998779296875,346.6700134277344,346.239990234375,346.56500244140625,62593
2026-08-26 10:33:00,2026-08-26,10:33:00,346.5199890136719,346.5199890136719,346.2774963378906,346.4010925292969,37285
2026-08-26 10:34:00,2026-08-26,10:34:00,346.4849853515625,346.5400085449219,346.04998779296875,346.125,41941
2026-08-26 10:35:00,2026-08-26,10:35:00,346.1199951171875,346.2196044921875,345.8599853515625,346.1059875488281,71895
2026-08-26 10:36:00,2026-08-26,10:36:00,346.07501220703125,347.0,346.0199890136719,346.9800109863281,78769
2026-08-26 10:37:00,2026-08-26,10:37:00,346.9798889160156,347.2300109863281,346.7099914550781,346.9800109863281,66217
2026-08-26 10:38:00,2026-08-26,10:38:00,346.9800109863281,347.0299987792969,346.5400085449219,346.7099914550781,34664
2026-08-26 10:39:00,2026-08-26,10:39:00,346.7099914550781,346.8599853515625,346.4200134277344,346.4649963378906,41303
2026-08-26 10:40:00,2026-08-26,10:40:00,346.5,346.7099914550781,346.42999267578125,346.5199890136719,28149
2026-08-26 10:41:00,2026-08-26,10:41:00,346.510009765625,346.5199890136719,346.25,346.4909973144531,8978477
2026-08-26 10:42:00,2026-08-26,10:42:00,346.4898986816406,346.489990234375,345.7699890136719,345.80999755859375,52582
2026-08-26 10:43:00,2026-08-26,10:43:00,346.05999755859375,346.1300048828125,345.69000244140625,346.05999755859375,70277
2026-08-26 10:44:00,2026-08-26,10:44:00,345.9800109863281,346.0899963378906,345.7301025390625,345.864990234375,35857
2026-08-26 10:45:00,2026-08-26,10:45:00,345.82501220703125,345.8500061035156,345.1199951171875,345.1600036621094,74559
2026-08-26 10:46:00,2026-08-26,10:46:00,345.1400146484375,345.54949951171875,344.8599853515625,345.260009765625,104497
2026-08-26 10:47:00,2026-08-26,10:47:00,345.260009765625,345.44000244140625,345.114990234375,345.4100036621094,81261
2026-08-26 10:48:00,2026-08-26,10:48:00,345.3599853515625,345.3999938964844,344.9100036621094,344.9700012207031,68745
2026-08-26 10:49:00,2026-08-26,10:49:00,344.9949951171875,345.1400146484375,344.75,344.9049987792969,68158
2026-08-26 10:50:00,2026-08-26,10:50:00,344.91400146484375,344.9700012207031,344.54998779296875,344.6903991699219,78418
2026-08-26 10:51:00,2026-08-26,10:51:00,344.67498779296875,344.7598876953125,343.8999938964844,344.0299072265625,157830
2026-08-26 10:52:00,2026-08-26,10:52:00,343.9800109863281,344.8799133300781,343.9700012207031,344.760009765625,96395
2026-08-26 10:53:00,2026-08-26,10:53:00,344.75,344.79998779296875,344.2619934082031,344.375,63669
2026-08-26 10:54:00,2026-08-26,10:54:00,344.375,344.4200134277344,343.8299865722656,343.9100036621094,113402
2026-08-26 10:55:00,2026-08-26,10:55:00,343.55999755859375,344.04998779296875,343.4800109863281,343.55999755859375,113950
2026-08-26 10:56:00,2026-08-26,10:56:00,343.5899963378906,343.8399963378906,343.3599853515625,343.3900146484375,85145
2026-08-26 10:57:00,2026-08-26,10:57:00,343.364990234375,343.67999267578125,343.30999755859375,343.5950012207031,86403
2026-08-26 10:58:00,2026-08-26,10:58:00,343.7582092285156,343.84991455078125,343.28009033203125,343.7582092285156,10412085
2026-08-26 10:59:00,2026-08-26,10:59:00,343.510009765625,343.95989990234375,343.3999938964844,343.510009765625,73277
2026-08-26 11:00:00,2026-08-26,11:00:00,343.5140075683594,344.3500061035156,343.3800964355469,343.92999267578125,139399
2026-08-26 11:01:00,2026-08-26,11:01:00,344.0,344.1499938964844,343.8800048828125,344.01300048828125,56773
2026-08-26 11:02:00,2026-08-26,11:02:00,344.0050048828125,344.322998046875,343.7300109863281,344.239990234375,75249
2026-08-26 11:03:00,2026-08-26,11:03:00,344.2300109863281,344.239990234375,343.79998779296875,344.0799865722656,72550
2026-08-26 11:04:00,2026-08-26,11:04:00,344.05999755859375,344.3699951171875,343.9700012207031,344.3599853515625,53020
2026-08-26 11:05:00,2026-08-26,11:05:00,344.3349914550781,344.4700012207031,344.1499938964844,344.42999267578125,62406
2026-08-26 11:06:00,2026-08-26,11:06:00,344.3999938964844,344.95001220703125,344.3999938964844,344.8699951171875,127523
2026-08-26 11:07:00,2026-08-26,11:07:00,344.8299865722656,345.1300048828125,344.7001037597656,345.1300048828125,72284
2026-08-26 11:08:00,2026-08-26,11:08:00,345.1300048828125,345.2799987792969,344.90008544921875,345.2099914550781,87524
2026-08-26 11:09:00,2026-08-26,11:09:00,345.2149963378906,345.260009765625,344.7200012207031,344.9100036621094,127395
2026-08-26 11:10:00,2026-08-26,11:10:00,344.9494934082031,344.9494934082031,344.6000061035156,344.7749938964844,105231
2026-08-26 11:11:00,2026-08-26,11:11:00,344.760009765625,345.1499938964844,344.760009765625,344.8399963378906,62405
2026-08-26 11:12:00,2026-08-26,11:12:00,344.8399963378906,345.05999755859375,344.79998779296875,344.889892578125,40296
2026-08-26 11:13:00,2026-08-26,11:13:00,344.83160400390625,344.9200134277344,344.57000732421875,344.7850036621094,60056
2026-08-26 11:14:00,2026-08-26,11:14:00,344.81719970703125,344.9200134277344,344.360107421875,344.4150085449219,77615
2026-08-26 11:15:00,2026-08-26,11:15:00,344.4200134277344,344.5400085449219,344.29998779296875,344.4200134277344,11759637
2026-08-26 11:16:00,2026-08-26,11:16:00,344.42999267578125,344.4757995605469,344.2300109863281,344.4049987792969,11839593
2026-08-26 11:17:00,2026-08-26,11:17:00,344.3999938964844,344.4200134277344,343.9599914550781,344.1300048828125,62394
2026-08-26 11:18:00,2026-08-26,11:18:00,344.158203125,344.3500061035156,344.1199951171875,344.18499755859375,32740
2026-08-26 11:19:00,2026-08-26,11:19:00,344.18499755859375,344.2900085449219,343.8900146484375,344.0350036621094,64699
2026-08-26 11:20:00,2026-08-26,11:20:00,344.01470947265625,344.20001220703125,343.6600036621094,343.7749938964844,47762
2026-08-26 11:21:00,2026-08-26,11:21:00,343.7749938964844,344.0899963378906,343.7699890136719,343.9200134277344,54097
2026-08-26 11:22:00,2026-08-26,11:22:00,343.8349914550781,343.9100036621094,343.6099853515625,343.7850036621094,39884
2026-08-26 11:23:00,2026-08-26,11:23:00,343.760009765625,344.139892578125,343.739990234375,344.0950012207031,35944
2026-08-26 11:24:00,2026-08-26,11:24:00,344.0950012207031,344.3800048828125,344.0914001464844,344.2250061035156,61966
2026-08-26 11:25:00,2026-08-26,11:25:00,344.2200012207031,344.32000732421875,343.73089599609375,343.739990234375,53520
2026-08-26 11:26:00,2026-08-26,11:26:00,343.7192077636719,343.9599914550781,343.6510009765625,343.7749938964844,48834
2026-08-26 11:27:00,2026-08-26,11:27:00,343.7749938964844,343.9985046386719,343.05999755859375,343.30999755859375,142769
2026-08-26 11:28:00,2026-08-26,11:28:00,343.29998779296875,343.7200012207031,343.2699890136719,343.7200012207031,75285
2026-08-26 11:29:00,2026-08-26,11:29:00,343.70001220703125,343.9800109863281,343.6000061035156,343.8999938964844,70653
2026-08-26 11:30:00,2026-08-26,11:30:00,343.8999938964844,344.07000732421875,343.6000061035156,343.7099914550781,80342
2026-08-26 11:31:00,2026-08-26,11:31:00,343.6940002441406,343.8299865722656,343.53009033203125,343.67999267578125,34793
2026-08-26 11:32:00,2026-08-26,11:32:00,343.67999267578125,343.8800048828125,343.5616149902344,343.69000244140625,45021
2026-08-26 11:33:00,2026-08-26,11:33:00,343.69000244140625,343.69000244140625,343.23748779296875,343.3550109863281,76783
2026-08-26 11:34:00,2026-08-26,11:34:00,343.2799987792969,343.5799865722656,343.2799987792969,343.42999267578125,45546
2026-08-26 11:35:00,2026-08-26,11:35:00,343.4599914550781,343.54998779296875,343.2900085449219,343.4620056152344,61716
2026-08-26 11:36:00,2026-08-26,11:36:00,343.44000244140625,343.6199951171875,343.3500061035156,343.4800109863281,63281
2026-08-26 11:37:00,2026-08-26,11:37:00,343.4649963378906,343.8399963378906,343.3500061035156,343.8349914550781,58056
2026-08-26 11:38:00,2026-08-26,11:38:00,343.8349914550781,343.8500061035156,343.4100036621094,343.5799865722656,59884
2026-08-26 11:39:00,2026-08-26,11:39:00,343.5799865722656,343.75,343.5,343.6499938964844,29953
2026-08-26 11:40:00,2026-08-26,11:40:00,343.6549987792969,343.8299865722656,343.54998779296875,343.7799987792969,41726
2026-08-26 11:41:00,2026-08-26,11:41:00,343.7799987792969,343.7879943847656,343.5899963378906,343.69000244140625,13216591
2026-08-26 11:42:00,2026-08-26,11:42:00,343.67498779296875,344.20001220703125,343.67498779296875,344.1400146484375,74638
2026-08-26 11:43:00,2026-08-26,11:43:00,344.143310546875,344.239990234375,343.70001220703125,344.0899963378906,61575
2026-08-26 11:44:00,2026-08-26,11:44:00,344.0849914550781,344.239990234375,344.04998779296875,344.1300048828125,41445
2026-08-26 11:45:00,2026-08-26,11:45:00,344.125,344.269287109375,343.82501220703125,343.8299865722656,56192
2026-08-26 11:46:00,2026-08-26,11:46:00,343.8699951171875,344.1328125,343.82000732421875,344.06500244140625,31409
2026-08-26 11:47:00,2026-08-26,11:47:00,344.0899963378906,344.2998962402344,344.010009765625,344.2200012207031,39880
2026-08-26 11:48:00,2026-08-26,11:48:00,344.2300109863281,344.44000244140625,344.1499938964844,344.3196105957031,69668
2026-08-26 11:49:00,2026-08-26,11:49:00,344.29998779296875,344.3399963378906,344.03131103515625,344.260009765625,51373
2026-08-26 11:50:00,2026-08-26,11:50:00,344.2449951171875,344.3900146484375,344.1099853515625,344.1600036621094,44221
2026-08-26 11:51:00,2026-08-26,11:51:00,344.1449890136719,344.239990234375,343.5799865722656,343.7950134277344,76512
2026-08-26 11:52:00,2026-08-26,11:52:00,343.7950134277344,344.20001220703125,343.6099853515625,344.1600036621094,47786
2026-08-26 11:53:00,2026-08-26,11:53:00,344.1300048828125,344.44000244140625,344.1300048828125,344.29998779296875,55681
2026-08-26 11:54:00,2026-08-26,11:54:00,344.32501220703125,344.42999267578125,344.0979919433594,344.239990234375,52808
2026-08-26 11:55:00,2026-08-26,11:55:00,344.2300109863281,344.3999938964844,344.17999267578125,344.2099914550781,30745
2026-08-26 11:56:00,2026-08-26,11:56:00,344.7200012207031,344.7300109863281,344.1600036621094,344.7200012207031,14020413
2026-08-26 11:57:00,2026-08-26,11:57:00,344.7300109863281,344.8399963378906,344.5035095214844,344.7900085449219,77300
2026-08-26 11:58:00,2026-08-26,11:58:00,344.7550048828125,344.82000732421875,344.510009765625,344.5350036621094,36336
2026-08-26 11:59:00,2026-08-26,11:59:00,344.489990234375,344.5376892089844,344.18011474609375,344.3699951171875,31849
2026-08-26 12:00:00,2026-08-26,12:00:00,344.3550109863281,344.3800048828125,343.82000732421875,343.82000732421875,52040
2026-08-26 12:01:00,2026-08-26,12:01:00,343.8179931640625,343.8299865722656,343.40008544921875,343.57000732421875,78259
2026-08-26 12:02:00,2026-08-26,12:02:00,343.6099853515625,344.2300109863281,343.5299987792969,344.05999755859375,44563
2026-08-26 12:03:00,2026-08-26,12:03:00,343.9599914550781,344.1499938964844,343.7001037597656,344.1400146484375,42589
2026-08-26 12:04:00,2026-08-26,12:04:00,344.29998779296875,344.3500061035156,344.0801086425781,344.29998779296875,32777
2026-08-26 12:05:00,2026-08-26,12:05:00,344.25,344.4800109863281,344.2200012207031,344.430908203125,37258
2026-08-26 12:06:00,2026-08-26,12:06:00,344.4599914550781,344.7099914550781,343.9501037597656,343.993408203125,97165
2026-08-26 12:07:00,2026-08-26,12:07:00,344.0400085449219,344.2099914550781,343.9100036621094,343.92999267578125,33600
2026-08-26 12:08:00,2026-08-26,12:08:00,343.92999267578125,344.20989990234375,343.75,343.75,50062
2026-08-26 12:09:00,2026-08-26,12:09:00,343.7799987792969,344.1099853515625,343.70001220703125,343.9400939941406,44715
2026-08-26 12:10:00,2026-08-26,12:10:00,344.0150146484375,344.0150146484375,343.6600036621094,343.79998779296875,28537
2026-08-26 12:11:00,2026-08-26,12:11:00,343.9100036621094,344.0299987792969,343.760009765625,343.9100036621094,23408
2026-08-26 12:12:00,2026-08-26,12:12:00,343.95001220703125,344.32000732421875,343.9100036621094,344.17999267578125,35027
2026-08-26 12:13:00,2026-08-26,12:13:00,344.1400146484375,344.3900146484375,344.1400146484375,344.2699890136719,29479
2026-08-26 12:14:00,2026-08-26,12:14:00,344.2749938964844,344.32989501953125,344.05999755859375,344.1050109863281,24931
2026-08-26 12:15:00,2026-08-26,12:15:00,344.0950012207031,344.1700134277344,344.0527038574219,344.1199951171875,11208
2026-08-26 12:16:00,2026-08-26,12:16:00,344.1000061035156,344.1499938964844,343.77178955078125,343.79150390625,27692
2026-08-26 12:17:00,2026-08-26,12:17:00,343.8500061035156,344.1600036621094,343.82000732421875,344.07000732421875,32270
2026-08-26 12:18:00,2026-08-26,12:18:00,344.2749938964844,344.2749938964844,344.05999755859375,344.2749938964844,40135
2026-08-26 12:19:00,2026-08-26,12:19:00,344.239990234375,344.42999267578125,344.20001220703125,344.38720703125,45892
2026-08-26 12:20:00,2026-08-26,12:20:00,344.364990234375,344.4100036621094,344.1200866699219,344.243408203125,22953
2026-08-26 12:21:00,2026-08-26,12:21:00,344.2449951171875,344.2699890136719,343.8999938964844,344.114990234375,33298
2026-08-26 12:22:00,2026-08-26,12:22:00,344.114990234375,344.2099914550781,344.0,344.0899963378906,27703
2026-08-26 12:23:00,2026-08-26,12:23:00,344.1099853515625,344.20001220703125,343.6000061035156,343.7900085449219,48390
2026-08-26 12:24:00,2026-08-26,12:24:00,343.8599853515625,343.8900146484375,343.7099914550781,343.8599853515625,31475
2026-08-26 12:25:00,2026-08-26,12:25:00,343.8800048828125,344.0150146484375,343.8299865722656,344.0150146484375,24174
2026-08-26 12:26:00,2026-08-26,12:26:00,343.989990234375,344.0299987792969,343.510009765625,343.7550048828125,35806
2026-08-26 12:27:00,2026-08-26,12:27:00,343.7799987792969,343.8999938964844,343.7001037597656,343.7699890136719,17930
2026-08-26 12:28:00,2026-08-26,12:28:00,343.760009765625,344.04998779296875,343.6000061035156,344.04998779296875,24549
2026-08-26 12:29:00,2026-08-26,12:29:00,344.0450134277344,344.1799011230469,344.0199890136719,344.07501220703125,35993
2026-08-26 12:30:00,2026-08-26,12:30:00,344.0600891113281,344.2699890136719,344.0600891113281,344.17510986328125,30919
2026-08-26 12:31:00,2026-08-26,12:31:00,344.1400146484375,344.6000061035156,344.1400146484375,344.51470947265625,62991
2026-08-26 12:32:00,2026-08-26,12:32:00,344.5,344.79998779296875,344.5,344.7998962402344,50998
2026-08-26 12:33:00,2026-08-26,12:33:00,344.7410888671875,344.8900146484375,344.70001220703125,344.8399963378906,43993
2026-08-26 12:34:00,2026-08-26,12:34:00,344.8399963378906,344.8599853515625,344.6099853515625,344.7786865234375,34095
2026-08-26 12:35:00,2026-08-26,12:35:00,344.7900085449219,344.9700012207031,344.6000061035156,344.94000244140625,57645
2026-08-26 12:36:00,2026-08-26,12:36:00,344.94000244140625,345.0,344.239990234375,344.40350341796875,65950
2026-08-26 12:37:00,2026-08-26,12:37:00,344.3949890136719,344.7300109863281,344.3299865722656,344.44000244140625,36513
2026-08-26 12:38:00,2026-08-26,12:38:00,344.4750061035156,344.5199890136719,344.2001037597656,344.4100036621094,32735
2026-08-26 12:39:00,2026-08-26,12:39:00,344.42498779296875,344.69000244140625,344.2200012207031,344.260009765625,36444
2026-08-26 12:40:00,2026-08-26,12:40:00,344.32000732421875,344.3599853515625,343.9800109863281,344.1499938964844,56835
2026-08-26 12:41:00,2026-08-26,12:41:00,344.3450012207031,344.3699035644531,344.05999755859375,344.3450012207031,21886
2026-08-26 12:42:00,2026-08-26,12:42:00,344.3299865722656,344.4100036621094,344.20001220703125,344.3900146484375,22488
2026-08-26 12:43:00,2026-08-26,12:43:00,344.3900146484375,344.4100036621094,344.1900939941406,344.3599853515625,15983
2026-08-26 12:44:00,2026-08-26,12:44:00,344.3699951171875,344.6400146484375,344.29998779296875,344.614990234375,23676
2026-08-26 12:45:00,2026-08-26,12:45:00,344.6000061035156,344.70001220703125,344.5198974609375,344.5899963378906,29936
2026-08-26 12:46:00,2026-08-26,12:46:00,344.5899963378906,344.8399963378906,344.5899963378906,344.7900085449219,37247
2026-08-26 12:47:00,2026-08-26,12:47:00,344.79010009765625,345.04998779296875,344.77960205078125,345.0,56859
2026-08-26 12:48:00,2026-08-26,12:48:00,344.9750061035156,345.05999755859375,344.5199890136719,344.5350036621094,53474
2026-08-26 12:49:00,2026-08-26,12:49:00,344.55950927734375,344.7699890136719,344.5,344.7699890136719,47985
2026-08-26 12:50:00,2026-08-26,12:50:00,344.7699890136719,344.95001220703125,344.6044006347656,344.885009765625,33466
2026-08-26 12:51:00,2026-08-26,12:51:00,344.8699951171875,344.95989990234375,344.70550537109375,344.7200012207031,31676
2026-08-26 12:52:00,2026-08-26,12:52:00,344.69000244140625,344.7063903808594,344.44000244140625,344.6199951171875,65805
2026-08-26 12:53:00,2026-08-26,12:53:00,344.60150146484375,344.67999267578125,344.4849853515625,344.4849853515625,23014
2026-08-26 12:54:00,2026-08-26,12:54:00,344.4849853515625,344.69000244140625,344.4800109863281,344.68890380859375,36002
2026-08-26 12:55:00,2026-08-26,12:55:00,344.6300048828125,344.7300109863281,344.5799865722656,344.625,19594
2026-08-26 12:56:00,2026-08-26,12:56:00,344.6499938964844,344.8800048828125,344.6199951171875,344.8599853515625,40919
2026-08-26 12:57:00,2026-08-26,12:57:00,344.8900146484375,345.29998779296875,344.840087890625,345.1600036621094,71623
2026-08-26 12:58:00,2026-08-26,12:58:00,345.1400146484375,345.239990234375,345.0899963378906,345.17999267578125,35431
2026-08-26 12:59:00,2026-08-26,12:59:00,345.20001220703125,345.239990234375,344.9599914550781,345.0899963378906,30495
2026-08-26 13:00:00,2026-08-26,13:00:00,345.1000061035156,345.54998779296875,345.05999755859375,345.5212097167969,81917
2026-08-26 13:01:00,2026-08-26,13:01:00,345.4700012207031,345.510009765625,345.25,345.44000244140625,46535
2026-08-26 13:02:00,2026-08-26,13:02:00,345.4200134277344,345.45989990234375,345.2315979003906,345.3399963378906,34808
2026-08-26 13:03:00,2026-08-26,13:03:00,345.3399963378906,345.3399963378906,345.1000061035156,345.2300109863281,28092
2026-08-26 13:04:00,2026-08-26,13:04:00,345.2799987792969,345.389892578125,345.2099914550781,345.2900085449219,28327
2026-08-26 13:05:00,2026-08-26,13:05:00,345.2900085449219,345.3699951171875,345.110107421875,345.2401123046875,22442
2026-08-26 13:06:00,2026-08-26,13:06:00,345.3035888671875,345.5299987792969,345.2300109863281,345.5050048828125,29116
2026-08-26 13:07:00,2026-08-26,13:07:00,345.5199890136719,345.8699951171875,345.4700012207031,345.8599853515625,81863
2026-08-26 13:08:00,2026-08-26,13:08:00,345.8349914550781,345.9100036621094,345.6700134277344,345.6700134277344,58882
2026-08-26 13:09:00,2026-08-26,13:09:00,345.6600036621094,345.8500061035156,345.4599914550781,345.489990234375,53745
2026-08-26 13:10:00,2026-08-26,13:10:00,345.489990234375,345.54998779296875,345.05999755859375,345.19000244140625,51460
2026-08-26 13:11:00,2026-08-26,13:11:00,345.1400146484375,345.29998779296875,345.0799865722656,345.2200012207031,26582
2026-08-26 13:12:00,2026-08-26,13:12:00,345.2349853515625,345.2998962402344,344.739990234375,344.9200134277344,60173
2026-08-26 13:13:00,2026-08-26,13:13:00,344.9049987792969,345.0,344.8367004394531,344.92999267578125,21500
2026-08-26 13:14:00,2026-08-26,13:14:00,345.0,345.19000244140625,344.94049072265625,345.1000061035156,51231
2026-08-26 13:15:00,2026-08-26,13:15:00,345.0820007324219,345.3699951171875,345.0820007324219,345.1900939941406,52804
2026-08-26 13:16:00,2026-08-26,13:16:00,345.2449951171875,345.56500244140625,345.2099914550781,345.5150146484375,35171
2026-08-26 13:17:00,2026-08-26,13:17:00,345.5400085449219,345.54998779296875,345.3699951171875,345.4399108886719,27614
2026-08-26 13:18:00,2026-08-26,13:18:00,345.44000244140625,345.6499938964844,345.3500061035156,345.5679931640625,43479
2026-08-26 13:19:00,2026-08-26,13:19:00,345.5400085449219,345.79998779296875,345.510009765625,345.7449951171875,51615
2026-08-26 13:20:00,2026-08-26,13:20:00,345.739990234375,346.45989990234375,345.69000244140625,346.4573059082031,92874
2026-08-26 13:21:00,2026-08-26,13:21:00,346.4599914550781,346.70001220703125,346.3399963378906,346.6300048828125,80277
2026-08-26 13:22:00,2026-08-26,13:22:00,346.610107421875,346.82000732421875,346.5899963378906,346.68499755859375,96072
2026-08-26 13:23:00,2026-08-26,13:23:00,346.7099914550781,346.8399963378906,346.3912048339844,346.79998779296875,80802
2026-08-26 13:24:00,2026-08-26,13:24:00,346.80499267578125,346.80999755859375,346.510009765625,346.5450134277344,53657
2026-08-26 13:25:00,2026-08-26,13:25:00,346.489990234375,346.6300048828125,346.260009765625,346.30999755859375,70748
2026-08-26 13:26:00,2026-08-26,13:26:00,346.30499267578125,346.6199035644531,346.0400085449219,346.5799865722656,80187
2026-08-26 13:27:00,2026-08-26,13:27:00,346.6299133300781,346.7300109863281,346.4599914550781,346.67999267578125,53356
2026-08-26 13:28:00,2026-08-26,13:28:00,346.7300109863281,346.82000732421875,346.4599914550781,346.82000732421875,60800
2026-08-26 13:29:00,2026-08-26,13:29:00,346.7749938964844,346.8800048828125,346.7300109863281,346.7900085449219,43713
2026-08-26 13:30:00,2026-08-26,13:30:00,346.7900085449219,346.92999267578125,346.5,346.5899963378906,53254
2026-08-26 13:31:00,2026-08-26,13:31:00,346.5899963378906,346.79998779296875,346.54010009765625,346.75,35133
2026-08-26 13:32:00,2026-08-26,13:32:00,346.75,346.75,346.510009765625,346.59979248046875,25528
2026-08-26 13:33:00,2026-08-26,13:33:00,346.614013671875,346.69000244140625,346.510009765625,346.614990234375,31382
2026-08-26 13:34:00,2026-08-26,13:34:00,346.55999755859375,346.70989990234375,346.5400085449219,346.6549987792969,32688
2026-08-26 13:35:00,2026-08-26,13:35:00,346.64678955078125,346.69000244140625,346.3699951171875,346.57501220703125,47112
2026-08-26 13:36:00,2026-08-26,13:36:00,346.57501220703125,346.6300048828125,346.4100036621094,346.55499267578125,28771
2026-08-26 13:37:00,2026-08-26,13:37:00,346.55499267578125,346.760009765625,346.4400939941406,346.5350036621094,32373
2026-08-26 13:38:00,2026-08-26,13:38:00,346.58990478515625,346.69000244140625,346.5400085449219,346.6600036621094,18250
2026-08-26 13:39:00,2026-08-26,13:39:00,346.6400146484375,346.6600036621094,346.4801025390625,346.5299987792969,22003
2026-08-26 13:40:00,2026-08-26,13:40:00,346.5199890136719,346.7699890136719,346.489990234375,346.7699890136719,39368
2026-08-26 13:41:00,2026-08-26,13:41:00,346.75,346.82000732421875,346.6600036621094,346.81500244140625,39842
2026-08-26 13:42:00,2026-08-26,13:42:00,346.81500244140625,346.8500061035156,346.489990234375,346.6401062011719,35336
2026-08-26 13:43:00,2026-08-26,13:43:00,346.6549987792969,346.7900085449219,346.6099853515625,346.7799987792969,14758
2026-08-26 13:44:00,2026-08-26,13:44:00,346.7300109863281,346.8299865722656,346.6400146484375,346.67999267578125,41760
2026-08-26 13:45:00,2026-08-26,13:45:00,346.42999267578125,346.7200012207031,346.4110107421875,346.42999267578125,25583
2026-08-26 13:46:00,2026-08-26,13:46:00,346.42999267578125,346.82000732421875,346.42999267578125,346.5400085449219,35579
2026-08-26 13:47:00,2026-08-26,13:47:00,346.55999755859375,346.55999755859375,346.2699890136719,346.4549865722656,34906
2026-08-26 13:48:00,2026-08-26,13:48:00,346.45709228515625,346.4649963378906,346.2099914550781,346.31500244140625,31566
2026-08-26 13:49:00,2026-08-26,13:49:00,346.31500244140625,346.44000244140625,346.1600036621094,346.20001220703125,25932
2026-08-26 13:50:00,2026-08-26,13:50:00,346.1600036621094,346.7099914550781,346.1600036621094,346.6400146484375,49547
2026-08-26 13:51:00,2026-08-26,13:51:00,346.5899963378906,346.5899963378906,346.3500061035156,346.3999938964844,25072
2026-08-26 13:52:00,2026-08-26,13:52:00,346.3800048828125,346.7699890136719,346.30999755859375,346.6607971191406,30920
2026-08-26 13:53:00,2026-08-26,13:53:00,346.7099914550781,346.7799987792969,346.5299987792969,346.70001220703125,15955
2026-08-26 13:54:00,2026-08-26,13:54:00,346.75,346.79998779296875,346.5799865722656,346.6534118652344,25360
2026-08-26 13:55:00,2026-08-26,13:55:00,346.6400146484375,346.8500061035156,346.6099853515625,346.70001220703125,27814
2026-08-26 13:56:00,2026-08-26,13:56:00,346.69000244140625,346.75,346.55999755859375,346.5950012207031,13631
2026-08-26 13:57:00,2026-08-26,13:57:00,346.5950012207031,346.70001220703125,346.50250244140625,346.70001220703125,17999
2026-08-26 13:58:00,2026-08-26,13:58:00,346.69500732421875,346.69500732421875,346.510009765625,346.57000732421875,17956
2026-08-26 13:59:00,2026-08-26,13:59:00,346.5899963378906,346.739990234375,346.5199890136719,346.6199951171875,27118
2026-08-26 14:00:00,2026-08-26,14:00:00,346.614990234375,346.70001220703125,346.5400085449219,346.5899963378906,15401
2026-08-26 14:01:00,2026-08-26,14:01:00,346.6199951171875,346.625,346.3800048828125,346.4599914550781,24476
2026-08-26 14:02:00,2026-08-26,14:02:00,346.42999267578125,346.55999755859375,346.3699951171875,346.4320983886719,24054
2026-08-26 14:03:00,2026-08-26,14:03:00,346.44000244140625,346.44000244140625,346.0010070800781,346.07501220703125,34227
2026-08-26 14:04:00,2026-08-26,14:04:00,346.07501220703125,346.1499938964844,345.7799987792969,345.80499267578125,54072
2026-08-26 14:05:00,2026-08-26,14:05:00,345.80999755859375,345.9800109863281,345.7799987792969,345.7879943847656,40694
2026-08-26 14:06:00,2026-08-26,14:06:00,345.80499267578125,345.92999267578125,345.6000061035156,345.8500061035156,70688
2026-08-26 14:07:00,2026-08-26,14:07:00,345.8949890136719,346.0090026855469,345.8500061035156,345.8500061035156,30808
2026-08-26 14:08:00,2026-08-26,14:08:00,345.8500061035156,345.8599853515625,345.489990234375,345.6171875,43976
2026-08-26 14:09:00,2026-08-26,14:09:00,345.6000061035156,345.7099914550781,345.4800109863281,345.5199890136719,38743
2026-08-26 14:10:00,2026-08-26,14:10:00,345.5299987792969,345.7699890136719,345.4800109863281,345.4800109863281,35780
2026-08-26 14:11:00,2026-08-26,14:11:00,345.4700012207031,345.4858093261719,345.20001220703125,345.2770080566406,59096
2026-08-26 14:12:00,2026-08-26,14:12:00,345.30999755859375,345.31500244140625,344.82000732421875,344.9800109863281,82186
2026-08-26 14:13:00,2026-08-26,14:13:00,344.9501037597656,344.9800109863281,344.6600036621094,344.7049865722656,48318
2026-08-26 14:14:00,2026-08-26,14:14:00,344.7200012207031,344.7200012207031,344.5,344.6499938964844,55356
2026-08-26 14:15:00,2026-08-26,14:15:00,344.6585998535156,344.8912048339844,344.44061279296875,344.840087890625,82124
2026-08-26 14:16:00,2026-08-26,14:16:00,344.82000732421875,345.2900085449219,344.6700134277344,344.79998779296875,80752
2026-08-26 14:17:00,2026-08-26,14:17:00,344.7900085449219,345.1199951171875,344.739990234375,345.07501220703125,39505
2026-08-26 14:18:00,2026-08-26,14:18:00,345.0799865722656,345.1300048828125,344.92999267578125,345.0342102050781,46329
2026-08-26 14:19:00,2026-08-26,14:19:00,345.0419921875,345.1300048828125,344.9200134277344,344.9981994628906,37863
2026-08-26 14:20:00,2026-08-26,14:20:00,344.9649963378906,345.2300109863281,344.92999267578125,345.2149963378906,40969
2026-08-26 14:21:00,2026-08-26,14:21:00,345.2200012207031,345.2900085449219,345.0199890136719,345.0199890136719,46948
2026-08-26 14:22:00,2026-08-26,14:22:00,345.05999755859375,345.1600036621094,345.0199890136719,345.1099853515625,32270
2026-08-26 14:23:00,2026-08-26,14:23:00,345.0899963378906,345.0899963378906,344.9400939941406,345.0299072265625,28553
2026-08-26 14:24:00,2026-08-26,14:24:00,345.0150146484375,345.0400085449219,344.65008544921875,344.7298889160156,52790
2026-08-26 14:25:00,2026-08-26,14:25:00,344.7099914550781,344.8999938964844,344.6600036621094,344.82501220703125,36659
2026-08-26 14:26:00,2026-08-26,14:26:00,344.80999755859375,344.8612976074219,344.70001220703125,344.7250061035156,21869
2026-08-26 14:27:00,2026-08-26,14:27:00,344.7250061035156,344.9844055175781,344.70001220703125,344.94000244140625,27046
2026-08-26 14:28:00,2026-08-26,14:28:00,344.9649963378906,344.9884033203125,344.7799987792969,344.8949890136719,43265
2026-08-26 14:29:00,2026-08-26,14:29:00,344.8900146484375,345.010009765625,344.70050048828125,344.818115234375,43603
2026-08-26 14:30:00,2026-08-26,14:30:00,344.8009033203125,344.989990234375,344.7850036621094,344.89990234375,27781
2026-08-26 14:31:00,2026-08-26,14:31:00,344.8699951171875,344.92999267578125,344.75,344.9100036621094,22994
2026-08-26 14:32:00,2026-08-26,14:32:00,344.92999267578125,345.4100036621094,344.8999938964844,345.32000732421875,54499
2026-08-26 14:33:00,2026-08-26,14:33:00,345.3399963378906,345.79998779296875,345.3299865722656,345.7101135253906,60640
2026-08-26 14:34:00,2026-08-26,14:34:00,345.739990234375,345.8699951171875,345.5799865722656,345.739990234375,66324
2026-08-26 14:35:00,2026-08-26,14:35:00,345.7799987792969,345.7900085449219,345.7099914550781,345.7349853515625,26656
2026-08-26 14:36:00,2026-08-26,14:36:00,345.7200012207031,345.75,345.6000061035156,345.67999267578125,39940
2026-08-26 14:37:00,2026-08-26,14:37:00,345.69000244140625,345.6919860839844,345.3399963378906,345.5,37936
2026-08-26 14:38:00,2026-08-26,14:38:00,345.5400085449219,345.6600036621094,345.5400085449219,345.6400146484375,28099
2026-08-26 14:39:00,2026-08-26,14:39:00,345.6050109863281,345.6499938964844,345.5199890136719,345.5899963378906,14988
2026-08-26 14:40:00,2026-08-26,14:40:00,345.6499938964844,345.6700134277344,345.4700012207031,345.5299987792969,21700
2026-08-26 14:41:00,2026-08-26,14:41:00,345.5299987792969,345.6199951171875,345.5199890136719,345.5400085449219,29727
2026-08-26 14:42:00,2026-08-26,14:42:00,345.5902099609375,345.8999938964844,345.54998779296875,345.8800048828125,39585
2026-08-26 14:43:00,2026-08-26,14:43:00,345.8800048828125,345.9100036621094,345.625,345.6300048828125,35955
2026-08-26 14:44:00,2026-08-26,14:44:00,345.6300048828125,345.7950134277344,345.58599853515625,345.7049865722656,23075
2026-08-26 14:45:00,2026-08-26,14:45:00,345.7049865722656,345.8620910644531,345.5950012207031,345.82000732421875,18385
2026-08-26 14:46:00,2026-08-26,14:46:00,345.8500061035156,346.04998779296875,345.7099914550781,346.04998779296875,38761
2026-08-26 14:47:00,2026-08-26,14:47:00,346.0249938964844,346.19000244140625,345.8999938964844,346.1400146484375,44964
2026-08-26 14:48:00,2026-08-26,14:48:00,346.1400146484375,346.17999267578125,346.0,346.0350036621094,30670
2026-08-26 14:49:00,2026-08-26,14:49:00,346.05999755859375,346.20001220703125,346.0400085449219,346.135009765625,19133
2026-08-26 14:50:00,2026-08-26,14:50:00,346.135009765625,346.2500915527344,345.9800109863281,346.0350036621094,38396
2026-08-26 14:51:00,2026-08-26,14:51:00,346.04998779296875,346.139892578125,345.8999938964844,345.9599914550781,29404
2026-08-26 14:52:00,2026-08-26,14:52:00,345.9700012207031,346.19000244140625,345.9599914550781,346.1600036621094,31733
2026-08-26 14:53:00,2026-08-26,14:53:00,346.15020751953125,346.3599853515625,346.10009765625,346.3299865722656,46519
2026-08-26 14:54:00,2026-08-26,14:54:00,346.32501220703125,346.3399963378906,346.2200927734375,346.29998779296875,32869
2026-08-26 14:55:00,2026-08-26,14:55:00,346.30499267578125,346.3599853515625,346.17999267578125,346.30499267578125,135760
2026-08-26 14:56:00,2026-08-26,14:56:00,346.30999755859375,346.4100036621094,346.2099914550781,346.3399963378906,27789
2026-08-26 14:57:00,2026-08-26,14:57:00,346.293701171875,346.32000732421875,346.2200012207031,346.239990234375,24575
2026-08-26 14:58:00,2026-08-26,14:58:00,346.2550048828125,346.32000732421875,346.2099914550781,346.2349853515625,31323
2026-08-26 14:59:00,2026-08-26,14:59:00,346.2349853515625,346.2349853515625,346.0199890136719,346.1370849609375,46137
2026-08-26 15:00:00,2026-08-26,15:00:00,346.114990234375,346.82000732421875,346.0799865722656,346.79669189453125,65408
2026-08-26 15:01:00,2026-08-26,15:01:00,346.7799987792969,346.906494140625,346.6000061035156,346.67999267578125,51633
2026-08-26 15:02:00,2026-08-26,15:02:00,346.7300109863281,347.239990234375,346.67999267578125,347.20001220703125,94796
2026-08-26 15:03:00,2026-08-26,15:03:00,347.1940002441406,347.3399963378906,347.1300048828125,347.25,70487
2026-08-26 15:04:00,2026-08-26,15:04:00,347.2222900390625,347.4200134277344,347.0199890136719,347.3599853515625,55464
2026-08-26 15:05:00,2026-08-26,15:05:00,347.4198913574219,347.44000244140625,347.05999755859375,347.2200012207031,54019
2026-08-26 15:06:00,2026-08-26,15:06:00,347.19500732421875,347.3482971191406,347.1600036621094,347.2803039550781,36356
2026-08-26 15:07:00,2026-08-26,15:07:00,347.29998779296875,347.29998779296875,346.95001220703125,347.110107421875,54510
2026-08-26 15:08:00,2026-08-26,15:08:00,347.135009765625,347.1698913574219,346.8699951171875,347.05499267578125,41154
2026-08-26 15:09:00,2026-08-26,15:09:00,347.05999755859375,347.1199951171875,346.7900085449219,346.8550109863281,29589
2026-08-26 15:10:00,2026-08-26,15:10:00,346.8699951171875,346.92999267578125,346.77099609375,346.8949890136719,26535
2026-08-26 15:11:00,2026-08-26,15:11:00,346.9198913574219,346.92999267578125,346.55999755859375,346.573486328125,47425
2026-08-26 15:12:00,2026-08-26,15:12:00,346.5849914550781,346.6600036621094,346.260009765625,346.4150085449219,65556
2026-08-26 15:13:00,2026-08-26,15:13:00,346.42498779296875,346.44500732421875,346.0199890136719,346.0199890136719,40152
2026-08-26 15:14:00,2026-08-26,15:14:00,346.04620361328125,346.04620361328125,345.6300048828125,345.8550109863281,84944
2026-08-26 15:15:00,2026-08-26,15:15:00,345.8900146484375,346.1400146484375,345.82000732421875,345.989990234375,77956
2026-08-26 15:16:00,2026-08-26,15:16:00,345.9601135253906,346.0429992675781,345.5,345.56500244140625,82179
2026-08-26 15:17:00,2026-08-26,15:17:00,345.6000061035156,345.6700134277344,345.4100036621094,345.5950012207031,46846
2026-08-26 15:18:00,2026-08-26,15:18:00,345.55999755859375,345.67999267578125,345.4014892578125,345.42999267578125,39312
2026-08-26 15:19:00,2026-08-26,15:19:00,345.42999267578125,345.57000732421875,345.29010009765625,345.510009765625,57398
2026-08-26 15:20:00,2026-08-26,15:20:00,345.510009765625,345.55999755859375,345.110107421875,345.1400146484375,63966
2026-08-26 15:21:00,2026-08-26,15:21:00,345.1199951171875,345.4200134277344,345.1099853515625,345.2650146484375,50564
2026-08-26 15:22:00,2026-08-26,15:22:00,345.2200012207031,345.2799987792969,345.1400146484375,345.1600036621094,60242
2026-08-26 15:23:00,2026-08-26,15:23:00,345.18499755859375,345.25,344.9599914550781,345.25,79047
2026-08-26 15:24:00,2026-08-26,15:24:00,345.260009765625,345.3299865722656,345.010009765625,345.0899963378906,50874
2026-08-26 15:25:00,2026-08-26,15:25:00,345.07000732421875,345.32000732421875,345.0509948730469,345.239990234375,46535
2026-08-26 15:26:00,2026-08-26,15:26:00,345.239990234375,345.42999267578125,345.17999267578125,345.33990478515625,58574
2026-08-26 15:27:00,2026-08-26,15:27:00,345.44830322265625,345.4700012207031,345.28009033203125,345.44830322265625,60316
2026-08-26 15:28:00,2026-08-26,15:28:00,345.4100036621094,345.5899963378906,345.260009765625,345.5379943847656,81257
2026-08-26 15:29:00,2026-08-26,15:29:00,345.54998779296875,345.83990478515625,345.5299987792969,345.6200866699219,74877
2026-08-26 15:30:00,2026-08-26,15:30:00,345.6600036621094,345.95001220703125,345.57000732421875,345.9150085449219,68534
2026-08-26 15:31:00,2026-08-26,15:31:00,345.95001220703125,346.2395935058594,345.85089111328125,346.2200012207031,82324
2026-08-26 15:32:00,2026-08-26,15:32:00,346.2300109863281,346.4537048339844,346.1499938964844,346.30999755859375,83480
2026-08-26 15:33:00,2026-08-26,15:33:00,346.2401123046875,346.44000244140625,346.2250061035156,346.385009765625,52112
2026-08-26 15:34:00,2026-08-26,15:34:00,346.3800048828125,346.54998779296875,346.239990234375,346.54998779296875,63396
2026-08-26 15:35:00,2026-08-26,15:35:00,346.54998779296875,346.6199951171875,346.40008544921875,346.4252014160156,68204
2026-08-26 15:36:00,2026-08-26,15:36:00,346.45001220703125,346.45001220703125,346.0000915527344,346.1600036621094,76505
2026-08-26 15:37:00,2026-08-26,15:37:00,346.1449890136719,346.1600036621094,346.0000915527344,346.1000061035156,51633
2026-08-26 15:38:00,2026-08-26,15:38:00,346.0799865722656,346.17999267578125,345.9258117675781,345.989990234375,56461
2026-08-26 15:39:00,2026-08-26,15:39:00,346.0,346.07000732421875,345.6499938964844,345.7049865722656,50487
2026-08-26 15:40:00,2026-08-26,15:40:00,345.7200012207031,345.7300109863281,345.3399963378906,345.43499755859375,64964
2026-08-26 15:41:00,2026-08-26,15:41:00,345.41009521484375,345.4419860839844,345.25,345.4150085449219,37271
2026-08-26 15:42:00,2026-08-26,15:42:00,345.4150085449219,345.70001220703125,345.3900146484375,345.6400146484375,35860
2026-08-26 15:43:00,2026-08-26,15:43:00,345.6445007324219,345.8299865722656,345.6000061035156,345.6300048828125,41483
2026-08-26 15:44:00,2026-08-26,15:44:00,345.6199951171875,346.0094909667969,345.5799865722656,345.9700927734375,37796
2026-08-26 15:45:00,2026-08-26,15:45:00,345.989990234375,346.3599853515625,345.93499755859375,346.32501220703125,61188
2026-08-26 15:46:00,2026-08-26,15:46:00,346.3299865722656,346.57000732421875,346.2900085449219,346.42498779296875,51001
2026-08-26 15:47:00,2026-08-26,15:47:00,346.3900146484375,346.5299987792969,346.32000732421875,346.4200134277344,55930
2026-08-26 15:48:00,2026-08-26,15:48:00,346.3800048828125,346.55999755859375,346.3299865722656,346.5249938964844,43440
2026-08-26 15:49:00,2026-08-26,15:49:00,346.5111083984375,346.6400146484375,346.510009765625,346.6199951171875,38277
2026-08-26 15:50:00,2026-08-26,15:50:00,346.6600036621094,346.8699951171875,346.30999755859375,346.3800048828125,96184
2026-08-26 15:51:00,2026-08-26,15:51:00,346.364990234375,346.6400146484375,346.2300109863281,346.5199890136719,64388
2026-08-26 15:52:00,2026-08-26,15:52:00,346.5050048828125,346.5799865722656,346.3699951171875,346.4049987792969,66159
2026-08-26 15:53:00,2026-08-26,15:53:00,346.3999938964844,346.3999938964844,345.9501037597656,346.0050048828125,70989
2026-08-26 15:54:00,2026-08-26,15:54:00,346.0050048828125,346.4100036621094,345.75,346.0398864746094,105154
2026-08-26 15:55:00,2026-08-26,15:55:00,346.031005859375,346.1000061035156,345.54998779296875,346.0840148925781,95453
2026-08-26 15:56:00,2026-08-26,15:56:00,346.07000732421875,346.3500061035156,345.9200134277344,345.9649963378906,79111
2026-08-26 15:57:00,2026-08-26,15:57:00,345.95001220703125,346.1199951171875,345.8699951171875,345.9100036621094,89526
2026-08-26 15:58:00,2026-08-26,15:58:00,345.9100036621094,345.94000244140625,345.8299865722656,345.8900146484375,102103
2026-08-26 15:59:00,2026-08-26,15:59:00,345.8900146484375,345.8900146484375,345.510009765625,345.8800048828125,280399
